{
"id": 109,
"name": "Koffing",
"exp_type": "MEDIUM_FAST",
"obtainable": true,
"gender_ratio": 127,
"height": 6,
"weight": 10,
"egg_groups": [
	"chaos"
],
"abilities": [
	{
		"id": 26,
		"name": "Levitate"
	},
	{
		"id": 548,
		"name": "Reactive Gas"
	},
	{
		"id": 1,
		"name": "Stench"
	}
],
"forms": [
	{
		"form_id": 0,
		"id": 109,
		"name": "Koffing"
	}
],
"evolutions": [
	{
		"id": 110,
		"name": "Weezing",
		"type": "LEVEL",
		"val": 35
	}
],
"moves": [
	{
		"id": 33,
		"name": "Tackle",
		"type": "level",
		"level": 1
	},
	{
		"id": 139,
		"name": "Poison Gas",
		"type": "level",
		"level": 1
	},
	{
		"id": 123,
		"name": "Smog",
		"type": "level",
		"level": 4
	},
	{
		"id": 108,
		"name": "SmokeScreen",
		"type": "level",
		"level": 8
	},
	{
		"id": 499,
		"name": "Clear Smog",
		"type": "level",
		"level": 12
	},
	{
		"id": 372,
		"name": "Assurance",
		"type": "level",
		"level": 16
	},
	{
		"id": 124,
		"name": "Sludge",
		"type": "level",
		"level": 18
	},
	{
		"id": 114,
		"name": "Haze",
		"type": "level",
		"level": 24
	},
	{
		"id": 120,
		"name": "Selfdestruct",
		"type": "level",
		"level": 24
	},
	{
		"id": 360,
		"name": "Gyro Ball",
		"type": "level",
		"level": 29
	},
	{
		"id": 92,
		"name": "Toxic",
		"type": "level",
		"level": 30
	},
	{
		"id": 188,
		"name": "Sludge Bomb",
		"type": "level",
		"level": 32
	},
	{
		"id": 153,
		"name": "Explosion",
		"type": "level",
		"level": 44
	},
	{
		"id": 262,
		"name": "Memento",
		"type": "level",
		"level": 48
	},
	{
		"id": 194,
		"name": "Destiny Bond",
		"type": "level",
		"level": 52
	},
	{
		"id": 288,
		"name": "Grudge",
		"type": "egg_moves"
	},
	{
		"id": 256,
		"name": "Swallow",
		"type": "egg_moves"
	},
	{
		"id": 255,
		"name": "Spit Up",
		"type": "egg_moves"
	},
	{
		"id": 254,
		"name": "Stockpile",
		"type": "egg_moves"
	},
	{
		"id": 220,
		"name": "Pain Split",
		"type": "move_tutor"
	},
	{
		"id": 173,
		"name": "Snore",
		"type": "move_tutor"
	},
	{
		"id": 51,
		"name": "Acid",
		"type": "special_moves"
	},
	{
		"id": 126,
		"name": "Fire Blast",
		"type": "move_learner_tools"
	},
	{
		"id": 253,
		"name": "Uproar",
		"type": "move_learner_tools"
	},
	{
		"id": 269,
		"name": "Taunt",
		"type": "move_learner_tools"
	},
	{
		"id": 263,
		"name": "Facade",
		"type": "move_learner_tools"
	},
	{
		"id": 399,
		"name": "Dark Pulse",
		"type": "move_learner_tools"
	},
	{
		"id": 261,
		"name": "Will-O-Wisp",
		"type": "move_learner_tools"
	},
	{
		"id": 259,
		"name": "Torment",
		"type": "move_learner_tools"
	},
	{
		"id": 120,
		"name": "Selfdestruct",
		"type": "move_learner_tools"
	},
	{
		"id": 117,
		"name": "Bide",
		"type": "move_learner_tools"
	},
	{
		"id": 390,
		"name": "Toxic Spikes",
		"type": "move_learner_tools"
	},
	{
		"id": 153,
		"name": "Explosion",
		"type": "move_learner_tools"
	},
	{
		"id": 114,
		"name": "Haze",
		"type": "move_learner_tools"
	},
	{
		"id": 247,
		"name": "Shadow Ball",
		"type": "move_learner_tools"
	},
	{
		"id": 241,
		"name": "Sunny Day",
		"type": "move_learner_tools"
	},
	{
		"id": 240,
		"name": "Rain Dance",
		"type": "move_learner_tools"
	},
	{
		"id": 102,
		"name": "Mimic",
		"type": "move_learner_tools"
	},
	{
		"id": 34,
		"name": "Body Slam",
		"type": "move_learner_tools"
	},
	{
		"id": 237,
		"name": "Hidden Power",
		"type": "move_learner_tools"
	},
	{
		"id": 510,
		"name": "Incinerate",
		"type": "move_learner_tools"
	},
	{
		"id": 372,
		"name": "Assurance",
		"type": "move_learner_tools"
	},
	{
		"id": 371,
		"name": "Payback",
		"type": "move_learner_tools"
	},
	{
		"id": 104,
		"name": "Double Team",
		"type": "move_learner_tools"
	},
	{
		"id": 92,
		"name": "Toxic",
		"type": "move_learner_tools"
	},
	{
		"id": 363,
		"name": "Natural Gift",
		"type": "move_learner_tools"
	},
	{
		"id": 87,
		"name": "Thunder",
		"type": "move_learner_tools"
	},
	{
		"id": 360,
		"name": "Gyro Ball",
		"type": "move_learner_tools"
	},
	{
		"id": 496,
		"name": "Round",
		"type": "move_learner_tools"
	},
	{
		"id": 218,
		"name": "Frustration",
		"type": "move_learner_tools"
	},
	{
		"id": 491,
		"name": "Acid Spray",
		"type": "move_learner_tools"
	},
	{
		"id": 216,
		"name": "Return",
		"type": "move_learner_tools"
	},
	{
		"id": 351,
		"name": "Shock Wave",
		"type": "move_learner_tools"
	},
	{
		"id": 213,
		"name": "Attract",
		"type": "move_learner_tools"
	},
	{
		"id": 482,
		"name": "Sludge Wave",
		"type": "move_learner_tools"
	},
	{
		"id": 207,
		"name": "Swagger",
		"type": "move_learner_tools"
	},
	{
		"id": 205,
		"name": "Rollout",
		"type": "move_learner_tools"
	},
	{
		"id": 203,
		"name": "Endure",
		"type": "move_learner_tools"
	},
	{
		"id": 474,
		"name": "Venoshock",
		"type": "move_learner_tools"
	},
	{
		"id": 36,
		"name": "Take Down",
		"type": "move_learner_tools"
	},
	{
		"id": 60,
		"name": "Psybeam",
		"type": "move_learner_tools"
	},
	{
		"id": 192,
		"name": "Zap Cannon",
		"type": "move_learner_tools"
	},
	{
		"id": 214,
		"name": "Sleep Talk",
		"type": "move_learner_tools"
	},
	{
		"id": 53,
		"name": "Flamethrower",
		"type": "move_learner_tools"
	},
	{
		"id": 188,
		"name": "Sludge Bomb",
		"type": "move_learner_tools"
	},
	{
		"id": 85,
		"name": "Thunderbolt",
		"type": "move_learner_tools"
	},
	{
		"id": 184,
		"name": "Scary Face",
		"type": "move_learner_tools"
	},
	{
		"id": 182,
		"name": "Protect",
		"type": "move_learner_tools"
	},
	{
		"id": 180,
		"name": "Spite",
		"type": "move_learner_tools"
	},
	{
		"id": 174,
		"name": "Curse",
		"type": "move_learner_tools"
	},
	{
		"id": 99,
		"name": "Rage",
		"type": "move_learner_tools"
	},
	{
		"id": 445,
		"name": "Captivate",
		"type": "move_learner_tools"
	},
	{
		"id": 103,
		"name": "Screech",
		"type": "move_learner_tools"
	},
	{
		"id": 168,
		"name": "Thief",
		"type": "move_learner_tools"
	},
	{
		"id": 441,
		"name": "Gunk Shot",
		"type": "move_learner_tools"
	},
	{
		"id": 29,
		"name": "Headbutt",
		"type": "move_learner_tools"
	},
	{
		"id": 164,
		"name": "Substitute",
		"type": "move_learner_tools"
	},
	{
		"id": 156,
		"name": "Rest",
		"type": "move_learner_tools"
	},
	{
		"id": 290,
		"name": "Secret Power",
		"type": "move_learner_tools"
	},
	{
		"id": 149,
		"name": "Psywave",
		"type": "move_learner_tools"
	},
	{
		"id": 148,
		"name": "Flash",
		"type": "move_learner_tools"
	}
],
"types": [
	"POISON",
	"POISON"
],
"stats": {
	"hp": 40,
	"attack": 65,
	"defense": 95,
	"speed": 35,
	"sp_attack": 60,
	"sp_defense": 45
},
"yields": {
	"exp": 68,
	"ev_hp": 0,
	"ev_attack": 0,
	"ev_defense": 1,
	"ev_speed": 0,
	"ev_sp_attack": 0,
	"ev_sp_defense": 0
},
"tiers": [
	"Untiered"
],
"held_items": [
	{
		"id": 5228,
		"name": "Smoke Ball"
	}
],
"locations": [
	{
		"type": "Water",
		"region_id": 0,
		"region_name": "Kanto",
		"location": "CELADON CITY",
		"min_level": 30,
		"max_level": 35,
		"rarity": "Rare"
	},
	{
		"type": "Inside",
		"region_id": 0,
		"region_name": "Kanto",
		"location": "POKéMON MANSION",
		"min_level": 27,
		"max_level": 29,
		"rarity": "Horde"
	},
	{
		"type": "Inside",
		"region_id": 0,
		"region_name": "Kanto",
		"location": "POKéMON MANSION",
		"min_level": 28,
		"max_level": 30,
		"rarity": "Uncommon"
	},
	{
		"type": "Inside",
		"region_id": 0,
		"region_name": "Kanto",
		"location": "POWER PLANT",
		"min_level": 28,
		"max_level": 30,
		"rarity": "Uncommon"
	},
	{
		"type": "Cave",
		"region_id": 1,
		"region_name": "Hoenn",
		"location": "FIERY PATH",
		"min_level": 15,
		"max_level": 16,
		"rarity": "Uncommon"
	},
	{
		"type": "Cave",
		"region_id": 3,
		"region_name": "Sinnoh",
		"location": "Stark Mountain",
		"min_level": 53,
		"max_level": 53,
		"rarity": "Very Rare"
	},
	{
		"type": "Cave",
		"region_id": 4,
		"region_name": "Johto",
		"location": "Burned Tower",
		"min_level": 15,
		"max_level": 16,
		"rarity": "Horde"
	},
	{
		"type": "Cave",
		"region_id": 4,
		"region_name": "Johto",
		"location": "Burned Tower",
		"min_level": 19,
		"max_level": 20,
		"rarity": "Very Common"
	},
	{
		"type": "Cave",
		"region_id": 4,
		"region_name": "Johto",
		"location": "Safari Zone",
		"min_level": 28,
		"max_level": 31,
		"rarity": "Rare"
	}
]
}