{
"id": 112,
"name": "Rhydon",
"exp_type": "SLOW",
"obtainable": true,
"gender_ratio": 127,
"height": 19,
"weight": 1200,
"egg_groups": [
	"monster",
	"field"
],
"abilities": [
	{
		"id": 31,
		"name": "Lightningrod"
	},
	{
		"id": 69,
		"name": "Rock Head"
	},
	{
		"id": 120,
		"name": "Reckless"
	}
],
"forms": [
	{
		"form_id": 0,
		"id": 112,
		"name": "Rhydon"
	}
],
"evolutions": [
	{
		"id": 464,
		"name": "Rhyperior",
		"type": "TRADE_WITH_ITEM",
		"val": 5321,
		"item_name": "Protector"
	}
],
"moves": [
	{
		"id": 28,
		"name": "Sand-Attack",
		"type": "level",
		"level": 1
	},
	{
		"id": 30,
		"name": "Horn Attack",
		"type": "level",
		"level": 1
	},
	{
		"id": 31,
		"name": "Fury Attack",
		"type": "level",
		"level": 1
	},
	{
		"id": 32,
		"name": "Horn Drill",
		"type": "level",
		"level": 1
	},
	{
		"id": 33,
		"name": "Tackle",
		"type": "level",
		"level": 1
	},
	{
		"id": 39,
		"name": "Tail Whip",
		"type": "level",
		"level": 1
	},
	{
		"id": 184,
		"name": "Scary Face",
		"type": "level",
		"level": 1
	},
	{
		"id": 359,
		"name": "Hammer Arm",
		"type": "level",
		"level": 1
	},
	{
		"id": 479,
		"name": "Smack Down",
		"type": "level",
		"level": 1
	},
	{
		"id": 523,
		"name": "Bulldoze",
		"type": "level",
		"level": 1
	},
	{
		"id": 68,
		"name": "Counter",
		"type": "level",
		"level": 1
	},
	{
		"id": 242,
		"name": "Crunch",
		"type": "level",
		"level": 1
	},
	{
		"id": 31,
		"name": "Fury Attack",
		"type": "level",
		"level": 5
	},
	{
		"id": 249,
		"name": "Rock Smash",
		"type": "level",
		"level": 11
	},
	{
		"id": 23,
		"name": "Stomp",
		"type": "level",
		"level": 12
	},
	{
		"id": 479,
		"name": "Smack Down",
		"type": "level",
		"level": 13
	},
	{
		"id": 30,
		"name": "Horn Attack",
		"type": "level",
		"level": 15
	},
	{
		"id": 446,
		"name": "Stealth Rock",
		"type": "level",
		"level": 18
	},
	{
		"id": 88,
		"name": "Rock Throw",
		"type": "level",
		"level": 19
	},
	{
		"id": 184,
		"name": "Scary Face",
		"type": "level",
		"level": 20
	},
	{
		"id": 523,
		"name": "Bulldoze",
		"type": "level",
		"level": 21
	},
	{
		"id": 529,
		"name": "Drill Run",
		"type": "level",
		"level": 24
	},
	{
		"id": 498,
		"name": "Chip Away",
		"type": "level",
		"level": 25
	},
	{
		"id": 157,
		"name": "Rock Slide",
		"type": "level",
		"level": 25
	},
	{
		"id": 350,
		"name": "Rock Blast",
		"type": "level",
		"level": 30
	},
	{
		"id": 36,
		"name": "Take Down",
		"type": "level",
		"level": 31
	},
	{
		"id": 224,
		"name": "Megahorn",
		"type": "level",
		"level": 36
	},
	{
		"id": 359,
		"name": "Hammer Arm",
		"type": "level",
		"level": 42
	},
	{
		"id": 38,
		"name": "Double-Edge",
		"type": "level",
		"level": 43
	},
	{
		"id": 89,
		"name": "Earthquake",
		"type": "level",
		"level": 47
	},
	{
		"id": 416,
		"name": "Giga Impact",
		"type": "level",
		"level": 52
	},
	{
		"id": 444,
		"name": "Stone Edge",
		"type": "level",
		"level": 54
	},
	{
		"id": 43,
		"name": "Leer",
		"type": "level",
		"level": 55
	},
	{
		"id": 32,
		"name": "Horn Drill",
		"type": "level",
		"level": 67
	},
	{
		"id": 228,
		"name": "Pursuit",
		"type": "egg_moves"
	},
	{
		"id": 37,
		"name": "Thrash",
		"type": "egg_moves"
	},
	{
		"id": 246,
		"name": "AncientPower",
		"type": "move_tutor"
	},
	{
		"id": 335,
		"name": "Block",
		"type": "move_tutor"
	},
	{
		"id": 173,
		"name": "Snore",
		"type": "move_tutor"
	},
	{
		"id": 401,
		"name": "Aqua Tail",
		"type": "move_tutor"
	},
	{
		"id": 283,
		"name": "Endeavor",
		"type": "move_tutor"
	},
	{
		"id": 276,
		"name": "Superpower",
		"type": "move_learner_tools"
	},
	{
		"id": 270,
		"name": "Helping Hand",
		"type": "move_learner_tools"
	},
	{
		"id": 264,
		"name": "Focus Punch",
		"type": "move_learner_tools"
	},
	{
		"id": 263,
		"name": "Facade",
		"type": "move_learner_tools"
	},
	{
		"id": 535,
		"name": "Heat Crash",
		"type": "move_learner_tools"
	},
	{
		"id": 253,
		"name": "Uproar",
		"type": "move_learner_tools"
	},
	{
		"id": 529,
		"name": "Drill Run",
		"type": "move_learner_tools"
	},
	{
		"id": 250,
		"name": "Whirlpool",
		"type": "move_learner_tools"
	},
	{
		"id": 249,
		"name": "Rock Smash",
		"type": "move_learner_tools"
	},
	{
		"id": 525,
		"name": "Dragon Tail",
		"type": "move_learner_tools"
	},
	{
		"id": 523,
		"name": "Bulldoze",
		"type": "move_learner_tools"
	},
	{
		"id": 242,
		"name": "Crunch",
		"type": "move_learner_tools"
	},
	{
		"id": 241,
		"name": "Sunny Day",
		"type": "move_learner_tools"
	},
	{
		"id": 240,
		"name": "Rain Dance",
		"type": "move_learner_tools"
	},
	{
		"id": 237,
		"name": "Hidden Power",
		"type": "move_learner_tools"
	},
	{
		"id": 510,
		"name": "Incinerate",
		"type": "move_learner_tools"
	},
	{
		"id": 231,
		"name": "Iron Tail",
		"type": "move_learner_tools"
	},
	{
		"id": 224,
		"name": "Megahorn",
		"type": "move_learner_tools"
	},
	{
		"id": 223,
		"name": "DynamicPunch",
		"type": "move_learner_tools"
	},
	{
		"id": 496,
		"name": "Round",
		"type": "move_learner_tools"
	},
	{
		"id": 218,
		"name": "Frustration",
		"type": "move_learner_tools"
	},
	{
		"id": 216,
		"name": "Return",
		"type": "move_learner_tools"
	},
	{
		"id": 214,
		"name": "Sleep Talk",
		"type": "move_learner_tools"
	},
	{
		"id": 213,
		"name": "Attract",
		"type": "move_learner_tools"
	},
	{
		"id": 210,
		"name": "Fury Cutter",
		"type": "move_learner_tools"
	},
	{
		"id": 484,
		"name": "Heavy Slam",
		"type": "move_learner_tools"
	},
	{
		"id": 205,
		"name": "Rollout",
		"type": "move_learner_tools"
	},
	{
		"id": 203,
		"name": "Endure",
		"type": "move_learner_tools"
	},
	{
		"id": 479,
		"name": "Smack Down",
		"type": "move_learner_tools"
	},
	{
		"id": 201,
		"name": "Sandstorm",
		"type": "move_learner_tools"
	},
	{
		"id": 200,
		"name": "Outrage",
		"type": "move_learner_tools"
	},
	{
		"id": 196,
		"name": "Icy Wind",
		"type": "move_learner_tools"
	},
	{
		"id": 192,
		"name": "Zap Cannon",
		"type": "move_learner_tools"
	},
	{
		"id": 189,
		"name": "Mud-Slap",
		"type": "move_learner_tools"
	},
	{
		"id": 184,
		"name": "Scary Face",
		"type": "move_learner_tools"
	},
	{
		"id": 182,
		"name": "Protect",
		"type": "move_learner_tools"
	},
	{
		"id": 180,
		"name": "Spite",
		"type": "move_learner_tools"
	},
	{
		"id": 179,
		"name": "Reversal",
		"type": "move_learner_tools"
	},
	{
		"id": 174,
		"name": "Curse",
		"type": "move_learner_tools"
	},
	{
		"id": 446,
		"name": "Stealth Rock",
		"type": "move_learner_tools"
	},
	{
		"id": 445,
		"name": "Captivate",
		"type": "move_learner_tools"
	},
	{
		"id": 444,
		"name": "Stone Edge",
		"type": "move_learner_tools"
	},
	{
		"id": 164,
		"name": "Substitute",
		"type": "move_learner_tools"
	},
	{
		"id": 57,
		"name": "Surf",
		"type": "move_learner_tools"
	},
	{
		"id": 157,
		"name": "Rock Slide",
		"type": "move_learner_tools"
	},
	{
		"id": 156,
		"name": "Rest",
		"type": "move_learner_tools"
	},
	{
		"id": 431,
		"name": "Rock Climb",
		"type": "move_learner_tools"
	},
	{
		"id": 424,
		"name": "Fire Fang",
		"type": "move_learner_tools"
	},
	{
		"id": 423,
		"name": "Ice Fang",
		"type": "move_learner_tools"
	},
	{
		"id": 422,
		"name": "Thunder Fang",
		"type": "move_learner_tools"
	},
	{
		"id": 421,
		"name": "Shadow Claw",
		"type": "move_learner_tools"
	},
	{
		"id": 419,
		"name": "Avalanche",
		"type": "move_learner_tools"
	},
	{
		"id": 416,
		"name": "Giga Impact",
		"type": "move_learner_tools"
	},
	{
		"id": 68,
		"name": "Counter",
		"type": "move_learner_tools"
	},
	{
		"id": 414,
		"name": "Earth Power",
		"type": "move_learner_tools"
	},
	{
		"id": 411,
		"name": "Focus Blast",
		"type": "move_learner_tools"
	},
	{
		"id": 130,
		"name": "Skull Bash",
		"type": "move_learner_tools"
	},
	{
		"id": 406,
		"name": "Dragon Pulse",
		"type": "move_learner_tools"
	},
	{
		"id": 126,
		"name": "Fire Blast",
		"type": "move_learner_tools"
	},
	{
		"id": 398,
		"name": "Poison Jab",
		"type": "move_learner_tools"
	},
	{
		"id": 397,
		"name": "Rock Polish",
		"type": "move_learner_tools"
	},
	{
		"id": 117,
		"name": "Bide",
		"type": "move_learner_tools"
	},
	{
		"id": 168,
		"name": "Thief",
		"type": "move_learner_tools"
	},
	{
		"id": 104,
		"name": "Double Team",
		"type": "move_learner_tools"
	},
	{
		"id": 102,
		"name": "Mimic",
		"type": "move_learner_tools"
	},
	{
		"id": 99,
		"name": "Rage",
		"type": "move_learner_tools"
	},
	{
		"id": 374,
		"name": "Fling",
		"type": "move_learner_tools"
	},
	{
		"id": 371,
		"name": "Payback",
		"type": "move_learner_tools"
	},
	{
		"id": 92,
		"name": "Toxic",
		"type": "move_learner_tools"
	},
	{
		"id": 91,
		"name": "Dig",
		"type": "move_learner_tools"
	},
	{
		"id": 90,
		"name": "Fissure",
		"type": "move_learner_tools"
	},
	{
		"id": 89,
		"name": "Earthquake",
		"type": "move_learner_tools"
	},
	{
		"id": 87,
		"name": "Thunder",
		"type": "move_learner_tools"
	},
	{
		"id": 363,
		"name": "Natural Gift",
		"type": "move_learner_tools"
	},
	{
		"id": 85,
		"name": "Thunderbolt",
		"type": "move_learner_tools"
	},
	{
		"id": 351,
		"name": "Shock Wave",
		"type": "move_learner_tools"
	},
	{
		"id": 350,
		"name": "Rock Blast",
		"type": "move_learner_tools"
	},
	{
		"id": 70,
		"name": "Strength",
		"type": "move_learner_tools"
	},
	{
		"id": 69,
		"name": "Seismic Toss",
		"type": "move_learner_tools"
	},
	{
		"id": 207,
		"name": "Swagger",
		"type": "move_learner_tools"
	},
	{
		"id": 66,
		"name": "Submission",
		"type": "move_learner_tools"
	},
	{
		"id": 341,
		"name": "Mud Shot",
		"type": "move_learner_tools"
	},
	{
		"id": 63,
		"name": "Hyper Beam",
		"type": "move_learner_tools"
	},
	{
		"id": 61,
		"name": "BubbleBeam",
		"type": "move_learner_tools"
	},
	{
		"id": 59,
		"name": "Blizzard",
		"type": "move_learner_tools"
	},
	{
		"id": 58,
		"name": "Ice Beam",
		"type": "move_learner_tools"
	},
	{
		"id": 334,
		"name": "Iron Defense",
		"type": "move_learner_tools"
	},
	{
		"id": 56,
		"name": "Hydro Pump",
		"type": "move_learner_tools"
	},
	{
		"id": 55,
		"name": "Water Gun",
		"type": "move_learner_tools"
	},
	{
		"id": 53,
		"name": "Flamethrower",
		"type": "move_learner_tools"
	},
	{
		"id": 46,
		"name": "Roar",
		"type": "move_learner_tools"
	},
	{
		"id": 317,
		"name": "Rock Tomb",
		"type": "move_learner_tools"
	},
	{
		"id": 38,
		"name": "Double-Edge",
		"type": "move_learner_tools"
	},
	{
		"id": 36,
		"name": "Take Down",
		"type": "move_learner_tools"
	},
	{
		"id": 34,
		"name": "Body Slam",
		"type": "move_learner_tools"
	},
	{
		"id": 32,
		"name": "Horn Drill",
		"type": "move_learner_tools"
	},
	{
		"id": 29,
		"name": "Headbutt",
		"type": "move_learner_tools"
	},
	{
		"id": 25,
		"name": "Mega Kick",
		"type": "move_learner_tools"
	},
	{
		"id": 15,
		"name": "Cut",
		"type": "move_learner_tools"
	},
	{
		"id": 14,
		"name": "Swords Dance",
		"type": "move_learner_tools"
	},
	{
		"id": 290,
		"name": "Secret Power",
		"type": "move_learner_tools"
	},
	{
		"id": 9,
		"name": "ThunderPunch",
		"type": "move_learner_tools"
	},
	{
		"id": 8,
		"name": "Ice Punch",
		"type": "move_learner_tools"
	},
	{
		"id": 7,
		"name": "Fire Punch",
		"type": "move_learner_tools"
	},
	{
		"id": 6,
		"name": "Pay Day",
		"type": "move_learner_tools"
	},
	{
		"id": 5,
		"name": "Mega Punch",
		"type": "move_learner_tools"
	},
	{
		"id": 280,
		"name": "Brick Break",
		"type": "move_learner_tools"
	},
	{
		"id": 359,
		"name": "Hammer Arm",
		"type": "on_evolution"
	}
],
"types": [
	"GROUND",
	"ROCK"
],
"stats": {
	"hp": 105,
	"attack": 130,
	"defense": 120,
	"speed": 40,
	"sp_attack": 45,
	"sp_defense": 45
},
"yields": {
	"exp": 170,
	"ev_hp": 0,
	"ev_attack": 2,
	"ev_defense": 0,
	"ev_speed": 0,
	"ev_sp_attack": 0,
	"ev_sp_defense": 0
},
"tiers": [
	"Untiered"
],
"held_items": [
	{
		"id": 5321,
		"name": "Protector"
	}
],
"locations": [
	{
		"type": "Cave",
		"region_id": 0,
		"region_name": "Kanto",
		"location": "CERULEAN CAVE",
		"min_level": 54,
		"max_level": 60,
		"rarity": "Rare"
	},
	{
		"type": "Cave",
		"region_id": 0,
		"region_name": "Kanto",
		"location": "VICTORY ROAD",
		"min_level": 42,
		"max_level": 44,
		"rarity": "Horde"
	},
	{
		"type": "Cave",
		"region_id": 0,
		"region_name": "Kanto",
		"location": "VICTORY ROAD",
		"min_level": 44,
		"max_level": 48,
		"rarity": "Rare"
	},
	{
		"type": "Grass",
		"region_id": 3,
		"region_name": "Sinnoh",
		"location": "Route 227",
		"min_level": 54,
		"max_level": 54,
		"rarity": "Uncommon"
	},
	{
		"type": "Grass",
		"region_id": 3,
		"region_name": "Sinnoh",
		"location": "Route 227",
		"min_level": 54,
		"max_level": 54,
		"rarity": "Uncommon"
	},
	{
		"type": "Grass",
		"region_id": 3,
		"region_name": "Sinnoh",
		"location": "Route 227",
		"min_level": 54,
		"max_level": 54,
		"rarity": "Uncommon"
	},
	{
		"type": "Grass",
		"region_id": 3,
		"region_name": "Sinnoh",
		"location": "Route 227",
		"min_level": 54,
		"max_level": 54,
		"rarity": "Common"
	},
	{
		"type": "Grass",
		"region_id": 3,
		"region_name": "Sinnoh",
		"location": "Route 228",
		"min_level": 50,
		"max_level": 52,
		"rarity": "Common"
	},
	{
		"type": "Grass",
		"region_id": 3,
		"region_name": "Sinnoh",
		"location": "Stark Mountain",
		"min_level": 54,
		"max_level": 55,
		"rarity": "Common"
	},
	{
		"type": "Cave",
		"region_id": 3,
		"region_name": "Sinnoh",
		"location": "Stark Mountain",
		"min_level": 54,
		"max_level": 55,
		"rarity": "Uncommon"
	},
	{
		"type": "Cave",
		"region_id": 3,
		"region_name": "Sinnoh",
		"location": "Victory Road",
		"min_level": 42,
		"max_level": 43,
		"rarity": "Uncommon"
	},
	{
		"type": "Cave",
		"region_id": 3,
		"region_name": "Sinnoh",
		"location": "Victory Road",
		"min_level": 42,
		"max_level": 42,
		"rarity": "Horde"
	},
	{
		"type": "Cave",
		"region_id": 4,
		"region_name": "Johto",
		"location": "Victory Road",
		"min_level": 42,
		"max_level": 43,
		"rarity": "Rare"
	}
]
}