{
"id": 120,
"name": "Staryu",
"exp_type": "SLOW",
"obtainable": true,
"gender_ratio": 255,
"height": 8,
"weight": 345,
"egg_groups": [
	"genderless"
],
"abilities": [
	{
		"id": 35,
		"name": "Illuminate"
	},
	{
		"id": 30,
		"name": "Natural Cure"
	},
	{
		"id": 148,
		"name": "Analytic"
	}
],
"forms": [
	{
		"form_id": 0,
		"id": 120,
		"name": "Staryu"
	}
],
"evolutions": [
	{
		"id": 121,
		"name": "Starmie",
		"type": "ITEM",
		"val": 5084,
		"item_name": "Water Stone"
	}
],
"moves": [
	{
		"id": 33,
		"name": "Tackle",
		"type": "level",
		"level": 1
	},
	{
		"id": 106,
		"name": "Harden",
		"type": "level",
		"level": 1
	},
	{
		"id": 55,
		"name": "Water Gun",
		"type": "level",
		"level": 4
	},
	{
		"id": 149,
		"name": "Psywave",
		"type": "level",
		"level": 4
	},
	{
		"id": 109,
		"name": "Confuse Ray",
		"type": "level",
		"level": 8
	},
	{
		"id": 229,
		"name": "Rapid Spin",
		"type": "level",
		"level": 12
	},
	{
		"id": 129,
		"name": "Swift",
		"type": "level",
		"level": 13
	},
	{
		"id": 107,
		"name": "Minimize",
		"type": "level",
		"level": 16
	},
	{
		"id": 61,
		"name": "BubbleBeam",
		"type": "level",
		"level": 18
	},
	{
		"id": 293,
		"name": "Camouflage",
		"type": "level",
		"level": 22
	},
	{
		"id": 60,
		"name": "Psybeam",
		"type": "level",
		"level": 24
	},
	{
		"id": 360,
		"name": "Gyro Ball",
		"type": "level",
		"level": 24
	},
	{
		"id": 362,
		"name": "Brine",
		"type": "level",
		"level": 28
	},
	{
		"id": 113,
		"name": "Light Screen",
		"type": "level",
		"level": 31
	},
	{
		"id": 513,
		"name": "Reflect Type",
		"type": "level",
		"level": 35
	},
	{
		"id": 408,
		"name": "Power Gem",
		"type": "level",
		"level": 36
	},
	{
		"id": 94,
		"name": "Psychic",
		"type": "level",
		"level": 36
	},
	{
		"id": 105,
		"name": "Recover",
		"type": "level",
		"level": 40
	},
	{
		"id": 57,
		"name": "Surf",
		"type": "level",
		"level": 44
	},
	{
		"id": 56,
		"name": "Hydro Pump",
		"type": "level",
		"level": 45
	},
	{
		"id": 322,
		"name": "Cosmic Power",
		"type": "level",
		"level": 52
	},
	{
		"id": 220,
		"name": "Pain Split",
		"type": "move_tutor"
	},
	{
		"id": 173,
		"name": "Snore",
		"type": "move_tutor"
	},
	{
		"id": 239,
		"name": "Twister",
		"type": "move_tutor"
	},
	{
		"id": 324,
		"name": "Signal Beam",
		"type": "move_tutor"
	},
	{
		"id": 277,
		"name": "Magic Coat",
		"type": "move_tutor"
	},
	{
		"id": 98,
		"name": "Quick Attack",
		"type": "special_moves"
	},
	{
		"id": 113,
		"name": "Light Screen",
		"type": "move_learner_tools"
	},
	{
		"id": 408,
		"name": "Power Gem",
		"type": "move_learner_tools"
	},
	{
		"id": 130,
		"name": "Skull Bash",
		"type": "move_learner_tools"
	},
	{
		"id": 129,
		"name": "Swift",
		"type": "move_learner_tools"
	},
	{
		"id": 127,
		"name": "Waterfall",
		"type": "move_learner_tools"
	},
	{
		"id": 263,
		"name": "Facade",
		"type": "move_learner_tools"
	},
	{
		"id": 258,
		"name": "Snowscape",
		"type": "move_learner_tools"
	},
	{
		"id": 117,
		"name": "Bide",
		"type": "move_learner_tools"
	},
	{
		"id": 115,
		"name": "Reflect",
		"type": "move_learner_tools"
	},
	{
		"id": 250,
		"name": "Whirlpool",
		"type": "move_learner_tools"
	},
	{
		"id": 156,
		"name": "Rest",
		"type": "move_learner_tools"
	},
	{
		"id": 109,
		"name": "Confuse Ray",
		"type": "move_learner_tools"
	},
	{
		"id": 244,
		"name": "Psych Up",
		"type": "move_learner_tools"
	},
	{
		"id": 104,
		"name": "Double Team",
		"type": "move_learner_tools"
	},
	{
		"id": 240,
		"name": "Rain Dance",
		"type": "move_learner_tools"
	},
	{
		"id": 102,
		"name": "Mimic",
		"type": "move_learner_tools"
	},
	{
		"id": 237,
		"name": "Hidden Power",
		"type": "move_learner_tools"
	},
	{
		"id": 99,
		"name": "Rage",
		"type": "move_learner_tools"
	},
	{
		"id": 94,
		"name": "Psychic",
		"type": "move_learner_tools"
	},
	{
		"id": 59,
		"name": "Blizzard",
		"type": "move_learner_tools"
	},
	{
		"id": 503,
		"name": "Scald",
		"type": "move_learner_tools"
	},
	{
		"id": 363,
		"name": "Natural Gift",
		"type": "move_learner_tools"
	},
	{
		"id": 362,
		"name": "Brine",
		"type": "move_learner_tools"
	},
	{
		"id": 87,
		"name": "Thunder",
		"type": "move_learner_tools"
	},
	{
		"id": 360,
		"name": "Gyro Ball",
		"type": "move_learner_tools"
	},
	{
		"id": 496,
		"name": "Round",
		"type": "move_learner_tools"
	},
	{
		"id": 356,
		"name": "Gravity",
		"type": "move_learner_tools"
	},
	{
		"id": 218,
		"name": "Frustration",
		"type": "move_learner_tools"
	},
	{
		"id": 55,
		"name": "Water Gun",
		"type": "move_learner_tools"
	},
	{
		"id": 216,
		"name": "Return",
		"type": "move_learner_tools"
	},
	{
		"id": 352,
		"name": "Water Pulse",
		"type": "move_learner_tools"
	},
	{
		"id": 214,
		"name": "Sleep Talk",
		"type": "move_learner_tools"
	},
	{
		"id": 213,
		"name": "Attract",
		"type": "move_learner_tools"
	},
	{
		"id": 207,
		"name": "Swagger",
		"type": "move_learner_tools"
	},
	{
		"id": 205,
		"name": "Rollout",
		"type": "move_learner_tools"
	},
	{
		"id": 203,
		"name": "Endure",
		"type": "move_learner_tools"
	},
	{
		"id": 61,
		"name": "BubbleBeam",
		"type": "move_learner_tools"
	},
	{
		"id": 60,
		"name": "Psybeam",
		"type": "move_learner_tools"
	},
	{
		"id": 196,
		"name": "Icy Wind",
		"type": "move_learner_tools"
	},
	{
		"id": 58,
		"name": "Ice Beam",
		"type": "move_learner_tools"
	},
	{
		"id": 57,
		"name": "Surf",
		"type": "move_learner_tools"
	},
	{
		"id": 56,
		"name": "Hydro Pump",
		"type": "move_learner_tools"
	},
	{
		"id": 192,
		"name": "Zap Cannon",
		"type": "move_learner_tools"
	},
	{
		"id": 85,
		"name": "Thunderbolt",
		"type": "move_learner_tools"
	},
	{
		"id": 86,
		"name": "Thunder Wave",
		"type": "move_learner_tools"
	},
	{
		"id": 322,
		"name": "Cosmic Power",
		"type": "move_learner_tools"
	},
	{
		"id": 182,
		"name": "Protect",
		"type": "move_learner_tools"
	},
	{
		"id": 92,
		"name": "Toxic",
		"type": "move_learner_tools"
	},
	{
		"id": 38,
		"name": "Double-Edge",
		"type": "move_learner_tools"
	},
	{
		"id": 174,
		"name": "Curse",
		"type": "move_learner_tools"
	},
	{
		"id": 36,
		"name": "Take Down",
		"type": "move_learner_tools"
	},
	{
		"id": 100,
		"name": "Teleport",
		"type": "move_learner_tools"
	},
	{
		"id": 29,
		"name": "Headbutt",
		"type": "move_learner_tools"
	},
	{
		"id": 164,
		"name": "Substitute",
		"type": "move_learner_tools"
	},
	{
		"id": 161,
		"name": "Tri Attack",
		"type": "move_learner_tools"
	},
	{
		"id": 430,
		"name": "Flash Cannon",
		"type": "move_learner_tools"
	},
	{
		"id": 291,
		"name": "Dive",
		"type": "move_learner_tools"
	},
	{
		"id": 290,
		"name": "Secret Power",
		"type": "move_learner_tools"
	},
	{
		"id": 149,
		"name": "Psywave",
		"type": "move_learner_tools"
	},
	{
		"id": 148,
		"name": "Flash",
		"type": "move_learner_tools"
	},
	{
		"id": 278,
		"name": "Recycle",
		"type": "move_learner_tools"
	}
],
"types": [
	"WATER",
	"WATER"
],
"stats": {
	"hp": 30,
	"attack": 45,
	"defense": 55,
	"speed": 85,
	"sp_attack": 70,
	"sp_defense": 55
},
"yields": {
	"exp": 68,
	"ev_hp": 0,
	"ev_attack": 0,
	"ev_defense": 0,
	"ev_speed": 1,
	"ev_sp_attack": 0,
	"ev_sp_defense": 0
},
"tiers": [
	"Untiered"
],
"held_items": [
	{
		"id": 5090,
		"name": "Stardust"
	},
	{
		"id": 5091,
		"name": "Star Piece"
	}
],
"locations": [
	{
		"type": "Super Rod",
		"region_id": 0,
		"region_name": "Kanto",
		"location": "CERULEAN CITY",
		"min_level": 25,
		"max_level": 40,
		"rarity": "Uncommon"
	},
	{
		"type": "Good Rod",
		"region_id": 0,
		"region_name": "Kanto",
		"location": "CERULEAN CITY (Night)",
		"min_level": 10,
		"max_level": 25,
		"rarity": "Rare"
	},
	{
		"type": "Super Rod",
		"region_id": 0,
		"region_name": "Kanto",
		"location": "CINNABAR ISLAND",
		"min_level": 25,
		"max_level": 40,
		"rarity": "Uncommon"
	},
	{
		"type": "Super Rod",
		"region_id": 0,
		"region_name": "Kanto",
		"location": "FIVE ISLAND",
		"min_level": 25,
		"max_level": 40,
		"rarity": "Common"
	},
	{
		"type": "Super Rod",
		"region_id": 0,
		"region_name": "Kanto",
		"location": "ICEFALL CAVE",
		"min_level": 25,
		"max_level": 40,
		"rarity": "Rare"
	},
	{
		"type": "Super Rod",
		"region_id": 0,
		"region_name": "Kanto",
		"location": "ONE ISLAND",
		"min_level": 25,
		"max_level": 40,
		"rarity": "Uncommon"
	},
	{
		"type": "Super Rod",
		"region_id": 0,
		"region_name": "Kanto",
		"location": "PALLET TOWN",
		"min_level": 25,
		"max_level": 40,
		"rarity": "Uncommon"
	},
	{
		"type": "Good Rod",
		"region_id": 0,
		"region_name": "Kanto",
		"location": "ROUTE 19 (Night)",
		"min_level": 10,
		"max_level": 25,
		"rarity": "Rare"
	},
	{
		"type": "Super Rod",
		"region_id": 0,
		"region_name": "Kanto",
		"location": "ROUTE 19 (Night)",
		"min_level": 25,
		"max_level": 40,
		"rarity": "Uncommon"
	},
	{
		"type": "Super Rod",
		"region_id": 0,
		"region_name": "Kanto",
		"location": "ROUTE 20",
		"min_level": 25,
		"max_level": 40,
		"rarity": "Uncommon"
	},
	{
		"type": "Super Rod",
		"region_id": 0,
		"region_name": "Kanto",
		"location": "ROUTE 21",
		"min_level": 25,
		"max_level": 40,
		"rarity": "Uncommon"
	},
	{
		"type": "Super Rod",
		"region_id": 0,
		"region_name": "Kanto",
		"location": "S.S. ANNE",
		"min_level": 25,
		"max_level": 40,
		"rarity": "Uncommon"
	},
	{
		"type": "Super Rod",
		"region_id": 0,
		"region_name": "Kanto",
		"location": "SEAFOAM ISLANDS",
		"min_level": 25,
		"max_level": 40,
		"rarity": "Uncommon"
	},
	{
		"type": "Super Rod",
		"region_id": 0,
		"region_name": "Kanto",
		"location": "VERMILION CITY",
		"min_level": 25,
		"max_level": 40,
		"rarity": "Uncommon"
	},
	{
		"type": "Super Rod",
		"region_id": 1,
		"region_name": "Hoenn",
		"location": "AQUA HIDEOUT",
		"min_level": 30,
		"max_level": 40,
		"rarity": "Uncommon"
	},
	{
		"type": "Super Rod",
		"region_id": 1,
		"region_name": "Hoenn",
		"location": "LILYCOVE CITY",
		"min_level": 30,
		"max_level": 40,
		"rarity": "Common"
	},
	{
		"type": "Water",
		"region_id": 2,
		"region_name": "Unova",
		"location": "Route 13",
		"min_level": 35,
		"max_level": 55,
		"rarity": "Very Common"
	},
	{
		"type": "Water",
		"region_id": 2,
		"region_name": "Unova",
		"location": "Route 13",
		"min_level": 35,
		"max_level": 55,
		"rarity": "Very Common"
	},
	{
		"type": "Water",
		"region_id": 2,
		"region_name": "Unova",
		"location": "Route 13",
		"min_level": 35,
		"max_level": 55,
		"rarity": "Very Common"
	},
	{
		"type": "Water",
		"region_id": 2,
		"region_name": "Unova",
		"location": "Route 13",
		"min_level": 35,
		"max_level": 55,
		"rarity": "Very Common"
	},
	{
		"type": "Super Rod",
		"region_id": 3,
		"region_name": "Sinnoh",
		"location": "Canalave City",
		"min_level": 20,
		"max_level": 50,
		"rarity": "Common"
	},
	{
		"type": "Super Rod",
		"region_id": 3,
		"region_name": "Sinnoh",
		"location": "Sunyshore City",
		"min_level": 20,
		"max_level": 40,
		"rarity": "Uncommon"
	},
	{
		"type": "Good Rod",
		"region_id": 4,
		"region_name": "Johto",
		"location": "Cherrygrove City (Night)",
		"min_level": 20,
		"max_level": 20,
		"rarity": "Uncommon"
	},
	{
		"type": "Super Rod",
		"region_id": 4,
		"region_name": "Johto",
		"location": "Cherrygrove City (Night)",
		"min_level": 40,
		"max_level": 40,
		"rarity": "Very Common"
	},
	{
		"type": "Good Rod",
		"region_id": 4,
		"region_name": "Johto",
		"location": "Cianwood City (Night)",
		"min_level": 20,
		"max_level": 20,
		"rarity": "Rare"
	},
	{
		"type": "Super Rod",
		"region_id": 4,
		"region_name": "Johto",
		"location": "Cianwood City (Night)",
		"min_level": 40,
		"max_level": 40,
		"rarity": "Very Common"
	},
	{
		"type": "Good Rod",
		"region_id": 4,
		"region_name": "Johto",
		"location": "Olivine City (Night)",
		"min_level": 20,
		"max_level": 20,
		"rarity": "Rare"
	},
	{
		"type": "Super Rod",
		"region_id": 4,
		"region_name": "Johto",
		"location": "Olivine City (Night)",
		"min_level": 40,
		"max_level": 40,
		"rarity": "Very Common"
	},
	{
		"type": "Good Rod",
		"region_id": 4,
		"region_name": "Johto",
		"location": "Route 34 (Night)",
		"min_level": 20,
		"max_level": 20,
		"rarity": "Uncommon"
	},
	{
		"type": "Super Rod",
		"region_id": 4,
		"region_name": "Johto",
		"location": "Route 34 (Night)",
		"min_level": 40,
		"max_level": 40,
		"rarity": "Very Common"
	},
	{
		"type": "Good Rod",
		"region_id": 4,
		"region_name": "Johto",
		"location": "Route 40 (Night)",
		"min_level": 20,
		"max_level": 20,
		"rarity": "Uncommon"
	},
	{
		"type": "Super Rod",
		"region_id": 4,
		"region_name": "Johto",
		"location": "Route 40 (Night)",
		"min_level": 40,
		"max_level": 40,
		"rarity": "Very Common"
	},
	{
		"type": "Water",
		"region_id": 4,
		"region_name": "Johto",
		"location": "Route 47 (Night)",
		"min_level": 24,
		"max_level": 28,
		"rarity": "Uncommon"
	},
	{
		"type": "Good Rod",
		"region_id": 4,
		"region_name": "Johto",
		"location": "Union Cave (Night)",
		"min_level": 20,
		"max_level": 20,
		"rarity": "Rare"
	},
	{
		"type": "Super Rod",
		"region_id": 4,
		"region_name": "Johto",
		"location": "Union Cave (Night)",
		"min_level": 40,
		"max_level": 40,
		"rarity": "Uncommon"
	}
]
}