{
"id": 144,
"name": "Articuno",
"exp_type": "SLOW",
"obtainable": false,
"gender_ratio": 255,
"height": 17,
"weight": 554,
"egg_groups": [
	"cannot breed"
],
"abilities": [
	{
		"id": 46,
		"name": "Pressure"
	},
	{
		"id": 46,
		"name": "Pressure"
	},
	{
		"id": 81,
		"name": "Snow Cloak"
	}
],
"forms": [
	{
		"form_id": 0,
		"id": 144,
		"name": "Articuno"
	}
],
"evolutions": [],
"moves": [
	{
		"id": 16,
		"name": "Gust",
		"type": "level",
		"level": 1
	},
	{
		"id": 54,
		"name": "Mist",
		"type": "level",
		"level": 1
	},
	{
		"id": 64,
		"name": "Peck",
		"type": "level",
		"level": 1
	},
	{
		"id": 181,
		"name": "Powder Snow",
		"type": "level",
		"level": 1
	},
	{
		"id": 420,
		"name": "Ice Shard",
		"type": "level",
		"level": 1
	},
	{
		"id": 181,
		"name": "Powder Snow",
		"type": "level",
		"level": 5
	},
	{
		"id": 54,
		"name": "Mist",
		"type": "level",
		"level": 8
	},
	{
		"id": 115,
		"name": "Reflect",
		"type": "level",
		"level": 10
	},
	{
		"id": 420,
		"name": "Ice Shard",
		"type": "level",
		"level": 15
	},
	{
		"id": 43,
		"name": "Leer",
		"type": "level",
		"level": 16
	},
	{
		"id": 97,
		"name": "Agility",
		"type": "level",
		"level": 20
	},
	{
		"id": 243,
		"name": "Mirror Coat",
		"type": "level",
		"level": 24
	},
	{
		"id": 246,
		"name": "AncientPower",
		"type": "level",
		"level": 25
	},
	{
		"id": 366,
		"name": "Tailwind",
		"type": "level",
		"level": 30
	},
	{
		"id": 58,
		"name": "Ice Beam",
		"type": "level",
		"level": 32
	},
	{
		"id": 355,
		"name": "Roost",
		"type": "level",
		"level": 40
	},
	{
		"id": 258,
		"name": "Snowscape",
		"type": "level",
		"level": 50
	},
	{
		"id": 542,
		"name": "Hurricane",
		"type": "level",
		"level": 55
	},
	{
		"id": 170,
		"name": "Mind Reader",
		"type": "level",
		"level": 60
	},
	{
		"id": 114,
		"name": "Haze",
		"type": "level",
		"level": 60
	},
	{
		"id": 59,
		"name": "Blizzard",
		"type": "level",
		"level": 64
	},
	{
		"id": 329,
		"name": "Sheer Cold",
		"type": "level",
		"level": 70
	},
	{
		"id": 143,
		"name": "Sky Attack",
		"type": "level",
		"level": 72
	},
	{
		"id": 246,
		"name": "AncientPower",
		"type": "move_tutor"
	},
	{
		"id": 173,
		"name": "Snore",
		"type": "move_tutor"
	},
	{
		"id": 239,
		"name": "Twister",
		"type": "move_tutor"
	},
	{
		"id": 215,
		"name": "Heal Bell",
		"type": "move_tutor"
	},
	{
		"id": 466,
		"name": "Ominous Wind",
		"type": "move_tutor"
	},
	{
		"id": 143,
		"name": "Sky Attack",
		"type": "move_tutor"
	},
	{
		"id": 324,
		"name": "Signal Beam",
		"type": "move_tutor"
	},
	{
		"id": 326,
		"name": "Extrasensory",
		"type": "special_moves"
	},
	{
		"id": 129,
		"name": "Swift",
		"type": "move_learner_tools"
	},
	{
		"id": 218,
		"name": "Frustration",
		"type": "move_learner_tools"
	},
	{
		"id": 270,
		"name": "Helping Hand",
		"type": "move_learner_tools"
	},
	{
		"id": 542,
		"name": "Hurricane",
		"type": "move_learner_tools"
	},
	{
		"id": 403,
		"name": "Air Slash",
		"type": "move_learner_tools"
	},
	{
		"id": 263,
		"name": "Facade",
		"type": "move_learner_tools"
	},
	{
		"id": 258,
		"name": "Snowscape",
		"type": "move_learner_tools"
	},
	{
		"id": 117,
		"name": "Bide",
		"type": "move_learner_tools"
	},
	{
		"id": 19,
		"name": "Fly",
		"type": "move_learner_tools"
	},
	{
		"id": 115,
		"name": "Reflect",
		"type": "move_learner_tools"
	},
	{
		"id": 114,
		"name": "Haze",
		"type": "move_learner_tools"
	},
	{
		"id": 524,
		"name": "Frost Breath",
		"type": "move_learner_tools"
	},
	{
		"id": 249,
		"name": "Rock Smash",
		"type": "move_learner_tools"
	},
	{
		"id": 241,
		"name": "Sunny Day",
		"type": "move_learner_tools"
	},
	{
		"id": 240,
		"name": "Rain Dance",
		"type": "move_learner_tools"
	},
	{
		"id": 102,
		"name": "Mimic",
		"type": "move_learner_tools"
	},
	{
		"id": 237,
		"name": "Hidden Power",
		"type": "move_learner_tools"
	},
	{
		"id": 99,
		"name": "Rage",
		"type": "move_learner_tools"
	},
	{
		"id": 18,
		"name": "Whirlwind",
		"type": "move_learner_tools"
	},
	{
		"id": 97,
		"name": "Agility",
		"type": "move_learner_tools"
	},
	{
		"id": 507,
		"name": "Sky Drop",
		"type": "move_learner_tools"
	},
	{
		"id": 369,
		"name": "U-turn",
		"type": "move_learner_tools"
	},
	{
		"id": 174,
		"name": "Curse",
		"type": "move_learner_tools"
	},
	{
		"id": 366,
		"name": "Tailwind",
		"type": "move_learner_tools"
	},
	{
		"id": 365,
		"name": "Pluck",
		"type": "move_learner_tools"
	},
	{
		"id": 363,
		"name": "Natural Gift",
		"type": "move_learner_tools"
	},
	{
		"id": 496,
		"name": "Round",
		"type": "move_learner_tools"
	},
	{
		"id": 355,
		"name": "Roost",
		"type": "move_learner_tools"
	},
	{
		"id": 216,
		"name": "Return",
		"type": "move_learner_tools"
	},
	{
		"id": 352,
		"name": "Water Pulse",
		"type": "move_learner_tools"
	},
	{
		"id": 214,
		"name": "Sleep Talk",
		"type": "move_learner_tools"
	},
	{
		"id": 59,
		"name": "Blizzard",
		"type": "move_learner_tools"
	},
	{
		"id": 211,
		"name": "Steel Wing",
		"type": "move_learner_tools"
	},
	{
		"id": 196,
		"name": "Icy Wind",
		"type": "move_learner_tools"
	},
	{
		"id": 207,
		"name": "Swagger",
		"type": "move_learner_tools"
	},
	{
		"id": 203,
		"name": "Endure",
		"type": "move_learner_tools"
	},
	{
		"id": 201,
		"name": "Sandstorm",
		"type": "move_learner_tools"
	},
	{
		"id": 63,
		"name": "Hyper Beam",
		"type": "move_learner_tools"
	},
	{
		"id": 61,
		"name": "BubbleBeam",
		"type": "move_learner_tools"
	},
	{
		"id": 197,
		"name": "Detect",
		"type": "move_learner_tools"
	},
	{
		"id": 333,
		"name": "Icicle Spear",
		"type": "move_learner_tools"
	},
	{
		"id": 332,
		"name": "Aerial Ace",
		"type": "move_learner_tools"
	},
	{
		"id": 55,
		"name": "Water Gun",
		"type": "move_learner_tools"
	},
	{
		"id": 189,
		"name": "Mud-Slap",
		"type": "move_learner_tools"
	},
	{
		"id": 46,
		"name": "Roar",
		"type": "move_learner_tools"
	},
	{
		"id": 182,
		"name": "Protect",
		"type": "move_learner_tools"
	},
	{
		"id": 92,
		"name": "Toxic",
		"type": "move_learner_tools"
	},
	{
		"id": 314,
		"name": "Air Cutter",
		"type": "move_learner_tools"
	},
	{
		"id": 38,
		"name": "Double-Edge",
		"type": "move_learner_tools"
	},
	{
		"id": 311,
		"name": "Weather Ball",
		"type": "move_learner_tools"
	},
	{
		"id": 36,
		"name": "Take Down",
		"type": "move_learner_tools"
	},
	{
		"id": 104,
		"name": "Double Team",
		"type": "move_learner_tools"
	},
	{
		"id": 29,
		"name": "Headbutt",
		"type": "move_learner_tools"
	},
	{
		"id": 164,
		"name": "Substitute",
		"type": "move_learner_tools"
	},
	{
		"id": 113,
		"name": "Light Screen",
		"type": "move_learner_tools"
	},
	{
		"id": 432,
		"name": "Defog",
		"type": "move_learner_tools"
	},
	{
		"id": 156,
		"name": "Rest",
		"type": "move_learner_tools"
	},
	{
		"id": 58,
		"name": "Ice Beam",
		"type": "move_learner_tools"
	},
	{
		"id": 290,
		"name": "Secret Power",
		"type": "move_learner_tools"
	},
	{
		"id": 13,
		"name": "Razor Wind",
		"type": "move_learner_tools"
	},
	{
		"id": 419,
		"name": "Avalanche",
		"type": "move_learner_tools"
	},
	{
		"id": 416,
		"name": "Giga Impact",
		"type": "move_learner_tools"
	},
	{
		"id": 413,
		"name": "Brave Bird",
		"type": "move_learner_tools"
	}
],
"types": [
	"ICE",
	"FLYING"
],
"stats": {
	"hp": 90,
	"attack": 85,
	"defense": 100,
	"speed": 85,
	"sp_attack": 95,
	"sp_defense": 125
},
"yields": {
	"exp": 261,
	"ev_hp": 0,
	"ev_attack": 0,
	"ev_defense": 0,
	"ev_speed": 0,
	"ev_sp_attack": 0,
	"ev_sp_defense": 3
},
"tiers": [
	"Never Used"
],
"held_items": [],
"locations": []
}