{
"id": 145,
"name": "Zapdos",
"exp_type": "SLOW",
"obtainable": false,
"gender_ratio": 255,
"height": 16,
"weight": 526,
"egg_groups": [
	"cannot breed"
],
"abilities": [
	{
		"id": 46,
		"name": "Pressure"
	},
	{
		"id": 46,
		"name": "Pressure"
	},
	{
		"id": 9,
		"name": "Static"
	}
],
"forms": [
	{
		"form_id": 0,
		"id": 145,
		"name": "Zapdos"
	}
],
"evolutions": [],
"moves": [
	{
		"id": 64,
		"name": "Peck",
		"type": "level",
		"level": 1
	},
	{
		"id": 84,
		"name": "ThunderShock",
		"type": "level",
		"level": 1
	},
	{
		"id": 86,
		"name": "Thunder Wave",
		"type": "level",
		"level": 1
	},
	{
		"id": 84,
		"name": "ThunderShock",
		"type": "level",
		"level": 5
	},
	{
		"id": 86,
		"name": "Thunder Wave",
		"type": "level",
		"level": 8
	},
	{
		"id": 113,
		"name": "Light Screen",
		"type": "level",
		"level": 10
	},
	{
		"id": 365,
		"name": "Pluck",
		"type": "level",
		"level": 15
	},
	{
		"id": 43,
		"name": "Leer",
		"type": "level",
		"level": 16
	},
	{
		"id": 97,
		"name": "Agility",
		"type": "level",
		"level": 20
	},
	{
		"id": 65,
		"name": "Drill Peck",
		"type": "level",
		"level": 24
	},
	{
		"id": 246,
		"name": "AncientPower",
		"type": "level",
		"level": 25
	},
	{
		"id": 268,
		"name": "Charge",
		"type": "level",
		"level": 30
	},
	{
		"id": 85,
		"name": "Thunderbolt",
		"type": "level",
		"level": 32
	},
	{
		"id": 355,
		"name": "Roost",
		"type": "level",
		"level": 40
	},
	{
		"id": 435,
		"name": "Discharge",
		"type": "level",
		"level": 45
	},
	{
		"id": 240,
		"name": "Rain Dance",
		"type": "level",
		"level": 50
	},
	{
		"id": 87,
		"name": "Thunder",
		"type": "level",
		"level": 55
	},
	{
		"id": 197,
		"name": "Detect",
		"type": "level",
		"level": 60
	},
	{
		"id": 192,
		"name": "Zap Cannon",
		"type": "level",
		"level": 70
	},
	{
		"id": 143,
		"name": "Sky Attack",
		"type": "level",
		"level": 72
	},
	{
		"id": 246,
		"name": "AncientPower",
		"type": "move_tutor"
	},
	{
		"id": 173,
		"name": "Snore",
		"type": "move_tutor"
	},
	{
		"id": 239,
		"name": "Twister",
		"type": "move_tutor"
	},
	{
		"id": 466,
		"name": "Ominous Wind",
		"type": "move_tutor"
	},
	{
		"id": 143,
		"name": "Sky Attack",
		"type": "move_tutor"
	},
	{
		"id": 324,
		"name": "Signal Beam",
		"type": "move_tutor"
	},
	{
		"id": 319,
		"name": "Metal Sound",
		"type": "special_moves"
	},
	{
		"id": 326,
		"name": "Extrasensory",
		"type": "special_moves"
	},
	{
		"id": 117,
		"name": "Bide",
		"type": "move_learner_tools"
	},
	{
		"id": 268,
		"name": "Charge",
		"type": "move_learner_tools"
	},
	{
		"id": 270,
		"name": "Helping Hand",
		"type": "move_learner_tools"
	},
	{
		"id": 314,
		"name": "Air Cutter",
		"type": "move_learner_tools"
	},
	{
		"id": 542,
		"name": "Hurricane",
		"type": "move_learner_tools"
	},
	{
		"id": 129,
		"name": "Swift",
		"type": "move_learner_tools"
	},
	{
		"id": 263,
		"name": "Facade",
		"type": "move_learner_tools"
	},
	{
		"id": 258,
		"name": "Snowscape",
		"type": "move_learner_tools"
	},
	{
		"id": 257,
		"name": "Heat Wave",
		"type": "move_learner_tools"
	},
	{
		"id": 528,
		"name": "Wild Charge",
		"type": "move_learner_tools"
	},
	{
		"id": 19,
		"name": "Fly",
		"type": "move_learner_tools"
	},
	{
		"id": 115,
		"name": "Reflect",
		"type": "move_learner_tools"
	},
	{
		"id": 113,
		"name": "Light Screen",
		"type": "move_learner_tools"
	},
	{
		"id": 249,
		"name": "Rock Smash",
		"type": "move_learner_tools"
	},
	{
		"id": 521,
		"name": "Volt Switch",
		"type": "move_learner_tools"
	},
	{
		"id": 241,
		"name": "Sunny Day",
		"type": "move_learner_tools"
	},
	{
		"id": 240,
		"name": "Rain Dance",
		"type": "move_learner_tools"
	},
	{
		"id": 102,
		"name": "Mimic",
		"type": "move_learner_tools"
	},
	{
		"id": 512,
		"name": "Acrobatics",
		"type": "move_learner_tools"
	},
	{
		"id": 237,
		"name": "Hidden Power",
		"type": "move_learner_tools"
	},
	{
		"id": 99,
		"name": "Rage",
		"type": "move_learner_tools"
	},
	{
		"id": 97,
		"name": "Agility",
		"type": "move_learner_tools"
	},
	{
		"id": 507,
		"name": "Sky Drop",
		"type": "move_learner_tools"
	},
	{
		"id": 369,
		"name": "U-turn",
		"type": "move_learner_tools"
	},
	{
		"id": 174,
		"name": "Curse",
		"type": "move_learner_tools"
	},
	{
		"id": 366,
		"name": "Tailwind",
		"type": "move_learner_tools"
	},
	{
		"id": 365,
		"name": "Pluck",
		"type": "move_learner_tools"
	},
	{
		"id": 363,
		"name": "Natural Gift",
		"type": "move_learner_tools"
	},
	{
		"id": 87,
		"name": "Thunder",
		"type": "move_learner_tools"
	},
	{
		"id": 86,
		"name": "Thunder Wave",
		"type": "move_learner_tools"
	},
	{
		"id": 496,
		"name": "Round",
		"type": "move_learner_tools"
	},
	{
		"id": 355,
		"name": "Roost",
		"type": "move_learner_tools"
	},
	{
		"id": 216,
		"name": "Return",
		"type": "move_learner_tools"
	},
	{
		"id": 351,
		"name": "Shock Wave",
		"type": "move_learner_tools"
	},
	{
		"id": 486,
		"name": "Electro Ball",
		"type": "move_learner_tools"
	},
	{
		"id": 211,
		"name": "Steel Wing",
		"type": "move_learner_tools"
	},
	{
		"id": 207,
		"name": "Swagger",
		"type": "move_learner_tools"
	},
	{
		"id": 203,
		"name": "Endure",
		"type": "move_learner_tools"
	},
	{
		"id": 201,
		"name": "Sandstorm",
		"type": "move_learner_tools"
	},
	{
		"id": 63,
		"name": "Hyper Beam",
		"type": "move_learner_tools"
	},
	{
		"id": 197,
		"name": "Detect",
		"type": "move_learner_tools"
	},
	{
		"id": 332,
		"name": "Aerial Ace",
		"type": "move_learner_tools"
	},
	{
		"id": 192,
		"name": "Zap Cannon",
		"type": "move_learner_tools"
	},
	{
		"id": 214,
		"name": "Sleep Talk",
		"type": "move_learner_tools"
	},
	{
		"id": 189,
		"name": "Mud-Slap",
		"type": "move_learner_tools"
	},
	{
		"id": 218,
		"name": "Frustration",
		"type": "move_learner_tools"
	},
	{
		"id": 46,
		"name": "Roar",
		"type": "move_learner_tools"
	},
	{
		"id": 182,
		"name": "Protect",
		"type": "move_learner_tools"
	},
	{
		"id": 92,
		"name": "Toxic",
		"type": "move_learner_tools"
	},
	{
		"id": 226,
		"name": "Baton Pass",
		"type": "move_learner_tools"
	},
	{
		"id": 451,
		"name": "Charge Beam",
		"type": "move_learner_tools"
	},
	{
		"id": 38,
		"name": "Double-Edge",
		"type": "move_learner_tools"
	},
	{
		"id": 311,
		"name": "Weather Ball",
		"type": "move_learner_tools"
	},
	{
		"id": 36,
		"name": "Take Down",
		"type": "move_learner_tools"
	},
	{
		"id": 104,
		"name": "Double Team",
		"type": "move_learner_tools"
	},
	{
		"id": 29,
		"name": "Headbutt",
		"type": "move_learner_tools"
	},
	{
		"id": 164,
		"name": "Substitute",
		"type": "move_learner_tools"
	},
	{
		"id": 432,
		"name": "Defog",
		"type": "move_learner_tools"
	},
	{
		"id": 156,
		"name": "Rest",
		"type": "move_learner_tools"
	},
	{
		"id": 18,
		"name": "Whirlwind",
		"type": "move_learner_tools"
	},
	{
		"id": 290,
		"name": "Secret Power",
		"type": "move_learner_tools"
	},
	{
		"id": 85,
		"name": "Thunderbolt",
		"type": "move_learner_tools"
	},
	{
		"id": 13,
		"name": "Razor Wind",
		"type": "move_learner_tools"
	},
	{
		"id": 148,
		"name": "Flash",
		"type": "move_learner_tools"
	},
	{
		"id": 416,
		"name": "Giga Impact",
		"type": "move_learner_tools"
	},
	{
		"id": 413,
		"name": "Brave Bird",
		"type": "move_learner_tools"
	}
],
"types": [
	"ELECTRIC",
	"FLYING"
],
"stats": {
	"hp": 90,
	"attack": 90,
	"defense": 85,
	"speed": 100,
	"sp_attack": 125,
	"sp_defense": 90
},
"yields": {
	"exp": 261,
	"ev_hp": 0,
	"ev_attack": 0,
	"ev_defense": 0,
	"ev_speed": 0,
	"ev_sp_attack": 3,
	"ev_sp_defense": 0
},
"tiers": [
	"Ubers"
],
"held_items": [],
"locations": []
}