{
"id": 148,
"name": "Dragonair",
"exp_type": "SLOW",
"obtainable": true,
"gender_ratio": 127,
"height": 40,
"weight": 165,
"egg_groups": [
	"water a",
	"dragon"
],
"abilities": [
	{
		"id": 61,
		"name": "Shed Skin"
	},
	{
		"id": 61,
		"name": "Shed Skin"
	},
	{
		"id": 63,
		"name": "Marvel Scale"
	}
],
"forms": [
	{
		"form_id": 0,
		"id": 148,
		"name": "Dragonair"
	}
],
"evolutions": [
	{
		"id": 149,
		"name": "Dragonite",
		"type": "LEVEL",
		"val": 55
	}
],
"moves": [
	{
		"id": 35,
		"name": "Wrap",
		"type": "level",
		"level": 1
	},
	{
		"id": 43,
		"name": "Leer",
		"type": "level",
		"level": 1
	},
	{
		"id": 86,
		"name": "Thunder Wave",
		"type": "level",
		"level": 1
	},
	{
		"id": 239,
		"name": "Twister",
		"type": "level",
		"level": 1
	},
	{
		"id": 82,
		"name": "Dragon Rage",
		"type": "level",
		"level": 1
	},
	{
		"id": 86,
		"name": "Thunder Wave",
		"type": "level",
		"level": 5
	},
	{
		"id": 239,
		"name": "Twister",
		"type": "level",
		"level": 11
	},
	{
		"id": 82,
		"name": "Dragon Rage",
		"type": "level",
		"level": 14
	},
	{
		"id": 525,
		"name": "Dragon Tail",
		"type": "level",
		"level": 15
	},
	{
		"id": 97,
		"name": "Agility",
		"type": "level",
		"level": 20
	},
	{
		"id": 21,
		"name": "Slam",
		"type": "level",
		"level": 25
	},
	{
		"id": 401,
		"name": "Aqua Tail",
		"type": "level",
		"level": 33
	},
	{
		"id": 407,
		"name": "Dragon Rush",
		"type": "level",
		"level": 39
	},
	{
		"id": 219,
		"name": "Safeguard",
		"type": "level",
		"level": 46
	},
	{
		"id": 200,
		"name": "Outrage",
		"type": "level",
		"level": 52
	},
	{
		"id": 240,
		"name": "Rain Dance",
		"type": "level",
		"level": 53
	},
	{
		"id": 349,
		"name": "Dragon Dance",
		"type": "level",
		"level": 60
	},
	{
		"id": 63,
		"name": "Hyper Beam",
		"type": "level",
		"level": 64
	},
	{
		"id": 245,
		"name": "ExtremeSpeed",
		"type": "egg_moves"
	},
	{
		"id": 20,
		"name": "Bind",
		"type": "move_tutor"
	},
	{
		"id": 173,
		"name": "Snore",
		"type": "move_tutor"
	},
	{
		"id": 401,
		"name": "Aqua Tail",
		"type": "move_tutor"
	},
	{
		"id": 239,
		"name": "Twister",
		"type": "move_tutor"
	},
	{
		"id": 245,
		"name": "ExtremeSpeed",
		"type": "special_moves"
	},
	{
		"id": 127,
		"name": "Waterfall",
		"type": "move_learner_tools"
	},
	{
		"id": 200,
		"name": "Outrage",
		"type": "move_learner_tools"
	},
	{
		"id": 156,
		"name": "Rest",
		"type": "move_learner_tools"
	},
	{
		"id": 87,
		"name": "Thunder",
		"type": "move_learner_tools"
	},
	{
		"id": 311,
		"name": "Weather Ball",
		"type": "move_learner_tools"
	},
	{
		"id": 29,
		"name": "Headbutt",
		"type": "move_learner_tools"
	},
	{
		"id": 130,
		"name": "Skull Bash",
		"type": "move_learner_tools"
	},
	{
		"id": 129,
		"name": "Swift",
		"type": "move_learner_tools"
	},
	{
		"id": 290,
		"name": "Secret Power",
		"type": "move_learner_tools"
	},
	{
		"id": 126,
		"name": "Fire Blast",
		"type": "move_learner_tools"
	},
	{
		"id": 36,
		"name": "Take Down",
		"type": "move_learner_tools"
	},
	{
		"id": 445,
		"name": "Captivate",
		"type": "move_learner_tools"
	},
	{
		"id": 117,
		"name": "Bide",
		"type": "move_learner_tools"
	},
	{
		"id": 442,
		"name": "Iron Head",
		"type": "move_learner_tools"
	},
	{
		"id": 115,
		"name": "Reflect",
		"type": "move_learner_tools"
	},
	{
		"id": 114,
		"name": "Haze",
		"type": "move_learner_tools"
	},
	{
		"id": 113,
		"name": "Light Screen",
		"type": "move_learner_tools"
	},
	{
		"id": 434,
		"name": "Draco Meteor",
		"type": "move_learner_tools"
	},
	{
		"id": 270,
		"name": "Helping Hand",
		"type": "move_learner_tools"
	},
	{
		"id": 55,
		"name": "Water Gun",
		"type": "move_learner_tools"
	},
	{
		"id": 56,
		"name": "Hydro Pump",
		"type": "move_learner_tools"
	},
	{
		"id": 104,
		"name": "Double Team",
		"type": "move_learner_tools"
	},
	{
		"id": 102,
		"name": "Mimic",
		"type": "move_learner_tools"
	},
	{
		"id": 263,
		"name": "Facade",
		"type": "move_learner_tools"
	},
	{
		"id": 99,
		"name": "Rage",
		"type": "move_learner_tools"
	},
	{
		"id": 97,
		"name": "Agility",
		"type": "move_learner_tools"
	},
	{
		"id": 258,
		"name": "Snowscape",
		"type": "move_learner_tools"
	},
	{
		"id": 92,
		"name": "Toxic",
		"type": "move_learner_tools"
	},
	{
		"id": 416,
		"name": "Giga Impact",
		"type": "move_learner_tools"
	},
	{
		"id": 250,
		"name": "Whirlpool",
		"type": "move_learner_tools"
	},
	{
		"id": 86,
		"name": "Thunder Wave",
		"type": "move_learner_tools"
	},
	{
		"id": 85,
		"name": "Thunderbolt",
		"type": "move_learner_tools"
	},
	{
		"id": 83,
		"name": "Fire Spin",
		"type": "move_learner_tools"
	},
	{
		"id": 82,
		"name": "Dragon Rage",
		"type": "move_learner_tools"
	},
	{
		"id": 406,
		"name": "Dragon Pulse",
		"type": "move_learner_tools"
	},
	{
		"id": 241,
		"name": "Sunny Day",
		"type": "move_learner_tools"
	},
	{
		"id": 240,
		"name": "Rain Dance",
		"type": "move_learner_tools"
	},
	{
		"id": 237,
		"name": "Hidden Power",
		"type": "move_learner_tools"
	},
	{
		"id": 231,
		"name": "Iron Tail",
		"type": "move_learner_tools"
	},
	{
		"id": 63,
		"name": "Hyper Beam",
		"type": "move_learner_tools"
	},
	{
		"id": 225,
		"name": "DragonBreath",
		"type": "move_learner_tools"
	},
	{
		"id": 61,
		"name": "BubbleBeam",
		"type": "move_learner_tools"
	},
	{
		"id": 59,
		"name": "Blizzard",
		"type": "move_learner_tools"
	},
	{
		"id": 58,
		"name": "Ice Beam",
		"type": "move_learner_tools"
	},
	{
		"id": 57,
		"name": "Surf",
		"type": "move_learner_tools"
	},
	{
		"id": 219,
		"name": "Safeguard",
		"type": "move_learner_tools"
	},
	{
		"id": 218,
		"name": "Frustration",
		"type": "move_learner_tools"
	},
	{
		"id": 53,
		"name": "Flamethrower",
		"type": "move_learner_tools"
	},
	{
		"id": 216,
		"name": "Return",
		"type": "move_learner_tools"
	},
	{
		"id": 214,
		"name": "Sleep Talk",
		"type": "move_learner_tools"
	},
	{
		"id": 213,
		"name": "Attract",
		"type": "move_learner_tools"
	},
	{
		"id": 207,
		"name": "Swagger",
		"type": "move_learner_tools"
	},
	{
		"id": 203,
		"name": "Endure",
		"type": "move_learner_tools"
	},
	{
		"id": 38,
		"name": "Double-Edge",
		"type": "move_learner_tools"
	},
	{
		"id": 363,
		"name": "Natural Gift",
		"type": "move_learner_tools"
	},
	{
		"id": 525,
		"name": "Dragon Tail",
		"type": "move_learner_tools"
	},
	{
		"id": 197,
		"name": "Detect",
		"type": "move_learner_tools"
	},
	{
		"id": 196,
		"name": "Icy Wind",
		"type": "move_learner_tools"
	},
	{
		"id": 32,
		"name": "Horn Drill",
		"type": "move_learner_tools"
	},
	{
		"id": 192,
		"name": "Zap Cannon",
		"type": "move_learner_tools"
	},
	{
		"id": 352,
		"name": "Water Pulse",
		"type": "move_learner_tools"
	},
	{
		"id": 351,
		"name": "Shock Wave",
		"type": "move_learner_tools"
	},
	{
		"id": 349,
		"name": "Dragon Dance",
		"type": "move_learner_tools"
	},
	{
		"id": 34,
		"name": "Body Slam",
		"type": "move_learner_tools"
	},
	{
		"id": 510,
		"name": "Incinerate",
		"type": "move_learner_tools"
	},
	{
		"id": 182,
		"name": "Protect",
		"type": "move_learner_tools"
	},
	{
		"id": 174,
		"name": "Curse",
		"type": "move_learner_tools"
	},
	{
		"id": 496,
		"name": "Round",
		"type": "move_learner_tools"
	},
	{
		"id": 164,
		"name": "Substitute",
		"type": "move_learner_tools"
	}
],
"types": [
	"DRAGON",
	"DRAGON"
],
"stats": {
	"hp": 61,
	"attack": 84,
	"defense": 65,
	"speed": 70,
	"sp_attack": 70,
	"sp_defense": 70
},
"yields": {
	"exp": 147,
	"ev_hp": 0,
	"ev_attack": 2,
	"ev_defense": 0,
	"ev_speed": 0,
	"ev_sp_attack": 0,
	"ev_sp_defense": 0
},
"tiers": [
	"Untiered"
],
"held_items": [
	{
		"id": 5235,
		"name": "Dragon Scale"
	},
	{
		"id": 5250,
		"name": "Dragon Fang"
	}
],
"locations": [
	{
		"type": "Water",
		"region_id": 0,
		"region_name": "Kanto",
		"location": "ROUTE 10",
		"min_level": 38,
		"max_level": 38,
		"rarity": "Lure"
	},
	{
		"type": "Super Rod",
		"region_id": 0,
		"region_name": "Kanto",
		"location": "ROUTE 10",
		"min_level": 30,
		"max_level": 30,
		"rarity": "Very Rare"
	},
	{
		"type": "Super Rod",
		"region_id": 0,
		"region_name": "Kanto",
		"location": "SAFARI ZONE",
		"min_level": 30,
		"max_level": 30,
		"rarity": "Rare"
	},
	{
		"type": "Old Rod",
		"region_id": 2,
		"region_name": "Unova",
		"location": "Dragonspiral Tower",
		"min_level": 30,
		"max_level": 40,
		"rarity": "Rare"
	},
	{
		"type": "Water",
		"region_id": 2,
		"region_name": "Unova",
		"location": "Victory Road",
		"min_level": 48,
		"max_level": 48,
		"rarity": "Lure"
	},
	{
		"type": "Super Rod",
		"region_id": 3,
		"region_name": "Sinnoh",
		"location": "Mt. Coronet",
		"min_level": 30,
		"max_level": 55,
		"rarity": "Very Rare"
	},
	{
		"type": "Water",
		"region_id": 3,
		"region_name": "Sinnoh",
		"location": "Route 210",
		"min_level": 43,
		"max_level": 43,
		"rarity": "Lure"
	},
	{
		"type": "Water",
		"region_id": 4,
		"region_name": "Johto",
		"location": "Dragon's Den",
		"min_level": 42,
		"max_level": 42,
		"rarity": "Lure"
	},
	{
		"type": "Super Rod",
		"region_id": 4,
		"region_name": "Johto",
		"location": "Dragon's Den",
		"min_level": 40,
		"max_level": 40,
		"rarity": "Rare"
	},
	{
		"type": "Super Rod",
		"region_id": 4,
		"region_name": "Johto",
		"location": "Route 45",
		"min_level": 40,
		"max_level": 40,
		"rarity": "Rare"
	},
	{
		"type": "Water",
		"region_id": 4,
		"region_name": "Johto",
		"location": "Safari Zone",
		"min_level": 34,
		"max_level": 34,
		"rarity": "Lure"
	},
	{
		"type": "Water",
		"region_id": 4,
		"region_name": "Johto",
		"location": "Tohjo Falls",
		"min_level": 30,
		"max_level": 30,
		"rarity": "Lure"
	}
]
}