{
"id": 156,
"name": "Quilava",
"exp_type": "MEDIUM_SLOW",
"obtainable": true,
"gender_ratio": 31,
"height": 9,
"weight": 190,
"egg_groups": [
	"field"
],
"abilities": [
	{
		"id": 66,
		"name": "Blaze"
	},
	{
		"id": 66,
		"name": "Blaze"
	},
	{
		"id": 18,
		"name": "Flash Fire"
	}
],
"forms": [
	{
		"form_id": 0,
		"id": 156,
		"name": "Quilava"
	}
],
"evolutions": [
	{
		"id": 157,
		"name": "Typhlosion",
		"type": "LEVEL",
		"val": 36
	}
],
"moves": [
	{
		"id": 33,
		"name": "Tackle",
		"type": "level",
		"level": 1
	},
	{
		"id": 43,
		"name": "Leer",
		"type": "level",
		"level": 1
	},
	{
		"id": 108,
		"name": "SmokeScreen",
		"type": "level",
		"level": 1
	},
	{
		"id": 98,
		"name": "Quick Attack",
		"type": "level",
		"level": 1
	},
	{
		"id": 108,
		"name": "SmokeScreen",
		"type": "level",
		"level": 6
	},
	{
		"id": 52,
		"name": "Ember",
		"type": "level",
		"level": 10
	},
	{
		"id": 98,
		"name": "Quick Attack",
		"type": "level",
		"level": 13
	},
	{
		"id": 172,
		"name": "Flame Wheel",
		"type": "level",
		"level": 20
	},
	{
		"id": 111,
		"name": "Defense Curl",
		"type": "level",
		"level": 24
	},
	{
		"id": 129,
		"name": "Swift",
		"type": "level",
		"level": 31
	},
	{
		"id": 488,
		"name": "Flame Charge",
		"type": "level",
		"level": 35
	},
	{
		"id": 436,
		"name": "Lava Plume",
		"type": "level",
		"level": 35
	},
	{
		"id": 53,
		"name": "Flamethrower",
		"type": "level",
		"level": 42
	},
	{
		"id": 517,
		"name": "Inferno",
		"type": "level",
		"level": 53
	},
	{
		"id": 205,
		"name": "Rollout",
		"type": "level",
		"level": 57
	},
	{
		"id": 38,
		"name": "Double-Edge",
		"type": "level",
		"level": 64
	},
	{
		"id": 315,
		"name": "Overheat",
		"type": "level",
		"level": 68
	},
	{
		"id": 284,
		"name": "Eruption",
		"type": "level",
		"level": 75
	},
	{
		"id": 343,
		"name": "Covet",
		"type": "move_tutor"
	},
	{
		"id": 111,
		"name": "Defense Curl",
		"type": "move_tutor"
	},
	{
		"id": 519,
		"name": "Fire Pledge",
		"type": "move_tutor"
	},
	{
		"id": 173,
		"name": "Snore",
		"type": "move_tutor"
	},
	{
		"id": 307,
		"name": "Blast Burn",
		"type": "move_tutor"
	},
	{
		"id": 126,
		"name": "Fire Blast",
		"type": "move_learner_tools"
	},
	{
		"id": 257,
		"name": "Heat Wave",
		"type": "move_learner_tools"
	},
	{
		"id": 267,
		"name": "Nature Power",
		"type": "move_learner_tools"
	},
	{
		"id": 129,
		"name": "Swift",
		"type": "move_learner_tools"
	},
	{
		"id": 264,
		"name": "Focus Punch",
		"type": "move_learner_tools"
	},
	{
		"id": 263,
		"name": "Facade",
		"type": "move_learner_tools"
	},
	{
		"id": 261,
		"name": "Will-O-Wisp",
		"type": "move_learner_tools"
	},
	{
		"id": 394,
		"name": "Flare Blitz",
		"type": "move_learner_tools"
	},
	{
		"id": 528,
		"name": "Wild Charge",
		"type": "move_learner_tools"
	},
	{
		"id": 526,
		"name": "Work Up",
		"type": "move_learner_tools"
	},
	{
		"id": 249,
		"name": "Rock Smash",
		"type": "move_learner_tools"
	},
	{
		"id": 241,
		"name": "Sunny Day",
		"type": "move_learner_tools"
	},
	{
		"id": 102,
		"name": "Mimic",
		"type": "move_learner_tools"
	},
	{
		"id": 34,
		"name": "Body Slam",
		"type": "move_learner_tools"
	},
	{
		"id": 237,
		"name": "Hidden Power",
		"type": "move_learner_tools"
	},
	{
		"id": 510,
		"name": "Incinerate",
		"type": "move_learner_tools"
	},
	{
		"id": 231,
		"name": "Iron Tail",
		"type": "move_learner_tools"
	},
	{
		"id": 92,
		"name": "Toxic",
		"type": "move_learner_tools"
	},
	{
		"id": 91,
		"name": "Dig",
		"type": "move_learner_tools"
	},
	{
		"id": 363,
		"name": "Natural Gift",
		"type": "move_learner_tools"
	},
	{
		"id": 496,
		"name": "Round",
		"type": "move_learner_tools"
	},
	{
		"id": 83,
		"name": "Fire Spin",
		"type": "move_learner_tools"
	},
	{
		"id": 218,
		"name": "Frustration",
		"type": "move_learner_tools"
	},
	{
		"id": 216,
		"name": "Return",
		"type": "move_learner_tools"
	},
	{
		"id": 488,
		"name": "Flame Charge",
		"type": "move_learner_tools"
	},
	{
		"id": 213,
		"name": "Attract",
		"type": "move_learner_tools"
	},
	{
		"id": 210,
		"name": "Fury Cutter",
		"type": "move_learner_tools"
	},
	{
		"id": 207,
		"name": "Swagger",
		"type": "move_learner_tools"
	},
	{
		"id": 66,
		"name": "Submission",
		"type": "move_learner_tools"
	},
	{
		"id": 205,
		"name": "Rollout",
		"type": "move_learner_tools"
	},
	{
		"id": 203,
		"name": "Endure",
		"type": "move_learner_tools"
	},
	{
		"id": 70,
		"name": "Strength",
		"type": "move_learner_tools"
	},
	{
		"id": 104,
		"name": "Double Team",
		"type": "move_learner_tools"
	},
	{
		"id": 197,
		"name": "Detect",
		"type": "move_learner_tools"
	},
	{
		"id": 332,
		"name": "Aerial Ace",
		"type": "move_learner_tools"
	},
	{
		"id": 214,
		"name": "Sleep Talk",
		"type": "move_learner_tools"
	},
	{
		"id": 53,
		"name": "Flamethrower",
		"type": "move_learner_tools"
	},
	{
		"id": 189,
		"name": "Mud-Slap",
		"type": "move_learner_tools"
	},
	{
		"id": 46,
		"name": "Roar",
		"type": "move_learner_tools"
	},
	{
		"id": 182,
		"name": "Protect",
		"type": "move_learner_tools"
	},
	{
		"id": 179,
		"name": "Reversal",
		"type": "move_learner_tools"
	},
	{
		"id": 315,
		"name": "Overheat",
		"type": "move_learner_tools"
	},
	{
		"id": 38,
		"name": "Double-Edge",
		"type": "move_learner_tools"
	},
	{
		"id": 174,
		"name": "Curse",
		"type": "move_learner_tools"
	},
	{
		"id": 36,
		"name": "Take Down",
		"type": "move_learner_tools"
	},
	{
		"id": 445,
		"name": "Captivate",
		"type": "move_learner_tools"
	},
	{
		"id": 442,
		"name": "Iron Head",
		"type": "move_learner_tools"
	},
	{
		"id": 29,
		"name": "Headbutt",
		"type": "move_learner_tools"
	},
	{
		"id": 164,
		"name": "Substitute",
		"type": "move_learner_tools"
	},
	{
		"id": 156,
		"name": "Rest",
		"type": "move_learner_tools"
	},
	{
		"id": 428,
		"name": "Zen Headbutt",
		"type": "move_learner_tools"
	},
	{
		"id": 290,
		"name": "Secret Power",
		"type": "move_learner_tools"
	},
	{
		"id": 15,
		"name": "Cut",
		"type": "move_learner_tools"
	},
	{
		"id": 424,
		"name": "Fire Fang",
		"type": "move_learner_tools"
	},
	{
		"id": 280,
		"name": "Brick Break",
		"type": "move_learner_tools"
	}
],
"types": [
	"FIRE",
	"FIRE"
],
"stats": {
	"hp": 58,
	"attack": 64,
	"defense": 58,
	"speed": 80,
	"sp_attack": 80,
	"sp_defense": 65
},
"yields": {
	"exp": 142,
	"ev_hp": 0,
	"ev_attack": 0,
	"ev_defense": 0,
	"ev_speed": 1,
	"ev_sp_attack": 1,
	"ev_sp_defense": 0
},
"tiers": [
	"Untiered"
],
"held_items": [],
"locations": [
	{
		"type": "Grass",
		"region_id": 4,
		"region_name": "Johto",
		"location": "Route 45",
		"min_level": 40,
		"max_level": 40,
		"rarity": "Lure"
	}
]
}