{
"id": 171,
"name": "Lanturn",
"exp_type": "SLOW",
"obtainable": true,
"gender_ratio": 127,
"height": 12,
"weight": 225,
"egg_groups": [
	"water b"
],
"abilities": [
	{
		"id": 10,
		"name": "Volt Absorb"
	},
	{
		"id": 35,
		"name": "Illuminate"
	},
	{
		"id": 11,
		"name": "Water Absorb"
	}
],
"forms": [
	{
		"form_id": 0,
		"id": 171,
		"name": "Lanturn"
	}
],
"evolutions": [],
"moves": [
	{
		"id": 48,
		"name": "Supersonic",
		"type": "level",
		"level": 1
	},
	{
		"id": 55,
		"name": "Water Gun",
		"type": "level",
		"level": 1
	},
	{
		"id": 86,
		"name": "Thunder Wave",
		"type": "level",
		"level": 1
	},
	{
		"id": 145,
		"name": "Bubble",
		"type": "level",
		"level": 1
	},
	{
		"id": 254,
		"name": "Stockpile",
		"type": "level",
		"level": 1
	},
	{
		"id": 255,
		"name": "Spit Up",
		"type": "level",
		"level": 1
	},
	{
		"id": 256,
		"name": "Swallow",
		"type": "level",
		"level": 1
	},
	{
		"id": 486,
		"name": "Electro Ball",
		"type": "level",
		"level": 1
	},
	{
		"id": 86,
		"name": "Thunder Wave",
		"type": "level",
		"level": 6
	},
	{
		"id": 486,
		"name": "Electro Ball",
		"type": "level",
		"level": 9
	},
	{
		"id": 55,
		"name": "Water Gun",
		"type": "level",
		"level": 12
	},
	{
		"id": 61,
		"name": "BubbleBeam",
		"type": "level",
		"level": 12
	},
	{
		"id": 109,
		"name": "Confuse Ray",
		"type": "level",
		"level": 16
	},
	{
		"id": 209,
		"name": "Spark",
		"type": "level",
		"level": 20
	},
	{
		"id": 268,
		"name": "Charge",
		"type": "level",
		"level": 24
	},
	{
		"id": 254,
		"name": "Stockpile",
		"type": "level",
		"level": 27
	},
	{
		"id": 255,
		"name": "Spit Up",
		"type": "level",
		"level": 27
	},
	{
		"id": 256,
		"name": "Swallow",
		"type": "level",
		"level": 27
	},
	{
		"id": 324,
		"name": "Signal Beam",
		"type": "level",
		"level": 29
	},
	{
		"id": 435,
		"name": "Discharge",
		"type": "level",
		"level": 30
	},
	{
		"id": 392,
		"name": "Aqua Ring",
		"type": "level",
		"level": 36
	},
	{
		"id": 175,
		"name": "Flail",
		"type": "level",
		"level": 42
	},
	{
		"id": 36,
		"name": "Take Down",
		"type": "level",
		"level": 48
	},
	{
		"id": 56,
		"name": "Hydro Pump",
		"type": "level",
		"level": 54
	},
	{
		"id": 389,
		"name": "Sucker Punch",
		"type": "move_tutor"
	},
	{
		"id": 340,
		"name": "Bounce",
		"type": "move_tutor"
	},
	{
		"id": 173,
		"name": "Snore",
		"type": "move_tutor"
	},
	{
		"id": 401,
		"name": "Aqua Tail",
		"type": "move_tutor"
	},
	{
		"id": 215,
		"name": "Heal Bell",
		"type": "move_tutor"
	},
	{
		"id": 324,
		"name": "Signal Beam",
		"type": "move_tutor"
	},
	{
		"id": 113,
		"name": "Light Screen",
		"type": "move_learner_tools"
	},
	{
		"id": 214,
		"name": "Sleep Talk",
		"type": "move_learner_tools"
	},
	{
		"id": 133,
		"name": "Amnesia",
		"type": "move_learner_tools"
	},
	{
		"id": 268,
		"name": "Charge",
		"type": "move_learner_tools"
	},
	{
		"id": 127,
		"name": "Waterfall",
		"type": "move_learner_tools"
	},
	{
		"id": 263,
		"name": "Facade",
		"type": "move_learner_tools"
	},
	{
		"id": 258,
		"name": "Snowscape",
		"type": "move_learner_tools"
	},
	{
		"id": 528,
		"name": "Wild Charge",
		"type": "move_learner_tools"
	},
	{
		"id": 250,
		"name": "Whirlpool",
		"type": "move_learner_tools"
	},
	{
		"id": 521,
		"name": "Volt Switch",
		"type": "move_learner_tools"
	},
	{
		"id": 109,
		"name": "Confuse Ray",
		"type": "move_learner_tools"
	},
	{
		"id": 104,
		"name": "Double Team",
		"type": "move_learner_tools"
	},
	{
		"id": 240,
		"name": "Rain Dance",
		"type": "move_learner_tools"
	},
	{
		"id": 102,
		"name": "Mimic",
		"type": "move_learner_tools"
	},
	{
		"id": 237,
		"name": "Hidden Power",
		"type": "move_learner_tools"
	},
	{
		"id": 97,
		"name": "Agility",
		"type": "move_learner_tools"
	},
	{
		"id": 59,
		"name": "Blizzard",
		"type": "move_learner_tools"
	},
	{
		"id": 503,
		"name": "Scald",
		"type": "move_learner_tools"
	},
	{
		"id": 363,
		"name": "Natural Gift",
		"type": "move_learner_tools"
	},
	{
		"id": 362,
		"name": "Brine",
		"type": "move_learner_tools"
	},
	{
		"id": 87,
		"name": "Thunder",
		"type": "move_learner_tools"
	},
	{
		"id": 86,
		"name": "Thunder Wave",
		"type": "move_learner_tools"
	},
	{
		"id": 496,
		"name": "Round",
		"type": "move_learner_tools"
	},
	{
		"id": 218,
		"name": "Frustration",
		"type": "move_learner_tools"
	},
	{
		"id": 55,
		"name": "Water Gun",
		"type": "move_learner_tools"
	},
	{
		"id": 216,
		"name": "Return",
		"type": "move_learner_tools"
	},
	{
		"id": 352,
		"name": "Water Pulse",
		"type": "move_learner_tools"
	},
	{
		"id": 351,
		"name": "Shock Wave",
		"type": "move_learner_tools"
	},
	{
		"id": 213,
		"name": "Attract",
		"type": "move_learner_tools"
	},
	{
		"id": 486,
		"name": "Electro Ball",
		"type": "move_learner_tools"
	},
	{
		"id": 207,
		"name": "Swagger",
		"type": "move_learner_tools"
	},
	{
		"id": 203,
		"name": "Endure",
		"type": "move_learner_tools"
	},
	{
		"id": 63,
		"name": "Hyper Beam",
		"type": "move_learner_tools"
	},
	{
		"id": 61,
		"name": "BubbleBeam",
		"type": "move_learner_tools"
	},
	{
		"id": 60,
		"name": "Psybeam",
		"type": "move_learner_tools"
	},
	{
		"id": 196,
		"name": "Icy Wind",
		"type": "move_learner_tools"
	},
	{
		"id": 58,
		"name": "Ice Beam",
		"type": "move_learner_tools"
	},
	{
		"id": 57,
		"name": "Surf",
		"type": "move_learner_tools"
	},
	{
		"id": 56,
		"name": "Hydro Pump",
		"type": "move_learner_tools"
	},
	{
		"id": 192,
		"name": "Zap Cannon",
		"type": "move_learner_tools"
	},
	{
		"id": 85,
		"name": "Thunderbolt",
		"type": "move_learner_tools"
	},
	{
		"id": 182,
		"name": "Protect",
		"type": "move_learner_tools"
	},
	{
		"id": 92,
		"name": "Toxic",
		"type": "move_learner_tools"
	},
	{
		"id": 451,
		"name": "Charge Beam",
		"type": "move_learner_tools"
	},
	{
		"id": 38,
		"name": "Double-Edge",
		"type": "move_learner_tools"
	},
	{
		"id": 174,
		"name": "Curse",
		"type": "move_learner_tools"
	},
	{
		"id": 36,
		"name": "Take Down",
		"type": "move_learner_tools"
	},
	{
		"id": 445,
		"name": "Captivate",
		"type": "move_learner_tools"
	},
	{
		"id": 103,
		"name": "Screech",
		"type": "move_learner_tools"
	},
	{
		"id": 164,
		"name": "Substitute",
		"type": "move_learner_tools"
	},
	{
		"id": 156,
		"name": "Rest",
		"type": "move_learner_tools"
	},
	{
		"id": 291,
		"name": "Dive",
		"type": "move_learner_tools"
	},
	{
		"id": 290,
		"name": "Secret Power",
		"type": "move_learner_tools"
	},
	{
		"id": 148,
		"name": "Flash",
		"type": "move_learner_tools"
	},
	{
		"id": 416,
		"name": "Giga Impact",
		"type": "move_learner_tools"
	},
	{
		"id": 256,
		"name": "Swallow",
		"type": "on_evolution"
	},
	{
		"id": 255,
		"name": "Spit Up",
		"type": "on_evolution"
	},
	{
		"id": 254,
		"name": "Stockpile",
		"type": "on_evolution"
	}
],
"types": [
	"WATER",
	"ELECTRIC"
],
"stats": {
	"hp": 125,
	"attack": 58,
	"defense": 58,
	"speed": 67,
	"sp_attack": 76,
	"sp_defense": 76
},
"yields": {
	"exp": 161,
	"ev_hp": 2,
	"ev_attack": 0,
	"ev_defense": 0,
	"ev_speed": 0,
	"ev_sp_attack": 0,
	"ev_sp_defense": 0
},
"tiers": [
	"Never Used"
],
"held_items": [
	{
		"id": 5074,
		"name": "Yellow Shard"
	},
	{
		"id": 5227,
		"name": "DeepSeaScale"
	}
],
"locations": [
	{
		"type": "Super Rod",
		"region_id": 0,
		"region_name": "Kanto",
		"location": "CINNABAR ISLAND",
		"min_level": 27,
		"max_level": 40,
		"rarity": "Rare"
	},
	{
		"type": "Water",
		"region_id": 0,
		"region_name": "Kanto",
		"location": "KINDLE ROAD",
		"min_level": 43,
		"max_level": 43,
		"rarity": "Lure"
	},
	{
		"type": "Water",
		"region_id": 0,
		"region_name": "Kanto",
		"location": "ONE ISLAND",
		"min_level": 43,
		"max_level": 43,
		"rarity": "Lure"
	},
	{
		"type": "Super Rod",
		"region_id": 0,
		"region_name": "Kanto",
		"location": "PALLET TOWN",
		"min_level": 27,
		"max_level": 40,
		"rarity": "Rare"
	},
	{
		"type": "Super Rod",
		"region_id": 0,
		"region_name": "Kanto",
		"location": "ROUTE 20",
		"min_level": 27,
		"max_level": 40,
		"rarity": "Rare"
	},
	{
		"type": "Super Rod",
		"region_id": 0,
		"region_name": "Kanto",
		"location": "ROUTE 21",
		"min_level": 27,
		"max_level": 40,
		"rarity": "Rare"
	},
	{
		"type": "Super Rod",
		"region_id": 0,
		"region_name": "Kanto",
		"location": "S.S. ANNE",
		"min_level": 27,
		"max_level": 40,
		"rarity": "Rare"
	},
	{
		"type": "Water",
		"region_id": 0,
		"region_name": "Kanto",
		"location": "TREASURE BEACH",
		"min_level": 43,
		"max_level": 43,
		"rarity": "Lure"
	},
	{
		"type": "Super Rod",
		"region_id": 0,
		"region_name": "Kanto",
		"location": "VERMILION CITY",
		"min_level": 27,
		"max_level": 40,
		"rarity": "Rare"
	},
	{
		"type": "Water",
		"region_id": 1,
		"region_name": "Hoenn",
		"location": "UNDERWATER",
		"min_level": 30,
		"max_level": 35,
		"rarity": "Uncommon"
	},
	{
		"type": "Water",
		"region_id": 1,
		"region_name": "Hoenn",
		"location": "UNDERWATER",
		"min_level": 30,
		"max_level": 35,
		"rarity": "Uncommon"
	},
	{
		"type": "Water",
		"region_id": 1,
		"region_name": "Hoenn",
		"location": "UNDERWATER",
		"min_level": 30,
		"max_level": 35,
		"rarity": "Horde"
	},
	{
		"type": "Water",
		"region_id": 2,
		"region_name": "Unova",
		"location": "Driftveil City",
		"min_level": 38,
		"max_level": 38,
		"rarity": "Lure"
	},
	{
		"type": "Fishing",
		"region_id": 2,
		"region_name": "Unova",
		"location": "Driftveil City",
		"min_level": 45,
		"max_level": 70,
		"rarity": "Special"
	},
	{
		"type": "Super Rod",
		"region_id": 3,
		"region_name": "Sinnoh",
		"location": "Route 220",
		"min_level": 27,
		"max_level": 45,
		"rarity": "Uncommon"
	},
	{
		"type": "Super Rod",
		"region_id": 4,
		"region_name": "Johto",
		"location": "New Bark Town",
		"min_level": 40,
		"max_level": 40,
		"rarity": "Rare"
	},
	{
		"type": "Super Rod",
		"region_id": 4,
		"region_name": "Johto",
		"location": "Route 26",
		"min_level": 40,
		"max_level": 40,
		"rarity": "Rare"
	},
	{
		"type": "Super Rod",
		"region_id": 4,
		"region_name": "Johto",
		"location": "Route 27",
		"min_level": 40,
		"max_level": 40,
		"rarity": "Rare"
	},
	{
		"type": "Super Rod",
		"region_id": 4,
		"region_name": "Johto",
		"location": "Route 41",
		"min_level": 40,
		"max_level": 40,
		"rarity": "Uncommon"
	},
	{
		"type": "Super Rod",
		"region_id": 4,
		"region_name": "Johto",
		"location": "Route 47",
		"min_level": 40,
		"max_level": 40,
		"rarity": "Rare"
	},
	{
		"type": "Super Rod",
		"region_id": 4,
		"region_name": "Johto",
		"location": "Route 47",
		"min_level": 40,
		"max_level": 40,
		"rarity": "Rare"
	},
	{
		"type": "Super Rod",
		"region_id": 4,
		"region_name": "Johto",
		"location": "Route 47",
		"min_level": 40,
		"max_level": 40,
		"rarity": "Rare"
	},
	{
		"type": "Super Rod",
		"region_id": 4,
		"region_name": "Johto",
		"location": "Route 47",
		"min_level": 40,
		"max_level": 40,
		"rarity": "Uncommon"
	}
]
}