{
"id": 174,
"name": "Igglybuff",
"exp_type": "FAST",
"obtainable": true,
"gender_ratio": 191,
"height": 3,
"weight": 10,
"egg_groups": [
	"cannot breed"
],
"abilities": [
	{
		"id": 56,
		"name": "Cute Charm"
	},
	{
		"id": 545,
		"name": "Competitive"
	},
	{
		"id": 132,
		"name": "Friend Guard"
	}
],
"forms": [
	{
		"form_id": 0,
		"id": 174,
		"name": "Igglybuff"
	}
],
"evolutions": [
	{
		"id": 39,
		"name": "Jigglypuff",
		"type": "HAPPINESS",
		"val": 0
	}
],
"moves": [
	{
		"id": 1,
		"name": "Pound",
		"type": "level",
		"level": 1
	},
	{
		"id": 47,
		"name": "Sing",
		"type": "level",
		"level": 1
	},
	{
		"id": 204,
		"name": "Charm",
		"type": "level",
		"level": 1
	},
	{
		"id": 383,
		"name": "Copycat",
		"type": "level",
		"level": 1
	},
	{
		"id": 111,
		"name": "Defense Curl",
		"type": "level",
		"level": 4
	},
	{
		"id": 1,
		"name": "Pound",
		"type": "level",
		"level": 5
	},
	{
		"id": 186,
		"name": "Sweet Kiss",
		"type": "level",
		"level": 8
	},
	{
		"id": 383,
		"name": "Copycat",
		"type": "level",
		"level": 11
	},
	{
		"id": 50,
		"name": "Disable",
		"type": "level",
		"level": 16
	},
	{
		"id": 204,
		"name": "Charm",
		"type": "level",
		"level": 20
	},
	{
		"id": 505,
		"name": "Heal Pulse",
		"type": "egg_moves"
	},
	{
		"id": 273,
		"name": "Wish",
		"type": "egg_moves"
	},
	{
		"id": 386,
		"name": "Punishment",
		"type": "egg_moves"
	},
	{
		"id": 195,
		"name": "Perish Song",
		"type": "egg_moves"
	},
	{
		"id": 217,
		"name": "Present",
		"type": "egg_moves"
	},
	{
		"id": 340,
		"name": "Bounce",
		"type": "move_tutor"
	},
	{
		"id": 277,
		"name": "Magic Coat",
		"type": "move_tutor"
	},
	{
		"id": 171,
		"name": "Nightmare",
		"type": "move_tutor"
	},
	{
		"id": 272,
		"name": "Role Play",
		"type": "move_tutor"
	},
	{
		"id": 173,
		"name": "Snore",
		"type": "move_tutor"
	},
	{
		"id": 185,
		"name": "Faint Attack",
		"type": "move_tutor"
	},
	{
		"id": 215,
		"name": "Heal Bell",
		"type": "move_tutor"
	},
	{
		"id": 387,
		"name": "Last Resort",
		"type": "move_tutor"
	},
	{
		"id": 111,
		"name": "Defense Curl",
		"type": "move_tutor"
	},
	{
		"id": 283,
		"name": "Endeavor",
		"type": "move_tutor"
	},
	{
		"id": 220,
		"name": "Pain Split",
		"type": "move_tutor"
	},
	{
		"id": 343,
		"name": "Covet",
		"type": "move_tutor"
	},
	{
		"id": 321,
		"name": "Tickle",
		"type": "special_moves"
	},
	{
		"id": 80,
		"name": "Petal Dance",
		"type": "special_moves"
	},
	{
		"id": 146,
		"name": "Dizzy Punch",
		"type": "special_moves"
	},
	{
		"id": 126,
		"name": "Fire Blast",
		"type": "move_learner_tools"
	},
	{
		"id": 68,
		"name": "Counter",
		"type": "move_learner_tools"
	},
	{
		"id": 237,
		"name": "Hidden Power",
		"type": "move_learner_tools"
	},
	{
		"id": 270,
		"name": "Helping Hand",
		"type": "move_learner_tools"
	},
	{
		"id": 129,
		"name": "Swift",
		"type": "move_learner_tools"
	},
	{
		"id": 263,
		"name": "Facade",
		"type": "move_learner_tools"
	},
	{
		"id": 76,
		"name": "SolarBeam",
		"type": "move_learner_tools"
	},
	{
		"id": 528,
		"name": "Wild Charge",
		"type": "move_learner_tools"
	},
	{
		"id": 253,
		"name": "Uproar",
		"type": "move_learner_tools"
	},
	{
		"id": 526,
		"name": "Work Up",
		"type": "move_learner_tools"
	},
	{
		"id": 113,
		"name": "Light Screen",
		"type": "move_learner_tools"
	},
	{
		"id": 247,
		"name": "Shadow Ball",
		"type": "move_learner_tools"
	},
	{
		"id": 244,
		"name": "Psych Up",
		"type": "move_learner_tools"
	},
	{
		"id": 241,
		"name": "Sunny Day",
		"type": "move_learner_tools"
	},
	{
		"id": 240,
		"name": "Rain Dance",
		"type": "move_learner_tools"
	},
	{
		"id": 102,
		"name": "Mimic",
		"type": "move_learner_tools"
	},
	{
		"id": 34,
		"name": "Body Slam",
		"type": "move_learner_tools"
	},
	{
		"id": 374,
		"name": "Fling",
		"type": "move_learner_tools"
	},
	{
		"id": 510,
		"name": "Incinerate",
		"type": "move_learner_tools"
	},
	{
		"id": 94,
		"name": "Psychic",
		"type": "move_learner_tools"
	},
	{
		"id": 92,
		"name": "Toxic",
		"type": "move_learner_tools"
	},
	{
		"id": 91,
		"name": "Dig",
		"type": "move_learner_tools"
	},
	{
		"id": 227,
		"name": "Encore",
		"type": "move_learner_tools"
	},
	{
		"id": 363,
		"name": "Natural Gift",
		"type": "move_learner_tools"
	},
	{
		"id": 497,
		"name": "Echoed Voice",
		"type": "move_learner_tools"
	},
	{
		"id": 496,
		"name": "Round",
		"type": "move_learner_tools"
	},
	{
		"id": 356,
		"name": "Gravity",
		"type": "move_learner_tools"
	},
	{
		"id": 218,
		"name": "Frustration",
		"type": "move_learner_tools"
	},
	{
		"id": 216,
		"name": "Return",
		"type": "move_learner_tools"
	},
	{
		"id": 352,
		"name": "Water Pulse",
		"type": "move_learner_tools"
	},
	{
		"id": 351,
		"name": "Shock Wave",
		"type": "move_learner_tools"
	},
	{
		"id": 213,
		"name": "Attract",
		"type": "move_learner_tools"
	},
	{
		"id": 207,
		"name": "Swagger",
		"type": "move_learner_tools"
	},
	{
		"id": 69,
		"name": "Seismic Toss",
		"type": "move_learner_tools"
	},
	{
		"id": 205,
		"name": "Rollout",
		"type": "move_learner_tools"
	},
	{
		"id": 204,
		"name": "Charm",
		"type": "move_learner_tools"
	},
	{
		"id": 203,
		"name": "Endure",
		"type": "move_learner_tools"
	},
	{
		"id": 36,
		"name": "Take Down",
		"type": "move_learner_tools"
	},
	{
		"id": 197,
		"name": "Detect",
		"type": "move_learner_tools"
	},
	{
		"id": 196,
		"name": "Icy Wind",
		"type": "move_learner_tools"
	},
	{
		"id": 192,
		"name": "Zap Cannon",
		"type": "move_learner_tools"
	},
	{
		"id": 214,
		"name": "Sleep Talk",
		"type": "move_learner_tools"
	},
	{
		"id": 53,
		"name": "Flamethrower",
		"type": "move_learner_tools"
	},
	{
		"id": 189,
		"name": "Mud-Slap",
		"type": "move_learner_tools"
	},
	{
		"id": 219,
		"name": "Safeguard",
		"type": "move_learner_tools"
	},
	{
		"id": 184,
		"name": "Scary Face",
		"type": "move_learner_tools"
	},
	{
		"id": 182,
		"name": "Protect",
		"type": "move_learner_tools"
	},
	{
		"id": 313,
		"name": "Fake Tears",
		"type": "move_learner_tools"
	},
	{
		"id": 38,
		"name": "Double-Edge",
		"type": "move_learner_tools"
	},
	{
		"id": 174,
		"name": "Curse",
		"type": "move_learner_tools"
	},
	{
		"id": 447,
		"name": "Grass Knot",
		"type": "move_learner_tools"
	},
	{
		"id": 445,
		"name": "Captivate",
		"type": "move_learner_tools"
	},
	{
		"id": 103,
		"name": "Screech",
		"type": "move_learner_tools"
	},
	{
		"id": 104,
		"name": "Double Team",
		"type": "move_learner_tools"
	},
	{
		"id": 304,
		"name": "Hyper Voice",
		"type": "move_learner_tools"
	},
	{
		"id": 29,
		"name": "Headbutt",
		"type": "move_learner_tools"
	},
	{
		"id": 164,
		"name": "Substitute",
		"type": "move_learner_tools"
	},
	{
		"id": 25,
		"name": "Mega Kick",
		"type": "move_learner_tools"
	},
	{
		"id": 115,
		"name": "Reflect",
		"type": "move_learner_tools"
	},
	{
		"id": 156,
		"name": "Rest",
		"type": "move_learner_tools"
	},
	{
		"id": 290,
		"name": "Secret Power",
		"type": "move_learner_tools"
	},
	{
		"id": 86,
		"name": "Thunder Wave",
		"type": "move_learner_tools"
	},
	{
		"id": 148,
		"name": "Flash",
		"type": "move_learner_tools"
	},
	{
		"id": 5,
		"name": "Mega Punch",
		"type": "move_learner_tools"
	},
	{
		"id": 278,
		"name": "Recycle",
		"type": "move_learner_tools"
	},
	{
		"id": 138,
		"name": "Dream Eater",
		"type": "move_learner_tools"
	}
],
"types": [
	"NORMAL",
	"NORMAL"
],
"stats": {
	"hp": 90,
	"attack": 30,
	"defense": 15,
	"speed": 15,
	"sp_attack": 40,
	"sp_defense": 20
},
"yields": {
	"exp": 42,
	"ev_hp": 1,
	"ev_attack": 0,
	"ev_defense": 0,
	"ev_speed": 0,
	"ev_sp_attack": 0,
	"ev_sp_defense": 0
},
"tiers": [
	"Untiered"
],
"held_items": [
	{
		"id": 5155,
		"name": "Oran Berry"
	}
],
"locations": [
	{
		"type": "Grass",
		"region_id": 0,
		"region_name": "Kanto",
		"location": "ROUTE 4",
		"min_level": 10,
		"max_level": 10,
		"rarity": "Lure"
	}
]
}