{
"id": 177,
"name": "Natu",
"exp_type": "MEDIUM_FAST",
"obtainable": true,
"gender_ratio": 127,
"height": 2,
"weight": 20,
"egg_groups": [
	"flying"
],
"abilities": [
	{
		"id": 28,
		"name": "Synchronize"
	},
	{
		"id": 48,
		"name": "Early Bird"
	},
	{
		"id": 156,
		"name": "Magic Bounce"
	}
],
"forms": [
	{
		"form_id": 0,
		"id": 177,
		"name": "Natu"
	}
],
"evolutions": [
	{
		"id": 178,
		"name": "Xatu",
		"type": "LEVEL",
		"val": 25
	}
],
"moves": [
	{
		"id": 43,
		"name": "Leer",
		"type": "level",
		"level": 1
	},
	{
		"id": 64,
		"name": "Peck",
		"type": "level",
		"level": 1
	},
	{
		"id": 500,
		"name": "Stored Power",
		"type": "level",
		"level": 5
	},
	{
		"id": 100,
		"name": "Teleport",
		"type": "level",
		"level": 10
	},
	{
		"id": 381,
		"name": "Lucky Chant",
		"type": "level",
		"level": 12
	},
	{
		"id": 109,
		"name": "Confuse Ray",
		"type": "level",
		"level": 15
	},
	{
		"id": 101,
		"name": "Night Shade",
		"type": "level",
		"level": 20
	},
	{
		"id": 466,
		"name": "Ominous Wind",
		"type": "level",
		"level": 20
	},
	{
		"id": 375,
		"name": "Psycho Shift",
		"type": "level",
		"level": 26
	},
	{
		"id": 384,
		"name": "Power Swap",
		"type": "level",
		"level": 30
	},
	{
		"id": 94,
		"name": "Psychic",
		"type": "level",
		"level": 35
	},
	{
		"id": 385,
		"name": "Guard Swap",
		"type": "level",
		"level": 35
	},
	{
		"id": 357,
		"name": "Miracle Eye",
		"type": "level",
		"level": 36
	},
	{
		"id": 273,
		"name": "Wish",
		"type": "level",
		"level": 40
	},
	{
		"id": 248,
		"name": "Future Sight",
		"type": "level",
		"level": 45
	},
	{
		"id": 382,
		"name": "Me First",
		"type": "level",
		"level": 50
	},
	{
		"id": 297,
		"name": "FeatherDance",
		"type": "egg_moves"
	},
	{
		"id": 65,
		"name": "Drill Peck",
		"type": "egg_moves"
	},
	{
		"id": 287,
		"name": "Refresh",
		"type": "egg_moves"
	},
	{
		"id": 493,
		"name": "Simple Beam",
		"type": "egg_moves"
	},
	{
		"id": 98,
		"name": "Quick Attack",
		"type": "egg_moves"
	},
	{
		"id": 485,
		"name": "Synchronoise",
		"type": "egg_moves"
	},
	{
		"id": 389,
		"name": "Sucker Punch",
		"type": "move_tutor"
	},
	{
		"id": 478,
		"name": "Magic Room",
		"type": "move_tutor"
	},
	{
		"id": 220,
		"name": "Pain Split",
		"type": "move_tutor"
	},
	{
		"id": 173,
		"name": "Snore",
		"type": "move_tutor"
	},
	{
		"id": 185,
		"name": "Faint Attack",
		"type": "move_tutor"
	},
	{
		"id": 171,
		"name": "Nightmare",
		"type": "move_tutor"
	},
	{
		"id": 239,
		"name": "Twister",
		"type": "move_tutor"
	},
	{
		"id": 466,
		"name": "Ominous Wind",
		"type": "move_tutor"
	},
	{
		"id": 143,
		"name": "Sky Attack",
		"type": "move_tutor"
	},
	{
		"id": 324,
		"name": "Signal Beam",
		"type": "move_tutor"
	},
	{
		"id": 277,
		"name": "Magic Coat",
		"type": "move_tutor"
	},
	{
		"id": 129,
		"name": "Swift",
		"type": "move_learner_tools"
	},
	{
		"id": 202,
		"name": "Giga Drain",
		"type": "move_learner_tools"
	},
	{
		"id": 271,
		"name": "Trick",
		"type": "move_learner_tools"
	},
	{
		"id": 365,
		"name": "Pluck",
		"type": "move_learner_tools"
	},
	{
		"id": 403,
		"name": "Air Slash",
		"type": "move_learner_tools"
	},
	{
		"id": 263,
		"name": "Facade",
		"type": "move_learner_tools"
	},
	{
		"id": 257,
		"name": "Heat Wave",
		"type": "move_learner_tools"
	},
	{
		"id": 115,
		"name": "Reflect",
		"type": "move_learner_tools"
	},
	{
		"id": 114,
		"name": "Haze",
		"type": "move_learner_tools"
	},
	{
		"id": 113,
		"name": "Light Screen",
		"type": "move_learner_tools"
	},
	{
		"id": 385,
		"name": "Guard Swap",
		"type": "move_learner_tools"
	},
	{
		"id": 384,
		"name": "Power Swap",
		"type": "move_learner_tools"
	},
	{
		"id": 109,
		"name": "Confuse Ray",
		"type": "move_learner_tools"
	},
	{
		"id": 244,
		"name": "Psych Up",
		"type": "move_learner_tools"
	},
	{
		"id": 148,
		"name": "Flash",
		"type": "move_learner_tools"
	},
	{
		"id": 241,
		"name": "Sunny Day",
		"type": "move_learner_tools"
	},
	{
		"id": 240,
		"name": "Rain Dance",
		"type": "move_learner_tools"
	},
	{
		"id": 102,
		"name": "Mimic",
		"type": "move_learner_tools"
	},
	{
		"id": 101,
		"name": "Night Shade",
		"type": "move_learner_tools"
	},
	{
		"id": 237,
		"name": "Hidden Power",
		"type": "move_learner_tools"
	},
	{
		"id": 38,
		"name": "Double-Edge",
		"type": "move_learner_tools"
	},
	{
		"id": 369,
		"name": "U-turn",
		"type": "move_learner_tools"
	},
	{
		"id": 94,
		"name": "Psychic",
		"type": "move_learner_tools"
	},
	{
		"id": 366,
		"name": "Tailwind",
		"type": "move_learner_tools"
	},
	{
		"id": 502,
		"name": "Ally Switch",
		"type": "move_learner_tools"
	},
	{
		"id": 500,
		"name": "Stored Power",
		"type": "move_learner_tools"
	},
	{
		"id": 86,
		"name": "Thunder Wave",
		"type": "move_learner_tools"
	},
	{
		"id": 496,
		"name": "Round",
		"type": "move_learner_tools"
	},
	{
		"id": 219,
		"name": "Safeguard",
		"type": "move_learner_tools"
	},
	{
		"id": 355,
		"name": "Roost",
		"type": "move_learner_tools"
	},
	{
		"id": 216,
		"name": "Return",
		"type": "move_learner_tools"
	},
	{
		"id": 214,
		"name": "Sleep Talk",
		"type": "move_learner_tools"
	},
	{
		"id": 213,
		"name": "Attract",
		"type": "move_learner_tools"
	},
	{
		"id": 211,
		"name": "Steel Wing",
		"type": "move_learner_tools"
	},
	{
		"id": 347,
		"name": "Calm Mind",
		"type": "move_learner_tools"
	},
	{
		"id": 207,
		"name": "Swagger",
		"type": "move_learner_tools"
	},
	{
		"id": 477,
		"name": "Telekinesis",
		"type": "move_learner_tools"
	},
	{
		"id": 203,
		"name": "Endure",
		"type": "move_learner_tools"
	},
	{
		"id": 104,
		"name": "Double Team",
		"type": "move_learner_tools"
	},
	{
		"id": 473,
		"name": "Psyshock",
		"type": "move_learner_tools"
	},
	{
		"id": 197,
		"name": "Detect",
		"type": "move_learner_tools"
	},
	{
		"id": 76,
		"name": "SolarBeam",
		"type": "move_learner_tools"
	},
	{
		"id": 332,
		"name": "Aerial Ace",
		"type": "move_learner_tools"
	},
	{
		"id": 218,
		"name": "Frustration",
		"type": "move_learner_tools"
	},
	{
		"id": 322,
		"name": "Cosmic Power",
		"type": "move_learner_tools"
	},
	{
		"id": 182,
		"name": "Protect",
		"type": "move_learner_tools"
	},
	{
		"id": 318,
		"name": "Silver Wind",
		"type": "move_learner_tools"
	},
	{
		"id": 92,
		"name": "Toxic",
		"type": "move_learner_tools"
	},
	{
		"id": 226,
		"name": "Baton Pass",
		"type": "move_learner_tools"
	},
	{
		"id": 314,
		"name": "Air Cutter",
		"type": "move_learner_tools"
	},
	{
		"id": 363,
		"name": "Natural Gift",
		"type": "move_learner_tools"
	},
	{
		"id": 174,
		"name": "Curse",
		"type": "move_learner_tools"
	},
	{
		"id": 447,
		"name": "Grass Knot",
		"type": "move_learner_tools"
	},
	{
		"id": 100,
		"name": "Teleport",
		"type": "move_learner_tools"
	},
	{
		"id": 445,
		"name": "Captivate",
		"type": "move_learner_tools"
	},
	{
		"id": 168,
		"name": "Thief",
		"type": "move_learner_tools"
	},
	{
		"id": 164,
		"name": "Substitute",
		"type": "move_learner_tools"
	},
	{
		"id": 433,
		"name": "Trick Room",
		"type": "move_learner_tools"
	},
	{
		"id": 247,
		"name": "Shadow Ball",
		"type": "move_learner_tools"
	},
	{
		"id": 248,
		"name": "Future Sight",
		"type": "move_learner_tools"
	},
	{
		"id": 156,
		"name": "Rest",
		"type": "move_learner_tools"
	},
	{
		"id": 428,
		"name": "Zen Headbutt",
		"type": "move_learner_tools"
	},
	{
		"id": 290,
		"name": "Secret Power",
		"type": "move_learner_tools"
	},
	{
		"id": 286,
		"name": "Imprison",
		"type": "move_learner_tools"
	},
	{
		"id": 285,
		"name": "Skill Swap",
		"type": "move_learner_tools"
	},
	{
		"id": 138,
		"name": "Dream Eater",
		"type": "move_learner_tools"
	}
],
"types": [
	"PSYCHIC",
	"FLYING"
],
"stats": {
	"hp": 40,
	"attack": 50,
	"defense": 45,
	"speed": 70,
	"sp_attack": 70,
	"sp_defense": 45
},
"yields": {
	"exp": 64,
	"ev_hp": 0,
	"ev_attack": 0,
	"ev_defense": 0,
	"ev_speed": 0,
	"ev_sp_attack": 1,
	"ev_sp_defense": 0
},
"tiers": [
	"Untiered"
],
"held_items": [],
"locations": [
	{
		"type": "Grass",
		"region_id": 0,
		"region_name": "Kanto",
		"location": "RUIN VALLEY",
		"min_level": 50,
		"max_level": 52,
		"rarity": "Uncommon"
	},
	{
		"type": "Cave",
		"region_id": 1,
		"region_name": "Hoenn",
		"location": "MIRAGE TOWER",
		"min_level": 26,
		"max_level": 26,
		"rarity": "Lure"
	},
	{
		"type": "Grass",
		"region_id": 1,
		"region_name": "Hoenn",
		"location": "ROUTE 111",
		"min_level": 26,
		"max_level": 26,
		"rarity": "Lure"
	},
	{
		"type": "Grass",
		"region_id": 1,
		"region_name": "Hoenn",
		"location": "SAFARI ZONE",
		"min_level": 27,
		"max_level": 29,
		"rarity": "Rare"
	},
	{
		"type": "Headbutt",
		"region_id": 4,
		"region_name": "Johto",
		"location": "Ecruteak City",
		"min_level": 18,
		"max_level": 20,
		"rarity": "Very Common"
	},
	{
		"type": "Headbutt",
		"region_id": 4,
		"region_name": "Johto",
		"location": "National Park",
		"min_level": 16,
		"max_level": 18,
		"rarity": "Very Common"
	},
	{
		"type": "Headbutt",
		"region_id": 4,
		"region_name": "Johto",
		"location": "Pokéathlon Dome",
		"min_level": 16,
		"max_level": 18,
		"rarity": "Very Common"
	},
	{
		"type": "Headbutt",
		"region_id": 4,
		"region_name": "Johto",
		"location": "Route 32",
		"min_level": 8,
		"max_level": 9,
		"rarity": "Very Common"
	},
	{
		"type": "Headbutt",
		"region_id": 4,
		"region_name": "Johto",
		"location": "Route 35",
		"min_level": 15,
		"max_level": 17,
		"rarity": "Very Common"
	},
	{
		"type": "Headbutt",
		"region_id": 4,
		"region_name": "Johto",
		"location": "Route 36",
		"min_level": 6,
		"max_level": 8,
		"rarity": "Very Common"
	},
	{
		"type": "Headbutt",
		"region_id": 4,
		"region_name": "Johto",
		"location": "Route 37",
		"min_level": 16,
		"max_level": 18,
		"rarity": "Very Common"
	},
	{
		"type": "Headbutt",
		"region_id": 4,
		"region_name": "Johto",
		"location": "Route 42",
		"min_level": 22,
		"max_level": 24,
		"rarity": "Common"
	},
	{
		"type": "Headbutt",
		"region_id": 4,
		"region_name": "Johto",
		"location": "Route 42",
		"min_level": 22,
		"max_level": 24,
		"rarity": "Common"
	},
	{
		"type": "Headbutt",
		"region_id": 4,
		"region_name": "Johto",
		"location": "Route 42",
		"min_level": 22,
		"max_level": 24,
		"rarity": "Common"
	},
	{
		"type": "Headbutt",
		"region_id": 4,
		"region_name": "Johto",
		"location": "Route 42",
		"min_level": 22,
		"max_level": 24,
		"rarity": "Common"
	},
	{
		"type": "Grass",
		"region_id": 4,
		"region_name": "Johto",
		"location": "Ruins of Alph",
		"min_level": 19,
		"max_level": 22,
		"rarity": "Horde"
	},
	{
		"type": "Grass",
		"region_id": 4,
		"region_name": "Johto",
		"location": "Ruins of Alph",
		"min_level": 22,
		"max_level": 25,
		"rarity": "Very Common"
	},
	{
		"type": "Headbutt",
		"region_id": 4,
		"region_name": "Johto",
		"location": "Ruins of Alph",
		"min_level": 6,
		"max_level": 8,
		"rarity": "Very Common"
	},
	{
		"type": "Headbutt",
		"region_id": 4,
		"region_name": "Johto",
		"location": "Safari Zone",
		"min_level": 28,
		"max_level": 31,
		"rarity": "Rare"
	},
	{
		"type": "Headbutt",
		"region_id": 4,
		"region_name": "Johto",
		"location": "Safari Zone",
		"min_level": 28,
		"max_level": 31,
		"rarity": "Rare"
	},
	{
		"type": "Headbutt",
		"region_id": 4,
		"region_name": "Johto",
		"location": "Safari Zone",
		"min_level": 28,
		"max_level": 31,
		"rarity": "Rare"
	},
	{
		"type": "Headbutt",
		"region_id": 4,
		"region_name": "Johto",
		"location": "Safari Zone",
		"min_level": 28,
		"max_level": 31,
		"rarity": "Rare"
	},
	{
		"type": "Headbutt",
		"region_id": 4,
		"region_name": "Johto",
		"location": "Violet City",
		"min_level": 6,
		"max_level": 8,
		"rarity": "Very Common"
	}
]
}