{
"id": 19,
"name": "Rattata",
"exp_type": "MEDIUM_FAST",
"obtainable": true,
"gender_ratio": 127,
"height": 3,
"weight": 35,
"egg_groups": [
	"field"
],
"abilities": [
	{
		"id": 50,
		"name": "Run Away"
	},
	{
		"id": 62,
		"name": "Guts"
	},
	{
		"id": 55,
		"name": "Hustle"
	}
],
"forms": [
	{
		"form_id": 0,
		"id": 19,
		"name": "Rattata"
	}
],
"evolutions": [
	{
		"id": 20,
		"name": "Raticate",
		"type": "LEVEL",
		"val": 20
	}
],
"moves": [
	{
		"id": 33,
		"name": "Tackle",
		"type": "level",
		"level": 1
	},
	{
		"id": 39,
		"name": "Tail Whip",
		"type": "level",
		"level": 1
	},
	{
		"id": 98,
		"name": "Quick Attack",
		"type": "level",
		"level": 4
	},
	{
		"id": 116,
		"name": "Focus Energy",
		"type": "level",
		"level": 7
	},
	{
		"id": 44,
		"name": "Bite",
		"type": "level",
		"level": 10
	},
	{
		"id": 228,
		"name": "Pursuit",
		"type": "level",
		"level": 13
	},
	{
		"id": 162,
		"name": "Super Fang",
		"type": "level",
		"level": 15
	},
	{
		"id": 158,
		"name": "Hyper Fang",
		"type": "level",
		"level": 16
	},
	{
		"id": 36,
		"name": "Take Down",
		"type": "level",
		"level": 16
	},
	{
		"id": 242,
		"name": "Crunch",
		"type": "level",
		"level": 18
	},
	{
		"id": 372,
		"name": "Assurance",
		"type": "level",
		"level": 19
	},
	{
		"id": 389,
		"name": "Sucker Punch",
		"type": "level",
		"level": 24
	},
	{
		"id": 38,
		"name": "Double-Edge",
		"type": "level",
		"level": 27
	},
	{
		"id": 283,
		"name": "Endeavor",
		"type": "level",
		"level": 34
	},
	{
		"id": 154,
		"name": "Fury Swipes",
		"type": "egg_moves"
	},
	{
		"id": 382,
		"name": "Me First",
		"type": "egg_moves"
	},
	{
		"id": 172,
		"name": "Flame Wheel",
		"type": "egg_moves"
	},
	{
		"id": 515,
		"name": "Final Gambit",
		"type": "egg_moves"
	},
	{
		"id": 389,
		"name": "Sucker Punch",
		"type": "move_tutor"
	},
	{
		"id": 387,
		"name": "Last Resort",
		"type": "move_tutor"
	},
	{
		"id": 343,
		"name": "Covet",
		"type": "move_tutor"
	},
	{
		"id": 173,
		"name": "Snore",
		"type": "move_tutor"
	},
	{
		"id": 283,
		"name": "Endeavor",
		"type": "move_tutor"
	},
	{
		"id": 111,
		"name": "Defense Curl",
		"type": "move_tutor"
	},
	{
		"id": 117,
		"name": "Bide",
		"type": "move_learner_tools"
	},
	{
		"id": 240,
		"name": "Rain Dance",
		"type": "move_learner_tools"
	},
	{
		"id": 269,
		"name": "Taunt",
		"type": "move_learner_tools"
	},
	{
		"id": 130,
		"name": "Skull Bash",
		"type": "move_learner_tools"
	},
	{
		"id": 129,
		"name": "Swift",
		"type": "move_learner_tools"
	},
	{
		"id": 263,
		"name": "Facade",
		"type": "move_learner_tools"
	},
	{
		"id": 528,
		"name": "Wild Charge",
		"type": "move_learner_tools"
	},
	{
		"id": 253,
		"name": "Uproar",
		"type": "move_learner_tools"
	},
	{
		"id": 526,
		"name": "Work Up",
		"type": "move_learner_tools"
	},
	{
		"id": 249,
		"name": "Rock Smash",
		"type": "move_learner_tools"
	},
	{
		"id": 247,
		"name": "Shadow Ball",
		"type": "move_learner_tools"
	},
	{
		"id": 242,
		"name": "Crunch",
		"type": "move_learner_tools"
	},
	{
		"id": 241,
		"name": "Sunny Day",
		"type": "move_learner_tools"
	},
	{
		"id": 514,
		"name": "Retaliate",
		"type": "move_learner_tools"
	},
	{
		"id": 102,
		"name": "Mimic",
		"type": "move_learner_tools"
	},
	{
		"id": 34,
		"name": "Body Slam",
		"type": "move_learner_tools"
	},
	{
		"id": 237,
		"name": "Hidden Power",
		"type": "move_learner_tools"
	},
	{
		"id": 99,
		"name": "Rage",
		"type": "move_learner_tools"
	},
	{
		"id": 372,
		"name": "Assurance",
		"type": "move_learner_tools"
	},
	{
		"id": 369,
		"name": "U-turn",
		"type": "move_learner_tools"
	},
	{
		"id": 231,
		"name": "Iron Tail",
		"type": "move_learner_tools"
	},
	{
		"id": 59,
		"name": "Blizzard",
		"type": "move_learner_tools"
	},
	{
		"id": 92,
		"name": "Toxic",
		"type": "move_learner_tools"
	},
	{
		"id": 365,
		"name": "Pluck",
		"type": "move_learner_tools"
	},
	{
		"id": 363,
		"name": "Natural Gift",
		"type": "move_learner_tools"
	},
	{
		"id": 87,
		"name": "Thunder",
		"type": "move_learner_tools"
	},
	{
		"id": 86,
		"name": "Thunder Wave",
		"type": "move_learner_tools"
	},
	{
		"id": 496,
		"name": "Round",
		"type": "move_learner_tools"
	},
	{
		"id": 218,
		"name": "Frustration",
		"type": "move_learner_tools"
	},
	{
		"id": 216,
		"name": "Return",
		"type": "move_learner_tools"
	},
	{
		"id": 351,
		"name": "Shock Wave",
		"type": "move_learner_tools"
	},
	{
		"id": 213,
		"name": "Attract",
		"type": "move_learner_tools"
	},
	{
		"id": 207,
		"name": "Swagger",
		"type": "move_learner_tools"
	},
	{
		"id": 68,
		"name": "Counter",
		"type": "move_learner_tools"
	},
	{
		"id": 203,
		"name": "Endure",
		"type": "move_learner_tools"
	},
	{
		"id": 104,
		"name": "Double Team",
		"type": "move_learner_tools"
	},
	{
		"id": 36,
		"name": "Take Down",
		"type": "move_learner_tools"
	},
	{
		"id": 61,
		"name": "BubbleBeam",
		"type": "move_learner_tools"
	},
	{
		"id": 196,
		"name": "Icy Wind",
		"type": "move_learner_tools"
	},
	{
		"id": 58,
		"name": "Ice Beam",
		"type": "move_learner_tools"
	},
	{
		"id": 55,
		"name": "Water Gun",
		"type": "move_learner_tools"
	},
	{
		"id": 214,
		"name": "Sleep Talk",
		"type": "move_learner_tools"
	},
	{
		"id": 189,
		"name": "Mud-Slap",
		"type": "move_learner_tools"
	},
	{
		"id": 188,
		"name": "Sludge Bomb",
		"type": "move_learner_tools"
	},
	{
		"id": 85,
		"name": "Thunderbolt",
		"type": "move_learner_tools"
	},
	{
		"id": 182,
		"name": "Protect",
		"type": "move_learner_tools"
	},
	{
		"id": 91,
		"name": "Dig",
		"type": "move_learner_tools"
	},
	{
		"id": 179,
		"name": "Reversal",
		"type": "move_learner_tools"
	},
	{
		"id": 451,
		"name": "Charge Beam",
		"type": "move_learner_tools"
	},
	{
		"id": 116,
		"name": "Focus Energy",
		"type": "move_learner_tools"
	},
	{
		"id": 38,
		"name": "Double-Edge",
		"type": "move_learner_tools"
	},
	{
		"id": 174,
		"name": "Curse",
		"type": "move_learner_tools"
	},
	{
		"id": 447,
		"name": "Grass Knot",
		"type": "move_learner_tools"
	},
	{
		"id": 445,
		"name": "Captivate",
		"type": "move_learner_tools"
	},
	{
		"id": 103,
		"name": "Screech",
		"type": "move_learner_tools"
	},
	{
		"id": 168,
		"name": "Thief",
		"type": "move_learner_tools"
	},
	{
		"id": 29,
		"name": "Headbutt",
		"type": "move_learner_tools"
	},
	{
		"id": 164,
		"name": "Substitute",
		"type": "move_learner_tools"
	},
	{
		"id": 162,
		"name": "Super Fang",
		"type": "move_learner_tools"
	},
	{
		"id": 156,
		"name": "Rest",
		"type": "move_learner_tools"
	},
	{
		"id": 428,
		"name": "Zen Headbutt",
		"type": "move_learner_tools"
	},
	{
		"id": 290,
		"name": "Secret Power",
		"type": "move_learner_tools"
	},
	{
		"id": 15,
		"name": "Cut",
		"type": "move_learner_tools"
	},
	{
		"id": 279,
		"name": "Revenge",
		"type": "move_learner_tools"
	}
],
"types": [
	"NORMAL",
	"NORMAL"
],
"stats": {
	"hp": 30,
	"attack": 56,
	"defense": 35,
	"speed": 72,
	"sp_attack": 25,
	"sp_defense": 35
},
"yields": {
	"exp": 51,
	"ev_hp": 0,
	"ev_attack": 0,
	"ev_defense": 0,
	"ev_speed": 1,
	"ev_sp_attack": 0,
	"ev_sp_defense": 0
},
"tiers": [
	"Untiered"
],
"held_items": [
	{
		"id": 5200,
		"name": "Chilan Berry"
	}
],
"locations": [
	{
		"type": "Inside",
		"region_id": 0,
		"region_name": "Kanto",
		"location": "POKéMON MANSION",
		"min_level": 28,
		"max_level": 30,
		"rarity": "Uncommon"
	},
	{
		"type": "Inside",
		"region_id": 0,
		"region_name": "Kanto",
		"location": "POKéMON MANSION",
		"min_level": 28,
		"max_level": 29,
		"rarity": "Horde"
	},
	{
		"type": "Grass",
		"region_id": 0,
		"region_name": "Kanto",
		"location": "ROUTE 1",
		"min_level": 2,
		"max_level": 4,
		"rarity": "Very Common"
	},
	{
		"type": "Grass",
		"region_id": 0,
		"region_name": "Kanto",
		"location": "ROUTE 1",
		"min_level": 2,
		"max_level": 4,
		"rarity": "Very Common"
	},
	{
		"type": "Grass",
		"region_id": 0,
		"region_name": "Kanto",
		"location": "ROUTE 1",
		"min_level": 2,
		"max_level": 4,
		"rarity": "Very Common"
	},
	{
		"type": "Grass",
		"region_id": 0,
		"region_name": "Kanto",
		"location": "ROUTE 1",
		"min_level": 2,
		"max_level": 4,
		"rarity": "Very Common"
	},
	{
		"type": "Grass",
		"region_id": 0,
		"region_name": "Kanto",
		"location": "ROUTE 2",
		"min_level": 3,
		"max_level": 5,
		"rarity": "Common"
	},
	{
		"type": "Grass",
		"region_id": 0,
		"region_name": "Kanto",
		"location": "ROUTE 3",
		"min_level": 5,
		"max_level": 8,
		"rarity": "Common"
	},
	{
		"type": "Grass",
		"region_id": 0,
		"region_name": "Kanto",
		"location": "ROUTE 4",
		"min_level": 7,
		"max_level": 8,
		"rarity": "Horde"
	},
	{
		"type": "Grass",
		"region_id": 0,
		"region_name": "Kanto",
		"location": "ROUTE 4",
		"min_level": 8,
		"max_level": 12,
		"rarity": "Common"
	},
	{
		"type": "Grass",
		"region_id": 0,
		"region_name": "Kanto",
		"location": "ROUTE 5",
		"min_level": 12,
		"max_level": 15,
		"rarity": "Uncommon"
	},
	{
		"type": "Grass",
		"region_id": 0,
		"region_name": "Kanto",
		"location": "ROUTE 6",
		"min_level": 12,
		"max_level": 15,
		"rarity": "Rare"
	},
	{
		"type": "Grass",
		"region_id": 0,
		"region_name": "Kanto",
		"location": "ROUTE 7",
		"min_level": 15,
		"max_level": 17,
		"rarity": "Horde"
	},
	{
		"type": "Grass",
		"region_id": 0,
		"region_name": "Kanto",
		"location": "ROUTE 7",
		"min_level": 17,
		"max_level": 18,
		"rarity": "Uncommon"
	},
	{
		"type": "Grass",
		"region_id": 0,
		"region_name": "Kanto",
		"location": "ROUTE 8",
		"min_level": 17,
		"max_level": 18,
		"rarity": "Uncommon"
	},
	{
		"type": "Grass",
		"region_id": 0,
		"region_name": "Kanto",
		"location": "ROUTE 9",
		"min_level": 12,
		"max_level": 13,
		"rarity": "Horde"
	},
	{
		"type": "Grass",
		"region_id": 0,
		"region_name": "Kanto",
		"location": "ROUTE 9",
		"min_level": 14,
		"max_level": 17,
		"rarity": "Uncommon"
	},
	{
		"type": "Grass",
		"region_id": 0,
		"region_name": "Kanto",
		"location": "ROUTE 10",
		"min_level": 14,
		"max_level": 17,
		"rarity": "Uncommon"
	},
	{
		"type": "Grass",
		"region_id": 0,
		"region_name": "Kanto",
		"location": "ROUTE 10",
		"min_level": 14,
		"max_level": 17,
		"rarity": "Uncommon"
	},
	{
		"type": "Grass",
		"region_id": 0,
		"region_name": "Kanto",
		"location": "ROUTE 10",
		"min_level": 14,
		"max_level": 17,
		"rarity": "Uncommon"
	},
	{
		"type": "Grass",
		"region_id": 0,
		"region_name": "Kanto",
		"location": "ROUTE 10",
		"min_level": 14,
		"max_level": 17,
		"rarity": "Rare"
	},
	{
		"type": "Grass",
		"region_id": 0,
		"region_name": "Kanto",
		"location": "ROUTE 11",
		"min_level": 12,
		"max_level": 16,
		"rarity": "Uncommon"
	},
	{
		"type": "Grass",
		"region_id": 0,
		"region_name": "Kanto",
		"location": "ROUTE 16",
		"min_level": 20,
		"max_level": 22,
		"rarity": "Uncommon"
	},
	{
		"type": "Grass",
		"region_id": 0,
		"region_name": "Kanto",
		"location": "ROUTE 17",
		"min_level": 22,
		"max_level": 25,
		"rarity": "Rare"
	},
	{
		"type": "Grass",
		"region_id": 0,
		"region_name": "Kanto",
		"location": "ROUTE 18",
		"min_level": 24,
		"max_level": 26,
		"rarity": "Uncommon"
	},
	{
		"type": "Grass",
		"region_id": 0,
		"region_name": "Kanto",
		"location": "ROUTE 21",
		"min_level": 27,
		"max_level": 29,
		"rarity": "Uncommon"
	},
	{
		"type": "Grass",
		"region_id": 0,
		"region_name": "Kanto",
		"location": "ROUTE 22",
		"min_level": 3,
		"max_level": 5,
		"rarity": "Very Common"
	},
	{
		"type": "Grass",
		"region_id": 2,
		"region_name": "Unova",
		"location": "Route 2",
		"min_level": 10,
		"max_level": 10,
		"rarity": "Lure"
	},
	{
		"type": "Grass",
		"region_id": 3,
		"region_name": "Sinnoh",
		"location": "Route 225",
		"min_level": 47,
		"max_level": 47,
		"rarity": "Rare"
	},
	{
		"type": "Grass",
		"region_id": 3,
		"region_name": "Sinnoh",
		"location": "Route 226",
		"min_level": 47,
		"max_level": 47,
		"rarity": "Rare"
	},
	{
		"type": "Cave",
		"region_id": 4,
		"region_name": "Johto",
		"location": "Burned Tower",
		"min_level": 14,
		"max_level": 16,
		"rarity": "Horde"
	},
	{
		"type": "Cave",
		"region_id": 4,
		"region_name": "Johto",
		"location": "Burned Tower",
		"min_level": 18,
		"max_level": 20,
		"rarity": "Very Common"
	},
	{
		"type": "Cave",
		"region_id": 4,
		"region_name": "Johto",
		"location": "Mt. Mortar",
		"min_level": 17,
		"max_level": 18,
		"rarity": "Horde"
	},
	{
		"type": "Cave",
		"region_id": 4,
		"region_name": "Johto",
		"location": "Mt. Mortar",
		"min_level": 19,
		"max_level": 22,
		"rarity": "Uncommon"
	},
	{
		"type": "Grass",
		"region_id": 4,
		"region_name": "Johto",
		"location": "Route 29",
		"min_level": 2,
		"max_level": 4,
		"rarity": "Common"
	},
	{
		"type": "Grass",
		"region_id": 4,
		"region_name": "Johto",
		"location": "Route 30 (Night)",
		"min_level": 3,
		"max_level": 4,
		"rarity": "Very Common"
	},
	{
		"type": "Grass",
		"region_id": 4,
		"region_name": "Johto",
		"location": "Route 31 (Night)",
		"min_level": 4,
		"max_level": 7,
		"rarity": "Common"
	},
	{
		"type": "Grass",
		"region_id": 4,
		"region_name": "Johto",
		"location": "Route 32",
		"min_level": 8,
		"max_level": 9,
		"rarity": "Common"
	},
	{
		"type": "Grass",
		"region_id": 4,
		"region_name": "Johto",
		"location": "Route 33",
		"min_level": 11,
		"max_level": 12,
		"rarity": "Very Common"
	},
	{
		"type": "Grass",
		"region_id": 4,
		"region_name": "Johto",
		"location": "Route 33 (Night)",
		"min_level": 7,
		"max_level": 9,
		"rarity": "Horde"
	},
	{
		"type": "Grass",
		"region_id": 4,
		"region_name": "Johto",
		"location": "Route 34",
		"min_level": 13,
		"max_level": 14,
		"rarity": "Common"
	},
	{
		"type": "Grass",
		"region_id": 4,
		"region_name": "Johto",
		"location": "Route 38",
		"min_level": 18,
		"max_level": 20,
		"rarity": "Uncommon"
	},
	{
		"type": "Grass",
		"region_id": 4,
		"region_name": "Johto",
		"location": "Route 39",
		"min_level": 19,
		"max_level": 20,
		"rarity": "Uncommon"
	},
	{
		"type": "Grass",
		"region_id": 4,
		"region_name": "Johto",
		"location": "Route 42",
		"min_level": 22,
		"max_level": 24,
		"rarity": "Uncommon"
	},
	{
		"type": "Grass",
		"region_id": 4,
		"region_name": "Johto",
		"location": "Route 46",
		"min_level": 2,
		"max_level": 5,
		"rarity": "Very Common"
	},
	{
		"type": "Cave",
		"region_id": 4,
		"region_name": "Johto",
		"location": "Safari Zone",
		"min_level": 28,
		"max_level": 31,
		"rarity": "Uncommon"
	},
	{
		"type": "Cave",
		"region_id": 4,
		"region_name": "Johto",
		"location": "Sprout Tower",
		"min_level": 5,
		"max_level": 7,
		"rarity": "Very Common"
	},
	{
		"type": "Cave",
		"region_id": 4,
		"region_name": "Johto",
		"location": "Tohjo Falls",
		"min_level": 22,
		"max_level": 39,
		"rarity": "Rare"
	},
	{
		"type": "Cave",
		"region_id": 4,
		"region_name": "Johto",
		"location": "Union Cave",
		"min_level": 9,
		"max_level": 25,
		"rarity": "Common"
	}
]
}