{
"id": 192,
"name": "Sunflora",
"exp_type": "MEDIUM_SLOW",
"obtainable": true,
"gender_ratio": 127,
"height": 8,
"weight": 85,
"egg_groups": [
	"plant"
],
"abilities": [
	{
		"id": 34,
		"name": "Chlorophyll"
	},
	{
		"id": 94,
		"name": "Solar Power"
	},
	{
		"id": 48,
		"name": "Early Bird"
	}
],
"forms": [
	{
		"form_id": 0,
		"id": 192,
		"name": "Sunflora"
	}
],
"evolutions": [],
"moves": [
	{
		"id": 1,
		"name": "Pound",
		"type": "level",
		"level": 1
	},
	{
		"id": 71,
		"name": "Absorb",
		"type": "level",
		"level": 1
	},
	{
		"id": 74,
		"name": "Growth",
		"type": "level",
		"level": 1
	},
	{
		"id": 33,
		"name": "Tackle",
		"type": "level",
		"level": 1
	},
	{
		"id": 275,
		"name": "Ingrain",
		"type": "level",
		"level": 4
	},
	{
		"id": 320,
		"name": "GrassWhistle",
		"type": "level",
		"level": 7
	},
	{
		"id": 71,
		"name": "Absorb",
		"type": "level",
		"level": 7
	},
	{
		"id": 72,
		"name": "Mega Drain",
		"type": "level",
		"level": 10
	},
	{
		"id": 73,
		"name": "Leech Seed",
		"type": "level",
		"level": 13
	},
	{
		"id": 75,
		"name": "Razor Leaf",
		"type": "level",
		"level": 16
	},
	{
		"id": 388,
		"name": "Worry Seed",
		"type": "level",
		"level": 19
	},
	{
		"id": 202,
		"name": "Giga Drain",
		"type": "level",
		"level": 22
	},
	{
		"id": 331,
		"name": "Bullet Seed",
		"type": "level",
		"level": 25
	},
	{
		"id": 80,
		"name": "Petal Dance",
		"type": "level",
		"level": 28
	},
	{
		"id": 363,
		"name": "Natural Gift",
		"type": "level",
		"level": 31
	},
	{
		"id": 76,
		"name": "SolarBeam",
		"type": "level",
		"level": 31
	},
	{
		"id": 38,
		"name": "Double-Edge",
		"type": "level",
		"level": 34
	},
	{
		"id": 241,
		"name": "Sunny Day",
		"type": "level",
		"level": 39
	},
	{
		"id": 437,
		"name": "Leaf Storm",
		"type": "level",
		"level": 43
	},
	{
		"id": 388,
		"name": "Worry Seed",
		"type": "move_tutor"
	},
	{
		"id": 495,
		"name": "After You",
		"type": "move_tutor"
	},
	{
		"id": 283,
		"name": "Endeavor",
		"type": "move_tutor"
	},
	{
		"id": 173,
		"name": "Snore",
		"type": "move_tutor"
	},
	{
		"id": 235,
		"name": "Synthesis",
		"type": "move_tutor"
	},
	{
		"id": 150,
		"name": "Splash",
		"type": "special_moves"
	},
	{
		"id": 402,
		"name": "Seed Bomb",
		"type": "prevo_moves"
	},
	{
		"id": 283,
		"name": "Endeavor",
		"type": "prevo_moves"
	},
	{
		"id": 235,
		"name": "Synthesis",
		"type": "prevo_moves"
	},
	{
		"id": 290,
		"name": "Secret Power",
		"type": "move_learner_tools"
	},
	{
		"id": 164,
		"name": "Substitute",
		"type": "move_learner_tools"
	},
	{
		"id": 253,
		"name": "Uproar",
		"type": "move_learner_tools"
	},
	{
		"id": 188,
		"name": "Sludge Bomb",
		"type": "move_learner_tools"
	},
	{
		"id": 182,
		"name": "Protect",
		"type": "move_learner_tools"
	},
	{
		"id": 36,
		"name": "Take Down",
		"type": "move_learner_tools"
	},
	{
		"id": 14,
		"name": "Swords Dance",
		"type": "move_learner_tools"
	},
	{
		"id": 174,
		"name": "Curse",
		"type": "move_learner_tools"
	},
	{
		"id": 270,
		"name": "Helping Hand",
		"type": "move_learner_tools"
	},
	{
		"id": 267,
		"name": "Nature Power",
		"type": "move_learner_tools"
	},
	{
		"id": 363,
		"name": "Natural Gift",
		"type": "move_learner_tools"
	},
	{
		"id": 117,
		"name": "Bide",
		"type": "move_learner_tools"
	},
	{
		"id": 263,
		"name": "Facade",
		"type": "move_learner_tools"
	},
	{
		"id": 214,
		"name": "Sleep Talk",
		"type": "move_learner_tools"
	},
	{
		"id": 63,
		"name": "Hyper Beam",
		"type": "move_learner_tools"
	},
	{
		"id": 218,
		"name": "Frustration",
		"type": "move_learner_tools"
	},
	{
		"id": 447,
		"name": "Grass Knot",
		"type": "move_learner_tools"
	},
	{
		"id": 445,
		"name": "Captivate",
		"type": "move_learner_tools"
	},
	{
		"id": 345,
		"name": "Magical Leaf",
		"type": "move_learner_tools"
	},
	{
		"id": 148,
		"name": "Flash",
		"type": "move_learner_tools"
	},
	{
		"id": 437,
		"name": "Leaf Storm",
		"type": "move_learner_tools"
	},
	{
		"id": 241,
		"name": "Sunny Day",
		"type": "move_learner_tools"
	},
	{
		"id": 240,
		"name": "Rain Dance",
		"type": "move_learner_tools"
	},
	{
		"id": 237,
		"name": "Hidden Power",
		"type": "move_learner_tools"
	},
	{
		"id": 331,
		"name": "Bullet Seed",
		"type": "move_learner_tools"
	},
	{
		"id": 76,
		"name": "SolarBeam",
		"type": "move_learner_tools"
	},
	{
		"id": 38,
		"name": "Double-Edge",
		"type": "move_learner_tools"
	},
	{
		"id": 230,
		"name": "Sweet Scent",
		"type": "move_learner_tools"
	},
	{
		"id": 227,
		"name": "Encore",
		"type": "move_learner_tools"
	},
	{
		"id": 156,
		"name": "Rest",
		"type": "move_learner_tools"
	},
	{
		"id": 416,
		"name": "Giga Impact",
		"type": "move_learner_tools"
	},
	{
		"id": 414,
		"name": "Earth Power",
		"type": "move_learner_tools"
	},
	{
		"id": 219,
		"name": "Safeguard",
		"type": "move_learner_tools"
	},
	{
		"id": 412,
		"name": "Energy Ball",
		"type": "move_learner_tools"
	},
	{
		"id": 72,
		"name": "Mega Drain",
		"type": "move_learner_tools"
	},
	{
		"id": 216,
		"name": "Return",
		"type": "move_learner_tools"
	},
	{
		"id": 311,
		"name": "Weather Ball",
		"type": "move_learner_tools"
	},
	{
		"id": 213,
		"name": "Attract",
		"type": "move_learner_tools"
	},
	{
		"id": 113,
		"name": "Light Screen",
		"type": "move_learner_tools"
	},
	{
		"id": 15,
		"name": "Cut",
		"type": "move_learner_tools"
	},
	{
		"id": 402,
		"name": "Seed Bomb",
		"type": "move_learner_tools"
	},
	{
		"id": 207,
		"name": "Swagger",
		"type": "move_learner_tools"
	},
	{
		"id": 496,
		"name": "Round",
		"type": "move_learner_tools"
	},
	{
		"id": 203,
		"name": "Endure",
		"type": "move_learner_tools"
	},
	{
		"id": 202,
		"name": "Giga Drain",
		"type": "move_learner_tools"
	},
	{
		"id": 104,
		"name": "Double Team",
		"type": "move_learner_tools"
	},
	{
		"id": 102,
		"name": "Mimic",
		"type": "move_learner_tools"
	},
	{
		"id": 92,
		"name": "Toxic",
		"type": "move_learner_tools"
	}
],
"types": [
	"GRASS",
	"GRASS"
],
"stats": {
	"hp": 75,
	"attack": 75,
	"defense": 55,
	"speed": 30,
	"sp_attack": 105,
	"sp_defense": 85
},
"yields": {
	"exp": 149,
	"ev_hp": 0,
	"ev_attack": 0,
	"ev_defense": 0,
	"ev_speed": 0,
	"ev_sp_attack": 2,
	"ev_sp_defense": 0
},
"tiers": [
	"Untiered"
],
"held_items": [
	{
		"id": 5192,
		"name": "Coba Berry"
	}
],
"locations": [
	{
		"type": "Grass",
		"region_id": 2,
		"region_name": "Unova",
		"location": "Route 12",
		"min_level": 53,
		"max_level": 53,
		"rarity": "Lure"
	},
	{
		"type": "Grass",
		"region_id": 2,
		"region_name": "Unova",
		"location": "Route 12",
		"min_level": 60,
		"max_level": 65,
		"rarity": "Special"
	}
]
}