{
"id": 198,
"name": "Murkrow",
"exp_type": "MEDIUM_SLOW",
"obtainable": true,
"gender_ratio": 127,
"height": 5,
"weight": 21,
"egg_groups": [
	"flying"
],
"abilities": [
	{
		"id": 15,
		"name": "Insomnia"
	},
	{
		"id": 105,
		"name": "Super Luck"
	},
	{
		"id": 158,
		"name": "Prankster"
	}
],
"forms": [
	{
		"form_id": 0,
		"id": 198,
		"name": "Murkrow"
	}
],
"evolutions": [
	{
		"id": 430,
		"name": "Honchkrow",
		"type": "ITEM",
		"val": 5108,
		"item_name": "Dusk Stone"
	}
],
"moves": [
	{
		"id": 64,
		"name": "Peck",
		"type": "level",
		"level": 1
	},
	{
		"id": 310,
		"name": "Astonish",
		"type": "level",
		"level": 1
	},
	{
		"id": 16,
		"name": "Gust",
		"type": "level",
		"level": 1
	},
	{
		"id": 228,
		"name": "Pursuit",
		"type": "level",
		"level": 5
	},
	{
		"id": 16,
		"name": "Gust",
		"type": "level",
		"level": 5
	},
	{
		"id": 555,
		"name": "Snarl",
		"type": "level",
		"level": 6
	},
	{
		"id": 114,
		"name": "Haze",
		"type": "level",
		"level": 11
	},
	{
		"id": 355,
		"name": "Roost",
		"type": "level",
		"level": 11
	},
	{
		"id": 17,
		"name": "Wing Attack",
		"type": "level",
		"level": 15
	},
	{
		"id": 332,
		"name": "Aerial Ace",
		"type": "level",
		"level": 18
	},
	{
		"id": 101,
		"name": "Night Shade",
		"type": "level",
		"level": 21
	},
	{
		"id": 372,
		"name": "Assurance",
		"type": "level",
		"level": 25
	},
	{
		"id": 400,
		"name": "Night Slash",
		"type": "level",
		"level": 25
	},
	{
		"id": 403,
		"name": "Air Slash",
		"type": "level",
		"level": 30
	},
	{
		"id": 269,
		"name": "Taunt",
		"type": "level",
		"level": 31
	},
	{
		"id": 417,
		"name": "Nasty Plot",
		"type": "level",
		"level": 34
	},
	{
		"id": 185,
		"name": "Faint Attack",
		"type": "level",
		"level": 35
	},
	{
		"id": 314,
		"name": "Air Cutter",
		"type": "level",
		"level": 35
	},
	{
		"id": 212,
		"name": "Mean Look",
		"type": "level",
		"level": 35
	},
	{
		"id": 492,
		"name": "Foul Play",
		"type": "level",
		"level": 40
	},
	{
		"id": 399,
		"name": "Dark Pulse",
		"type": "level",
		"level": 43
	},
	{
		"id": 366,
		"name": "Tailwind",
		"type": "level",
		"level": 50
	},
	{
		"id": 389,
		"name": "Sucker Punch",
		"type": "level",
		"level": 50
	},
	{
		"id": 259,
		"name": "Torment",
		"type": "level",
		"level": 55
	},
	{
		"id": 511,
		"name": "Quash",
		"type": "level",
		"level": 60
	},
	{
		"id": 297,
		"name": "FeatherDance",
		"type": "egg_moves"
	},
	{
		"id": 65,
		"name": "Drill Peck",
		"type": "egg_moves"
	},
	{
		"id": 386,
		"name": "Punishment",
		"type": "egg_moves"
	},
	{
		"id": 260,
		"name": "Flatter",
		"type": "egg_moves"
	},
	{
		"id": 195,
		"name": "Perish Song",
		"type": "egg_moves"
	},
	{
		"id": 375,
		"name": "Psycho Shift",
		"type": "egg_moves"
	},
	{
		"id": 98,
		"name": "Quick Attack",
		"type": "egg_moves"
	},
	{
		"id": 119,
		"name": "Mirror Move",
		"type": "egg_moves"
	},
	{
		"id": 389,
		"name": "Sucker Punch",
		"type": "move_tutor"
	},
	{
		"id": 173,
		"name": "Snore",
		"type": "move_tutor"
	},
	{
		"id": 171,
		"name": "Nightmare",
		"type": "move_tutor"
	},
	{
		"id": 239,
		"name": "Twister",
		"type": "move_tutor"
	},
	{
		"id": 466,
		"name": "Ominous Wind",
		"type": "move_tutor"
	},
	{
		"id": 143,
		"name": "Sky Attack",
		"type": "move_tutor"
	},
	{
		"id": 185,
		"name": "Faint Attack",
		"type": "move_tutor"
	},
	{
		"id": 104,
		"name": "Double Team",
		"type": "move_learner_tools"
	},
	{
		"id": 269,
		"name": "Taunt",
		"type": "move_learner_tools"
	},
	{
		"id": 156,
		"name": "Rest",
		"type": "move_learner_tools"
	},
	{
		"id": 314,
		"name": "Air Cutter",
		"type": "move_learner_tools"
	},
	{
		"id": 19,
		"name": "Fly",
		"type": "move_learner_tools"
	},
	{
		"id": 180,
		"name": "Spite",
		"type": "move_learner_tools"
	},
	{
		"id": 138,
		"name": "Dream Eater",
		"type": "move_learner_tools"
	},
	{
		"id": 184,
		"name": "Scary Face",
		"type": "move_learner_tools"
	},
	{
		"id": 94,
		"name": "Psychic",
		"type": "move_learner_tools"
	},
	{
		"id": 129,
		"name": "Swift",
		"type": "move_learner_tools"
	},
	{
		"id": 290,
		"name": "Secret Power",
		"type": "move_learner_tools"
	},
	{
		"id": 289,
		"name": "Snatch",
		"type": "move_learner_tools"
	},
	{
		"id": 445,
		"name": "Captivate",
		"type": "move_learner_tools"
	},
	{
		"id": 203,
		"name": "Endure",
		"type": "move_learner_tools"
	},
	{
		"id": 114,
		"name": "Haze",
		"type": "move_learner_tools"
	},
	{
		"id": 109,
		"name": "Confuse Ray",
		"type": "move_learner_tools"
	},
	{
		"id": 432,
		"name": "Defog",
		"type": "move_learner_tools"
	},
	{
		"id": 216,
		"name": "Return",
		"type": "move_learner_tools"
	},
	{
		"id": 103,
		"name": "Screech",
		"type": "move_learner_tools"
	},
	{
		"id": 102,
		"name": "Mimic",
		"type": "move_learner_tools"
	},
	{
		"id": 101,
		"name": "Night Shade",
		"type": "move_learner_tools"
	},
	{
		"id": 263,
		"name": "Facade",
		"type": "move_learner_tools"
	},
	{
		"id": 259,
		"name": "Torment",
		"type": "move_learner_tools"
	},
	{
		"id": 257,
		"name": "Heat Wave",
		"type": "move_learner_tools"
	},
	{
		"id": 92,
		"name": "Toxic",
		"type": "move_learner_tools"
	},
	{
		"id": 417,
		"name": "Nasty Plot",
		"type": "move_learner_tools"
	},
	{
		"id": 416,
		"name": "Giga Impact",
		"type": "move_learner_tools"
	},
	{
		"id": 251,
		"name": "Beat Up",
		"type": "move_learner_tools"
	},
	{
		"id": 413,
		"name": "Brave Bird",
		"type": "move_learner_tools"
	},
	{
		"id": 86,
		"name": "Thunder Wave",
		"type": "move_learner_tools"
	},
	{
		"id": 247,
		"name": "Shadow Ball",
		"type": "move_learner_tools"
	},
	{
		"id": 244,
		"name": "Psych Up",
		"type": "move_learner_tools"
	},
	{
		"id": 240,
		"name": "Rain Dance",
		"type": "move_learner_tools"
	},
	{
		"id": 241,
		"name": "Sunny Day",
		"type": "move_learner_tools"
	},
	{
		"id": 403,
		"name": "Air Slash",
		"type": "move_learner_tools"
	},
	{
		"id": 237,
		"name": "Hidden Power",
		"type": "move_learner_tools"
	},
	{
		"id": 399,
		"name": "Dark Pulse",
		"type": "move_learner_tools"
	},
	{
		"id": 253,
		"name": "Uproar",
		"type": "move_learner_tools"
	},
	{
		"id": 555,
		"name": "Snarl",
		"type": "move_learner_tools"
	},
	{
		"id": 63,
		"name": "Hyper Beam",
		"type": "move_learner_tools"
	},
	{
		"id": 218,
		"name": "Frustration",
		"type": "move_learner_tools"
	},
	{
		"id": 542,
		"name": "Hurricane",
		"type": "move_learner_tools"
	},
	{
		"id": 214,
		"name": "Sleep Talk",
		"type": "move_learner_tools"
	},
	{
		"id": 213,
		"name": "Attract",
		"type": "move_learner_tools"
	},
	{
		"id": 211,
		"name": "Steel Wing",
		"type": "move_learner_tools"
	},
	{
		"id": 373,
		"name": "Embargo",
		"type": "move_learner_tools"
	},
	{
		"id": 372,
		"name": "Assurance",
		"type": "move_learner_tools"
	},
	{
		"id": 371,
		"name": "Payback",
		"type": "move_learner_tools"
	},
	{
		"id": 207,
		"name": "Swagger",
		"type": "move_learner_tools"
	},
	{
		"id": 369,
		"name": "U-turn",
		"type": "move_learner_tools"
	},
	{
		"id": 366,
		"name": "Tailwind",
		"type": "move_learner_tools"
	},
	{
		"id": 365,
		"name": "Pluck",
		"type": "move_learner_tools"
	},
	{
		"id": 38,
		"name": "Double-Edge",
		"type": "move_learner_tools"
	},
	{
		"id": 363,
		"name": "Natural Gift",
		"type": "move_learner_tools"
	},
	{
		"id": 36,
		"name": "Take Down",
		"type": "move_learner_tools"
	},
	{
		"id": 197,
		"name": "Detect",
		"type": "move_learner_tools"
	},
	{
		"id": 196,
		"name": "Icy Wind",
		"type": "move_learner_tools"
	},
	{
		"id": 355,
		"name": "Roost",
		"type": "move_learner_tools"
	},
	{
		"id": 189,
		"name": "Mud-Slap",
		"type": "move_learner_tools"
	},
	{
		"id": 514,
		"name": "Retaliate",
		"type": "move_learner_tools"
	},
	{
		"id": 512,
		"name": "Acrobatics",
		"type": "move_learner_tools"
	},
	{
		"id": 511,
		"name": "Quash",
		"type": "move_learner_tools"
	},
	{
		"id": 347,
		"name": "Calm Mind",
		"type": "move_learner_tools"
	},
	{
		"id": 182,
		"name": "Protect",
		"type": "move_learner_tools"
	},
	{
		"id": 18,
		"name": "Whirlwind",
		"type": "move_learner_tools"
	},
	{
		"id": 506,
		"name": "Hex",
		"type": "move_learner_tools"
	},
	{
		"id": 174,
		"name": "Curse",
		"type": "move_learner_tools"
	},
	{
		"id": 496,
		"name": "Round",
		"type": "move_learner_tools"
	},
	{
		"id": 332,
		"name": "Aerial Ace",
		"type": "move_learner_tools"
	},
	{
		"id": 168,
		"name": "Thief",
		"type": "move_learner_tools"
	},
	{
		"id": 492,
		"name": "Foul Play",
		"type": "move_learner_tools"
	},
	{
		"id": 164,
		"name": "Substitute",
		"type": "move_learner_tools"
	}
],
"types": [
	"DARK",
	"FLYING"
],
"stats": {
	"hp": 60,
	"attack": 85,
	"defense": 42,
	"speed": 91,
	"sp_attack": 85,
	"sp_defense": 42
},
"yields": {
	"exp": 81,
	"ev_hp": 0,
	"ev_attack": 0,
	"ev_defense": 0,
	"ev_speed": 1,
	"ev_sp_attack": 0,
	"ev_sp_defense": 0
},
"tiers": [
	"Untiered"
],
"held_items": [
	{
		"id": 5108,
		"name": "Dusk Stone"
	}
],
"locations": [
	{
		"type": "Cave",
		"region_id": 0,
		"region_name": "Kanto",
		"location": "LOST CAVE",
		"min_level": 50,
		"max_level": 52,
		"rarity": "Rare"
	},
	{
		"type": "Cave",
		"region_id": 0,
		"region_name": "Kanto",
		"location": "LOST CAVE (Night)",
		"min_level": 48,
		"max_level": 50,
		"rarity": "Horde"
	},
	{
		"type": "Grass",
		"region_id": 0,
		"region_name": "Kanto",
		"location": "ROUTE 7 (Night)",
		"min_level": 18,
		"max_level": 20,
		"rarity": "Rare"
	},
	{
		"type": "Grass",
		"region_id": 0,
		"region_name": "Kanto",
		"location": "ROUTE 16 (Night)",
		"min_level": 20,
		"max_level": 25,
		"rarity": "Uncommon"
	},
	{
		"type": "Grass",
		"region_id": 0,
		"region_name": "Kanto",
		"location": "ROUTE 18 (Night)",
		"min_level": 26,
		"max_level": 28,
		"rarity": "Uncommon"
	},
	{
		"type": "Grass",
		"region_id": 2,
		"region_name": "Unova",
		"location": "Abundant Shrine (Night)",
		"min_level": 48,
		"max_level": 48,
		"rarity": "Uncommon"
	},
	{
		"type": "Dark Grass",
		"region_id": 2,
		"region_name": "Unova",
		"location": "Abundant Shrine (Night)",
		"min_level": 53,
		"max_level": 53,
		"rarity": "Uncommon"
	},
	{
		"type": "Shadow",
		"region_id": 2,
		"region_name": "Unova",
		"location": "Celestial Tower",
		"min_level": 32,
		"max_level": 33,
		"rarity": "Special"
	},
	{
		"type": "Shadow",
		"region_id": 2,
		"region_name": "Unova",
		"location": "Route 10",
		"min_level": 43,
		"max_level": 44,
		"rarity": "Special"
	},
	{
		"type": "Grass",
		"region_id": 3,
		"region_name": "Sinnoh",
		"location": "Eterna Forest (Night)",
		"min_level": 10,
		"max_level": 11,
		"rarity": "Uncommon"
	},
	{
		"type": "Cave",
		"region_id": 3,
		"region_name": "Sinnoh",
		"location": "Route 209 (Night)",
		"min_level": 17,
		"max_level": 21,
		"rarity": "Uncommon"
	},
	{
		"type": "Cave",
		"region_id": 3,
		"region_name": "Sinnoh",
		"location": "Route 209 (Night)",
		"min_level": 19,
		"max_level": 21,
		"rarity": "Horde"
	},
	{
		"type": "Headbutt",
		"region_id": 4,
		"region_name": "Johto",
		"location": "Azalea Town",
		"min_level": 11,
		"max_level": 12,
		"rarity": "Common"
	},
	{
		"type": "Headbutt",
		"region_id": 4,
		"region_name": "Johto",
		"location": "Ilex Forest",
		"min_level": 12,
		"max_level": 14,
		"rarity": "Uncommon"
	},
	{
		"type": "Headbutt",
		"region_id": 4,
		"region_name": "Johto",
		"location": "Lake of Rage",
		"min_level": 26,
		"max_level": 28,
		"rarity": "Common"
	},
	{
		"type": "Headbutt",
		"region_id": 4,
		"region_name": "Johto",
		"location": "Mahogany Town",
		"min_level": 24,
		"max_level": 26,
		"rarity": "Common"
	},
	{
		"type": "Headbutt",
		"region_id": 4,
		"region_name": "Johto",
		"location": "Mt. Silver",
		"min_level": 63,
		"max_level": 65,
		"rarity": "Common"
	},
	{
		"type": "Headbutt",
		"region_id": 4,
		"region_name": "Johto",
		"location": "Mt. Silver Cave",
		"min_level": 65,
		"max_level": 67,
		"rarity": "Rare"
	},
	{
		"type": "Headbutt",
		"region_id": 4,
		"region_name": "Johto",
		"location": "Route 26",
		"min_level": 37,
		"max_level": 39,
		"rarity": "Common"
	},
	{
		"type": "Headbutt",
		"region_id": 4,
		"region_name": "Johto",
		"location": "Route 27",
		"min_level": 37,
		"max_level": 39,
		"rarity": "Common"
	},
	{
		"type": "Headbutt",
		"region_id": 4,
		"region_name": "Johto",
		"location": "Route 28",
		"min_level": 63,
		"max_level": 65,
		"rarity": "Uncommon"
	},
	{
		"type": "Headbutt",
		"region_id": 4,
		"region_name": "Johto",
		"location": "Route 28",
		"min_level": 63,
		"max_level": 65,
		"rarity": "Uncommon"
	},
	{
		"type": "Headbutt",
		"region_id": 4,
		"region_name": "Johto",
		"location": "Route 28",
		"min_level": 63,
		"max_level": 65,
		"rarity": "Uncommon"
	},
	{
		"type": "Headbutt",
		"region_id": 4,
		"region_name": "Johto",
		"location": "Route 28",
		"min_level": 63,
		"max_level": 65,
		"rarity": "Common"
	},
	{
		"type": "Headbutt",
		"region_id": 4,
		"region_name": "Johto",
		"location": "Route 32",
		"min_level": 8,
		"max_level": 9,
		"rarity": "Common"
	},
	{
		"type": "Headbutt",
		"region_id": 4,
		"region_name": "Johto",
		"location": "Route 33",
		"min_level": 11,
		"max_level": 12,
		"rarity": "Common"
	},
	{
		"type": "Headbutt",
		"region_id": 4,
		"region_name": "Johto",
		"location": "Route 34",
		"min_level": 13,
		"max_level": 14,
		"rarity": "Common"
	},
	{
		"type": "Headbutt",
		"region_id": 4,
		"region_name": "Johto",
		"location": "Route 42",
		"min_level": 22,
		"max_level": 24,
		"rarity": "Common"
	},
	{
		"type": "Headbutt",
		"region_id": 4,
		"region_name": "Johto",
		"location": "Route 43",
		"min_level": 26,
		"max_level": 28,
		"rarity": "Common"
	},
	{
		"type": "Headbutt",
		"region_id": 4,
		"region_name": "Johto",
		"location": "Route 44",
		"min_level": 30,
		"max_level": 32,
		"rarity": "Common"
	},
	{
		"type": "Headbutt",
		"region_id": 4,
		"region_name": "Johto",
		"location": "Route 45",
		"min_level": 35,
		"max_level": 37,
		"rarity": "Common"
	},
	{
		"type": "Headbutt",
		"region_id": 4,
		"region_name": "Johto",
		"location": "Route 46",
		"min_level": 4,
		"max_level": 5,
		"rarity": "Common"
	},
	{
		"type": "Headbutt",
		"region_id": 4,
		"region_name": "Johto",
		"location": "Route 46",
		"min_level": 4,
		"max_level": 5,
		"rarity": "Common"
	},
	{
		"type": "Headbutt",
		"region_id": 4,
		"region_name": "Johto",
		"location": "Route 46",
		"min_level": 4,
		"max_level": 5,
		"rarity": "Common"
	},
	{
		"type": "Headbutt",
		"region_id": 4,
		"region_name": "Johto",
		"location": "Route 46",
		"min_level": 4,
		"max_level": 5,
		"rarity": "Common"
	},
	{
		"type": "Cave",
		"region_id": 4,
		"region_name": "Johto",
		"location": "Safari Zone (Night)",
		"min_level": 28,
		"max_level": 31,
		"rarity": "Rare"
	},
	{
		"type": "Headbutt",
		"region_id": 4,
		"region_name": "Johto",
		"location": "Safari Zone",
		"min_level": 28,
		"max_level": 31,
		"rarity": "Rare"
	}
]
}