{
"id": 218,
"name": "Slugma",
"exp_type": "MEDIUM_FAST",
"obtainable": true,
"gender_ratio": 127,
"height": 7,
"weight": 350,
"egg_groups": [
	"chaos"
],
"abilities": [
	{
		"id": 40,
		"name": "Magma Armor"
	},
	{
		"id": 49,
		"name": "Flame Body"
	},
	{
		"id": 133,
		"name": "Weak Armor"
	}
],
"forms": [
	{
		"form_id": 0,
		"id": 218,
		"name": "Slugma"
	}
],
"evolutions": [
	{
		"id": 219,
		"name": "Magcargo",
		"type": "LEVEL",
		"val": 38
	}
],
"moves": [
	{
		"id": 123,
		"name": "Smog",
		"type": "level",
		"level": 1
	},
	{
		"id": 281,
		"name": "Yawn",
		"type": "level",
		"level": 1
	},
	{
		"id": 52,
		"name": "Ember",
		"type": "level",
		"level": 6
	},
	{
		"id": 88,
		"name": "Rock Throw",
		"type": "level",
		"level": 8
	},
	{
		"id": 106,
		"name": "Harden",
		"type": "level",
		"level": 13
	},
	{
		"id": 510,
		"name": "Incinerate",
		"type": "level",
		"level": 15
	},
	{
		"id": 499,
		"name": "Clear Smog",
		"type": "level",
		"level": 20
	},
	{
		"id": 246,
		"name": "AncientPower",
		"type": "level",
		"level": 22
	},
	{
		"id": 481,
		"name": "Flame Burst",
		"type": "level",
		"level": 27
	},
	{
		"id": 157,
		"name": "Rock Slide",
		"type": "level",
		"level": 29
	},
	{
		"id": 436,
		"name": "Lava Plume",
		"type": "level",
		"level": 34
	},
	{
		"id": 133,
		"name": "Amnesia",
		"type": "level",
		"level": 36
	},
	{
		"id": 34,
		"name": "Body Slam",
		"type": "level",
		"level": 41
	},
	{
		"id": 105,
		"name": "Recover",
		"type": "level",
		"level": 43
	},
	{
		"id": 53,
		"name": "Flamethrower",
		"type": "level",
		"level": 48
	},
	{
		"id": 414,
		"name": "Earth Power",
		"type": "level",
		"level": 50
	},
	{
		"id": 108,
		"name": "SmokeScreen",
		"type": "egg_moves"
	},
	{
		"id": 151,
		"name": "Acid Armor",
		"type": "egg_moves"
	},
	{
		"id": 517,
		"name": "Inferno",
		"type": "egg_moves"
	},
	{
		"id": 262,
		"name": "Memento",
		"type": "egg_moves"
	},
	{
		"id": 256,
		"name": "Swallow",
		"type": "egg_moves"
	},
	{
		"id": 255,
		"name": "Spit Up",
		"type": "egg_moves"
	},
	{
		"id": 254,
		"name": "Stockpile",
		"type": "egg_moves"
	},
	{
		"id": 111,
		"name": "Defense Curl",
		"type": "move_tutor"
	},
	{
		"id": 246,
		"name": "AncientPower",
		"type": "move_tutor"
	},
	{
		"id": 220,
		"name": "Pain Split",
		"type": "move_tutor"
	},
	{
		"id": 495,
		"name": "After You",
		"type": "move_tutor"
	},
	{
		"id": 173,
		"name": "Snore",
		"type": "move_tutor"
	},
	{
		"id": 126,
		"name": "Fire Blast",
		"type": "move_learner_tools"
	},
	{
		"id": 408,
		"name": "Power Gem",
		"type": "move_learner_tools"
	},
	{
		"id": 133,
		"name": "Amnesia",
		"type": "move_learner_tools"
	},
	{
		"id": 267,
		"name": "Nature Power",
		"type": "move_learner_tools"
	},
	{
		"id": 263,
		"name": "Facade",
		"type": "move_learner_tools"
	},
	{
		"id": 535,
		"name": "Heat Crash",
		"type": "move_learner_tools"
	},
	{
		"id": 257,
		"name": "Heat Wave",
		"type": "move_learner_tools"
	},
	{
		"id": 115,
		"name": "Reflect",
		"type": "move_learner_tools"
	},
	{
		"id": 113,
		"name": "Light Screen",
		"type": "move_learner_tools"
	},
	{
		"id": 523,
		"name": "Bulldoze",
		"type": "move_learner_tools"
	},
	{
		"id": 385,
		"name": "Guard Swap",
		"type": "move_learner_tools"
	},
	{
		"id": 241,
		"name": "Sunny Day",
		"type": "move_learner_tools"
	},
	{
		"id": 102,
		"name": "Mimic",
		"type": "move_learner_tools"
	},
	{
		"id": 34,
		"name": "Body Slam",
		"type": "move_learner_tools"
	},
	{
		"id": 237,
		"name": "Hidden Power",
		"type": "move_learner_tools"
	},
	{
		"id": 510,
		"name": "Incinerate",
		"type": "move_learner_tools"
	},
	{
		"id": 92,
		"name": "Toxic",
		"type": "move_learner_tools"
	},
	{
		"id": 156,
		"name": "Rest",
		"type": "move_learner_tools"
	},
	{
		"id": 363,
		"name": "Natural Gift",
		"type": "move_learner_tools"
	},
	{
		"id": 496,
		"name": "Round",
		"type": "move_learner_tools"
	},
	{
		"id": 83,
		"name": "Fire Spin",
		"type": "move_learner_tools"
	},
	{
		"id": 218,
		"name": "Frustration",
		"type": "move_learner_tools"
	},
	{
		"id": 216,
		"name": "Return",
		"type": "move_learner_tools"
	},
	{
		"id": 488,
		"name": "Flame Charge",
		"type": "move_learner_tools"
	},
	{
		"id": 350,
		"name": "Rock Blast",
		"type": "move_learner_tools"
	},
	{
		"id": 207,
		"name": "Swagger",
		"type": "move_learner_tools"
	},
	{
		"id": 479,
		"name": "Smack Down",
		"type": "move_learner_tools"
	},
	{
		"id": 341,
		"name": "Mud Shot",
		"type": "move_learner_tools"
	},
	{
		"id": 203,
		"name": "Endure",
		"type": "move_learner_tools"
	},
	{
		"id": 201,
		"name": "Sandstorm",
		"type": "move_learner_tools"
	},
	{
		"id": 205,
		"name": "Rollout",
		"type": "move_learner_tools"
	},
	{
		"id": 334,
		"name": "Iron Defense",
		"type": "move_learner_tools"
	},
	{
		"id": 213,
		"name": "Attract",
		"type": "move_learner_tools"
	},
	{
		"id": 214,
		"name": "Sleep Talk",
		"type": "move_learner_tools"
	},
	{
		"id": 53,
		"name": "Flamethrower",
		"type": "move_learner_tools"
	},
	{
		"id": 189,
		"name": "Mud-Slap",
		"type": "move_learner_tools"
	},
	{
		"id": 89,
		"name": "Earthquake",
		"type": "move_learner_tools"
	},
	{
		"id": 182,
		"name": "Protect",
		"type": "move_learner_tools"
	},
	{
		"id": 317,
		"name": "Rock Tomb",
		"type": "move_learner_tools"
	},
	{
		"id": 315,
		"name": "Overheat",
		"type": "move_learner_tools"
	},
	{
		"id": 38,
		"name": "Double-Edge",
		"type": "move_learner_tools"
	},
	{
		"id": 174,
		"name": "Curse",
		"type": "move_learner_tools"
	},
	{
		"id": 36,
		"name": "Take Down",
		"type": "move_learner_tools"
	},
	{
		"id": 446,
		"name": "Stealth Rock",
		"type": "move_learner_tools"
	},
	{
		"id": 445,
		"name": "Captivate",
		"type": "move_learner_tools"
	},
	{
		"id": 444,
		"name": "Stone Edge",
		"type": "move_learner_tools"
	},
	{
		"id": 104,
		"name": "Double Team",
		"type": "move_learner_tools"
	},
	{
		"id": 164,
		"name": "Substitute",
		"type": "move_learner_tools"
	},
	{
		"id": 157,
		"name": "Rock Slide",
		"type": "move_learner_tools"
	},
	{
		"id": 249,
		"name": "Rock Smash",
		"type": "move_learner_tools"
	},
	{
		"id": 290,
		"name": "Secret Power",
		"type": "move_learner_tools"
	},
	{
		"id": 120,
		"name": "Selfdestruct",
		"type": "move_learner_tools"
	},
	{
		"id": 261,
		"name": "Will-O-Wisp",
		"type": "move_learner_tools"
	},
	{
		"id": 414,
		"name": "Earth Power",
		"type": "move_learner_tools"
	}
],
"types": [
	"FIRE",
	"FIRE"
],
"stats": {
	"hp": 40,
	"attack": 40,
	"defense": 40,
	"speed": 20,
	"sp_attack": 70,
	"sp_defense": 40
},
"yields": {
	"exp": 50,
	"ev_hp": 0,
	"ev_attack": 0,
	"ev_defense": 0,
	"ev_speed": 0,
	"ev_sp_attack": 1,
	"ev_sp_defense": 0
},
"tiers": [
	"Untiered"
],
"held_items": [],
"locations": [
	{
		"type": "Cave",
		"region_id": 0,
		"region_name": "Kanto",
		"location": "MT. EMBER",
		"min_level": 38,
		"max_level": 48,
		"rarity": "Common"
	},
	{
		"type": "Cave",
		"region_id": 0,
		"region_name": "Kanto",
		"location": "MT. EMBER",
		"min_level": 44,
		"max_level": 46,
		"rarity": "Horde"
	},
	{
		"type": "Rocks",
		"region_id": 0,
		"region_name": "Kanto",
		"location": "MT. EMBER",
		"min_level": 48,
		"max_level": 50,
		"rarity": "Uncommon"
	},
	{
		"type": "Grass",
		"region_id": 0,
		"region_name": "Kanto",
		"location": "ROUTE 16 (Day/Morning)",
		"min_level": 20,
		"max_level": 25,
		"rarity": "Rare"
	},
	{
		"type": "Grass",
		"region_id": 0,
		"region_name": "Kanto",
		"location": "ROUTE 17",
		"min_level": 24,
		"max_level": 28,
		"rarity": "Uncommon"
	},
	{
		"type": "Grass",
		"region_id": 0,
		"region_name": "Kanto",
		"location": "ROUTE 18 (Day/Morning)",
		"min_level": 26,
		"max_level": 28,
		"rarity": "Rare"
	},
	{
		"type": "Cave",
		"region_id": 1,
		"region_name": "Hoenn",
		"location": "FIERY PATH",
		"min_level": 15,
		"max_level": 15,
		"rarity": "Uncommon"
	},
	{
		"type": "Grass",
		"region_id": 1,
		"region_name": "Hoenn",
		"location": "ROUTE 113",
		"min_level": 15,
		"max_level": 18,
		"rarity": "Common"
	},
	{
		"type": "Cave",
		"region_id": 3,
		"region_name": "Sinnoh",
		"location": "Stark Mountain",
		"min_level": 52,
		"max_level": 53,
		"rarity": "Rare"
	},
	{
		"type": "Cave",
		"region_id": 4,
		"region_name": "Johto",
		"location": "Burned Tower",
		"min_level": 23,
		"max_level": 23,
		"rarity": "Lure"
	},
	{
		"type": "Rocks",
		"region_id": 4,
		"region_name": "Johto",
		"location": "Burned Tower",
		"min_level": 19,
		"max_level": 23,
		"rarity": "Common"
	}
]
}