{
"id": 222,
"name": "Corsola",
"exp_type": "FAST",
"obtainable": true,
"gender_ratio": 191,
"height": 6,
"weight": 50,
"egg_groups": [
	"water a",
	"water c"
],
"abilities": [
	{
		"id": 55,
		"name": "Hustle"
	},
	{
		"id": 30,
		"name": "Natural Cure"
	},
	{
		"id": 144,
		"name": "Regenerator"
	}
],
"forms": [
	{
		"form_id": 0,
		"id": 222,
		"name": "Corsola"
	}
],
"evolutions": [],
"moves": [
	{
		"id": 33,
		"name": "Tackle",
		"type": "level",
		"level": 1
	},
	{
		"id": 106,
		"name": "Harden",
		"type": "level",
		"level": 1
	},
	{
		"id": 145,
		"name": "Bubble",
		"type": "level",
		"level": 4
	},
	{
		"id": 55,
		"name": "Water Gun",
		"type": "level",
		"level": 5
	},
	{
		"id": 392,
		"name": "Aqua Ring",
		"type": "level",
		"level": 10
	},
	{
		"id": 287,
		"name": "Refresh",
		"type": "level",
		"level": 13
	},
	{
		"id": 203,
		"name": "Endure",
		"type": "level",
		"level": 15
	},
	{
		"id": 131,
		"name": "Spike Cannon",
		"type": "level",
		"level": 20
	},
	{
		"id": 246,
		"name": "AncientPower",
		"type": "level",
		"level": 20
	},
	{
		"id": 381,
		"name": "Lucky Chant",
		"type": "level",
		"level": 23
	},
	{
		"id": 61,
		"name": "BubbleBeam",
		"type": "level",
		"level": 25
	},
	{
		"id": 362,
		"name": "Brine",
		"type": "level",
		"level": 27
	},
	{
		"id": 334,
		"name": "Iron Defense",
		"type": "level",
		"level": 29
	},
	{
		"id": 175,
		"name": "Flail",
		"type": "level",
		"level": 30
	},
	{
		"id": 350,
		"name": "Rock Blast",
		"type": "level",
		"level": 31
	},
	{
		"id": 408,
		"name": "Power Gem",
		"type": "level",
		"level": 40
	},
	{
		"id": 414,
		"name": "Earth Power",
		"type": "level",
		"level": 45
	},
	{
		"id": 105,
		"name": "Recover",
		"type": "level",
		"level": 50
	},
	{
		"id": 243,
		"name": "Mirror Coat",
		"type": "level",
		"level": 55
	},
	{
		"id": 275,
		"name": "Ingrain",
		"type": "egg_moves"
	},
	{
		"id": 457,
		"name": "Head Smash",
		"type": "egg_moves"
	},
	{
		"id": 293,
		"name": "Camouflage",
		"type": "egg_moves"
	},
	{
		"id": 112,
		"name": "Barrier",
		"type": "egg_moves"
	},
	{
		"id": 54,
		"name": "Mist",
		"type": "egg_moves"
	},
	{
		"id": 389,
		"name": "Sucker Punch",
		"type": "move_tutor"
	},
	{
		"id": 111,
		"name": "Defense Curl",
		"type": "move_tutor"
	},
	{
		"id": 246,
		"name": "AncientPower",
		"type": "move_tutor"
	},
	{
		"id": 173,
		"name": "Snore",
		"type": "move_tutor"
	},
	{
		"id": 283,
		"name": "Endeavor",
		"type": "move_tutor"
	},
	{
		"id": 277,
		"name": "Magic Coat",
		"type": "move_tutor"
	},
	{
		"id": 300,
		"name": "Mud Sport",
		"type": "special_moves"
	},
	{
		"id": 115,
		"name": "Reflect",
		"type": "move_learner_tools"
	},
	{
		"id": 408,
		"name": "Power Gem",
		"type": "move_learner_tools"
	},
	{
		"id": 133,
		"name": "Amnesia",
		"type": "move_learner_tools"
	},
	{
		"id": 267,
		"name": "Nature Power",
		"type": "move_learner_tools"
	},
	{
		"id": 263,
		"name": "Facade",
		"type": "move_learner_tools"
	},
	{
		"id": 397,
		"name": "Rock Polish",
		"type": "move_learner_tools"
	},
	{
		"id": 258,
		"name": "Snowscape",
		"type": "move_learner_tools"
	},
	{
		"id": 120,
		"name": "Selfdestruct",
		"type": "move_learner_tools"
	},
	{
		"id": 117,
		"name": "Bide",
		"type": "move_learner_tools"
	},
	{
		"id": 153,
		"name": "Explosion",
		"type": "move_learner_tools"
	},
	{
		"id": 250,
		"name": "Whirlpool",
		"type": "move_learner_tools"
	},
	{
		"id": 523,
		"name": "Bulldoze",
		"type": "move_learner_tools"
	},
	{
		"id": 247,
		"name": "Shadow Ball",
		"type": "move_learner_tools"
	},
	{
		"id": 109,
		"name": "Confuse Ray",
		"type": "move_learner_tools"
	},
	{
		"id": 241,
		"name": "Sunny Day",
		"type": "move_learner_tools"
	},
	{
		"id": 240,
		"name": "Rain Dance",
		"type": "move_learner_tools"
	},
	{
		"id": 102,
		"name": "Mimic",
		"type": "move_learner_tools"
	},
	{
		"id": 34,
		"name": "Body Slam",
		"type": "move_learner_tools"
	},
	{
		"id": 237,
		"name": "Hidden Power",
		"type": "move_learner_tools"
	},
	{
		"id": 94,
		"name": "Psychic",
		"type": "move_learner_tools"
	},
	{
		"id": 59,
		"name": "Blizzard",
		"type": "move_learner_tools"
	},
	{
		"id": 503,
		"name": "Scald",
		"type": "move_learner_tools"
	},
	{
		"id": 91,
		"name": "Dig",
		"type": "move_learner_tools"
	},
	{
		"id": 156,
		"name": "Rest",
		"type": "move_learner_tools"
	},
	{
		"id": 363,
		"name": "Natural Gift",
		"type": "move_learner_tools"
	},
	{
		"id": 362,
		"name": "Brine",
		"type": "move_learner_tools"
	},
	{
		"id": 92,
		"name": "Toxic",
		"type": "move_learner_tools"
	},
	{
		"id": 496,
		"name": "Round",
		"type": "move_learner_tools"
	},
	{
		"id": 219,
		"name": "Safeguard",
		"type": "move_learner_tools"
	},
	{
		"id": 218,
		"name": "Frustration",
		"type": "move_learner_tools"
	},
	{
		"id": 55,
		"name": "Water Gun",
		"type": "move_learner_tools"
	},
	{
		"id": 216,
		"name": "Return",
		"type": "move_learner_tools"
	},
	{
		"id": 352,
		"name": "Water Pulse",
		"type": "move_learner_tools"
	},
	{
		"id": 214,
		"name": "Sleep Talk",
		"type": "move_learner_tools"
	},
	{
		"id": 350,
		"name": "Rock Blast",
		"type": "move_learner_tools"
	},
	{
		"id": 347,
		"name": "Calm Mind",
		"type": "move_learner_tools"
	},
	{
		"id": 196,
		"name": "Icy Wind",
		"type": "move_learner_tools"
	},
	{
		"id": 207,
		"name": "Swagger",
		"type": "move_learner_tools"
	},
	{
		"id": 205,
		"name": "Rollout",
		"type": "move_learner_tools"
	},
	{
		"id": 203,
		"name": "Endure",
		"type": "move_learner_tools"
	},
	{
		"id": 70,
		"name": "Strength",
		"type": "move_learner_tools"
	},
	{
		"id": 201,
		"name": "Sandstorm",
		"type": "move_learner_tools"
	},
	{
		"id": 61,
		"name": "BubbleBeam",
		"type": "move_learner_tools"
	},
	{
		"id": 334,
		"name": "Iron Defense",
		"type": "move_learner_tools"
	},
	{
		"id": 333,
		"name": "Icicle Spear",
		"type": "move_learner_tools"
	},
	{
		"id": 58,
		"name": "Ice Beam",
		"type": "move_learner_tools"
	},
	{
		"id": 57,
		"name": "Surf",
		"type": "move_learner_tools"
	},
	{
		"id": 56,
		"name": "Hydro Pump",
		"type": "move_learner_tools"
	},
	{
		"id": 213,
		"name": "Attract",
		"type": "move_learner_tools"
	},
	{
		"id": 189,
		"name": "Mud-Slap",
		"type": "move_learner_tools"
	},
	{
		"id": 89,
		"name": "Earthquake",
		"type": "move_learner_tools"
	},
	{
		"id": 182,
		"name": "Protect",
		"type": "move_learner_tools"
	},
	{
		"id": 317,
		"name": "Rock Tomb",
		"type": "move_learner_tools"
	},
	{
		"id": 38,
		"name": "Double-Edge",
		"type": "move_learner_tools"
	},
	{
		"id": 174,
		"name": "Curse",
		"type": "move_learner_tools"
	},
	{
		"id": 446,
		"name": "Stealth Rock",
		"type": "move_learner_tools"
	},
	{
		"id": 445,
		"name": "Captivate",
		"type": "move_learner_tools"
	},
	{
		"id": 444,
		"name": "Stone Edge",
		"type": "move_learner_tools"
	},
	{
		"id": 103,
		"name": "Screech",
		"type": "move_learner_tools"
	},
	{
		"id": 104,
		"name": "Double Team",
		"type": "move_learner_tools"
	},
	{
		"id": 29,
		"name": "Headbutt",
		"type": "move_learner_tools"
	},
	{
		"id": 164,
		"name": "Substitute",
		"type": "move_learner_tools"
	},
	{
		"id": 113,
		"name": "Light Screen",
		"type": "move_learner_tools"
	},
	{
		"id": 157,
		"name": "Rock Slide",
		"type": "move_learner_tools"
	},
	{
		"id": 249,
		"name": "Rock Smash",
		"type": "move_learner_tools"
	},
	{
		"id": 290,
		"name": "Secret Power",
		"type": "move_learner_tools"
	},
	{
		"id": 414,
		"name": "Earth Power",
		"type": "move_learner_tools"
	}
],
"types": [
	"WATER",
	"ROCK"
],
"stats": {
	"hp": 65,
	"attack": 55,
	"defense": 95,
	"speed": 35,
	"sp_attack": 65,
	"sp_defense": 95
},
"yields": {
	"exp": 133,
	"ev_hp": 0,
	"ev_attack": 0,
	"ev_defense": 1,
	"ev_speed": 0,
	"ev_sp_attack": 0,
	"ev_sp_defense": 1
},
"tiers": [
	"Untiered"
],
"held_items": [
	{
		"id": 5072,
		"name": "Red Shard"
	},
	{
		"id": 5238,
		"name": "Hard Stone"
	}
],
"locations": [
	{
		"type": "Water",
		"region_id": 0,
		"region_name": "Kanto",
		"location": "BOND BRIDGE",
		"min_level": 43,
		"max_level": 43,
		"rarity": "Lure"
	},
	{
		"type": "Super Rod",
		"region_id": 0,
		"region_name": "Kanto",
		"location": "CERULEAN CITY",
		"min_level": 25,
		"max_level": 40,
		"rarity": "Uncommon"
	},
	{
		"type": "Good Rod",
		"region_id": 0,
		"region_name": "Kanto",
		"location": "CERULEAN CITY (Day/Morning)",
		"min_level": 10,
		"max_level": 25,
		"rarity": "Rare"
	},
	{
		"type": "Water",
		"region_id": 0,
		"region_name": "Kanto",
		"location": "FIVE ISLAND",
		"min_level": 53,
		"max_level": 53,
		"rarity": "Lure"
	},
	{
		"type": "Water",
		"region_id": 0,
		"region_name": "Kanto",
		"location": "FIVE ISLE MEADOW",
		"min_level": 53,
		"max_level": 53,
		"rarity": "Lure"
	},
	{
		"type": "Water",
		"region_id": 0,
		"region_name": "Kanto",
		"location": "MEMORIAL PILLAR",
		"min_level": 53,
		"max_level": 53,
		"rarity": "Lure"
	},
	{
		"type": "Water",
		"region_id": 0,
		"region_name": "Kanto",
		"location": "RESORT GORGEOUS",
		"min_level": 53,
		"max_level": 53,
		"rarity": "Lure"
	},
	{
		"type": "Good Rod",
		"region_id": 0,
		"region_name": "Kanto",
		"location": "ROUTE 19 (Day/Morning)",
		"min_level": 10,
		"max_level": 25,
		"rarity": "Rare"
	},
	{
		"type": "Super Rod",
		"region_id": 0,
		"region_name": "Kanto",
		"location": "ROUTE 19 (Day/Morning)",
		"min_level": 25,
		"max_level": 40,
		"rarity": "Uncommon"
	},
	{
		"type": "Water",
		"region_id": 0,
		"region_name": "Kanto",
		"location": "WATER LABYRINTH",
		"min_level": 53,
		"max_level": 53,
		"rarity": "Lure"
	},
	{
		"type": "Super Rod",
		"region_id": 1,
		"region_name": "Hoenn",
		"location": "EVER GRANDE CITY",
		"min_level": 30,
		"max_level": 40,
		"rarity": "Uncommon"
	},
	{
		"type": "Super Rod",
		"region_id": 1,
		"region_name": "Hoenn",
		"location": "ROUTE 128",
		"min_level": 30,
		"max_level": 40,
		"rarity": "Uncommon"
	},
	{
		"type": "Water",
		"region_id": 2,
		"region_name": "Unova",
		"location": "Route 13",
		"min_level": 60,
		"max_level": 65,
		"rarity": "Special"
	},
	{
		"type": "Water",
		"region_id": 2,
		"region_name": "Unova",
		"location": "Undella Town",
		"min_level": 60,
		"max_level": 65,
		"rarity": "Special"
	},
	{
		"type": "Good Rod",
		"region_id": 4,
		"region_name": "Johto",
		"location": "Cherrygrove City (Day/Morning)",
		"min_level": 20,
		"max_level": 20,
		"rarity": "Uncommon"
	},
	{
		"type": "Super Rod",
		"region_id": 4,
		"region_name": "Johto",
		"location": "Cherrygrove City (Day/Morning)",
		"min_level": 40,
		"max_level": 40,
		"rarity": "Very Common"
	},
	{
		"type": "Good Rod",
		"region_id": 4,
		"region_name": "Johto",
		"location": "Cianwood City (Day/Morning)",
		"min_level": 20,
		"max_level": 20,
		"rarity": "Rare"
	},
	{
		"type": "Super Rod",
		"region_id": 4,
		"region_name": "Johto",
		"location": "Cianwood City (Day/Morning)",
		"min_level": 40,
		"max_level": 40,
		"rarity": "Very Common"
	},
	{
		"type": "Good Rod",
		"region_id": 4,
		"region_name": "Johto",
		"location": "Olivine City (Day/Morning)",
		"min_level": 20,
		"max_level": 20,
		"rarity": "Rare"
	},
	{
		"type": "Super Rod",
		"region_id": 4,
		"region_name": "Johto",
		"location": "Olivine City (Day/Morning)",
		"min_level": 40,
		"max_level": 40,
		"rarity": "Very Common"
	},
	{
		"type": "Good Rod",
		"region_id": 4,
		"region_name": "Johto",
		"location": "Route 34 (Day/Morning)",
		"min_level": 20,
		"max_level": 20,
		"rarity": "Uncommon"
	},
	{
		"type": "Super Rod",
		"region_id": 4,
		"region_name": "Johto",
		"location": "Route 34 (Day/Morning)",
		"min_level": 40,
		"max_level": 40,
		"rarity": "Very Common"
	},
	{
		"type": "Good Rod",
		"region_id": 4,
		"region_name": "Johto",
		"location": "Route 40 (Day/Morning)",
		"min_level": 20,
		"max_level": 20,
		"rarity": "Uncommon"
	},
	{
		"type": "Super Rod",
		"region_id": 4,
		"region_name": "Johto",
		"location": "Route 40 (Day/Morning)",
		"min_level": 40,
		"max_level": 40,
		"rarity": "Very Common"
	},
	{
		"type": "Good Rod",
		"region_id": 4,
		"region_name": "Johto",
		"location": "Union Cave (Day/Morning)",
		"min_level": 20,
		"max_level": 20,
		"rarity": "Rare"
	},
	{
		"type": "Super Rod",
		"region_id": 4,
		"region_name": "Johto",
		"location": "Union Cave (Day/Morning)",
		"min_level": 40,
		"max_level": 40,
		"rarity": "Uncommon"
	}
]
}