{
"id": 223,
"name": "Remoraid",
"exp_type": "MEDIUM_FAST",
"obtainable": true,
"gender_ratio": 127,
"height": 6,
"weight": 120,
"egg_groups": [
	"water a",
	"water b"
],
"abilities": [
	{
		"id": 55,
		"name": "Hustle"
	},
	{
		"id": 97,
		"name": "Sniper"
	},
	{
		"id": 141,
		"name": "Moody"
	}
],
"forms": [
	{
		"form_id": 0,
		"id": 223,
		"name": "Remoraid"
	}
],
"evolutions": [
	{
		"id": 224,
		"name": "Octillery",
		"type": "LEVEL",
		"val": 25
	}
],
"moves": [
	{
		"id": 55,
		"name": "Water Gun",
		"type": "level",
		"level": 1
	},
	{
		"id": 270,
		"name": "Helping Hand",
		"type": "level",
		"level": 1
	},
	{
		"id": 145,
		"name": "Bubble",
		"type": "level",
		"level": 1
	},
	{
		"id": 352,
		"name": "Water Pulse",
		"type": "level",
		"level": 4
	},
	{
		"id": 491,
		"name": "Acid Spray",
		"type": "level",
		"level": 6
	},
	{
		"id": 116,
		"name": "Focus Energy",
		"type": "level",
		"level": 8
	},
	{
		"id": 451,
		"name": "Charge Beam",
		"type": "level",
		"level": 11
	},
	{
		"id": 60,
		"name": "Psybeam",
		"type": "level",
		"level": 12
	},
	{
		"id": 62,
		"name": "Aurora Beam",
		"type": "level",
		"level": 16
	},
	{
		"id": 61,
		"name": "BubbleBeam",
		"type": "level",
		"level": 20
	},
	{
		"id": 199,
		"name": "Lock-On",
		"type": "level",
		"level": 24
	},
	{
		"id": 331,
		"name": "Bullet Seed",
		"type": "level",
		"level": 28
	},
	{
		"id": 324,
		"name": "Signal Beam",
		"type": "level",
		"level": 30
	},
	{
		"id": 58,
		"name": "Ice Beam",
		"type": "level",
		"level": 32
	},
	{
		"id": 56,
		"name": "Hydro Pump",
		"type": "level",
		"level": 36
	},
	{
		"id": 487,
		"name": "Soak",
		"type": "level",
		"level": 40
	},
	{
		"id": 63,
		"name": "Hyper Beam",
		"type": "level",
		"level": 44
	},
	{
		"id": 175,
		"name": "Flail",
		"type": "egg_moves"
	},
	{
		"id": 494,
		"name": "Entrainment",
		"type": "egg_moves"
	},
	{
		"id": 190,
		"name": "Octazooka",
		"type": "egg_moves"
	},
	{
		"id": 48,
		"name": "Supersonic",
		"type": "egg_moves"
	},
	{
		"id": 323,
		"name": "Water Spout",
		"type": "egg_moves"
	},
	{
		"id": 111,
		"name": "Defense Curl",
		"type": "move_tutor"
	},
	{
		"id": 340,
		"name": "Bounce",
		"type": "move_tutor"
	},
	{
		"id": 81,
		"name": "String Shot",
		"type": "move_tutor"
	},
	{
		"id": 173,
		"name": "Snore",
		"type": "move_tutor"
	},
	{
		"id": 324,
		"name": "Signal Beam",
		"type": "move_tutor"
	},
	{
		"id": 54,
		"name": "Mist",
		"type": "special_moves"
	},
	{
		"id": 133,
		"name": "Amnesia",
		"type": "move_learner_tools"
	},
	{
		"id": 213,
		"name": "Attract",
		"type": "move_learner_tools"
	},
	{
		"id": 270,
		"name": "Helping Hand",
		"type": "move_learner_tools"
	},
	{
		"id": 129,
		"name": "Swift",
		"type": "move_learner_tools"
	},
	{
		"id": 402,
		"name": "Seed Bomb",
		"type": "move_learner_tools"
	},
	{
		"id": 127,
		"name": "Waterfall",
		"type": "move_learner_tools"
	},
	{
		"id": 263,
		"name": "Facade",
		"type": "move_learner_tools"
	},
	{
		"id": 116,
		"name": "Focus Energy",
		"type": "move_learner_tools"
	},
	{
		"id": 114,
		"name": "Haze",
		"type": "move_learner_tools"
	},
	{
		"id": 250,
		"name": "Whirlpool",
		"type": "move_learner_tools"
	},
	{
		"id": 241,
		"name": "Sunny Day",
		"type": "move_learner_tools"
	},
	{
		"id": 240,
		"name": "Rain Dance",
		"type": "move_learner_tools"
	},
	{
		"id": 102,
		"name": "Mimic",
		"type": "move_learner_tools"
	},
	{
		"id": 237,
		"name": "Hidden Power",
		"type": "move_learner_tools"
	},
	{
		"id": 510,
		"name": "Incinerate",
		"type": "move_learner_tools"
	},
	{
		"id": 372,
		"name": "Assurance",
		"type": "move_learner_tools"
	},
	{
		"id": 94,
		"name": "Psychic",
		"type": "move_learner_tools"
	},
	{
		"id": 59,
		"name": "Blizzard",
		"type": "move_learner_tools"
	},
	{
		"id": 503,
		"name": "Scald",
		"type": "move_learner_tools"
	},
	{
		"id": 363,
		"name": "Natural Gift",
		"type": "move_learner_tools"
	},
	{
		"id": 362,
		"name": "Brine",
		"type": "move_learner_tools"
	},
	{
		"id": 86,
		"name": "Thunder Wave",
		"type": "move_learner_tools"
	},
	{
		"id": 496,
		"name": "Round",
		"type": "move_learner_tools"
	},
	{
		"id": 218,
		"name": "Frustration",
		"type": "move_learner_tools"
	},
	{
		"id": 491,
		"name": "Acid Spray",
		"type": "move_learner_tools"
	},
	{
		"id": 216,
		"name": "Return",
		"type": "move_learner_tools"
	},
	{
		"id": 352,
		"name": "Water Pulse",
		"type": "move_learner_tools"
	},
	{
		"id": 214,
		"name": "Sleep Talk",
		"type": "move_learner_tools"
	},
	{
		"id": 350,
		"name": "Rock Blast",
		"type": "move_learner_tools"
	},
	{
		"id": 63,
		"name": "Hyper Beam",
		"type": "move_learner_tools"
	},
	{
		"id": 207,
		"name": "Swagger",
		"type": "move_learner_tools"
	},
	{
		"id": 479,
		"name": "Smack Down",
		"type": "move_learner_tools"
	},
	{
		"id": 341,
		"name": "Mud Shot",
		"type": "move_learner_tools"
	},
	{
		"id": 203,
		"name": "Endure",
		"type": "move_learner_tools"
	},
	{
		"id": 104,
		"name": "Double Team",
		"type": "move_learner_tools"
	},
	{
		"id": 61,
		"name": "BubbleBeam",
		"type": "move_learner_tools"
	},
	{
		"id": 60,
		"name": "Psybeam",
		"type": "move_learner_tools"
	},
	{
		"id": 196,
		"name": "Icy Wind",
		"type": "move_learner_tools"
	},
	{
		"id": 58,
		"name": "Ice Beam",
		"type": "move_learner_tools"
	},
	{
		"id": 331,
		"name": "Bullet Seed",
		"type": "move_learner_tools"
	},
	{
		"id": 56,
		"name": "Hydro Pump",
		"type": "move_learner_tools"
	},
	{
		"id": 55,
		"name": "Water Gun",
		"type": "move_learner_tools"
	},
	{
		"id": 53,
		"name": "Flamethrower",
		"type": "move_learner_tools"
	},
	{
		"id": 189,
		"name": "Mud-Slap",
		"type": "move_learner_tools"
	},
	{
		"id": 182,
		"name": "Protect",
		"type": "move_learner_tools"
	},
	{
		"id": 92,
		"name": "Toxic",
		"type": "move_learner_tools"
	},
	{
		"id": 451,
		"name": "Charge Beam",
		"type": "move_learner_tools"
	},
	{
		"id": 38,
		"name": "Double-Edge",
		"type": "move_learner_tools"
	},
	{
		"id": 174,
		"name": "Curse",
		"type": "move_learner_tools"
	},
	{
		"id": 445,
		"name": "Captivate",
		"type": "move_learner_tools"
	},
	{
		"id": 103,
		"name": "Screech",
		"type": "move_learner_tools"
	},
	{
		"id": 168,
		"name": "Thief",
		"type": "move_learner_tools"
	},
	{
		"id": 441,
		"name": "Gunk Shot",
		"type": "move_learner_tools"
	},
	{
		"id": 164,
		"name": "Substitute",
		"type": "move_learner_tools"
	},
	{
		"id": 57,
		"name": "Surf",
		"type": "move_learner_tools"
	},
	{
		"id": 156,
		"name": "Rest",
		"type": "move_learner_tools"
	},
	{
		"id": 291,
		"name": "Dive",
		"type": "move_learner_tools"
	},
	{
		"id": 290,
		"name": "Secret Power",
		"type": "move_learner_tools"
	},
	{
		"id": 126,
		"name": "Fire Blast",
		"type": "move_learner_tools"
	}
],
"types": [
	"WATER",
	"WATER"
],
"stats": {
	"hp": 35,
	"attack": 65,
	"defense": 35,
	"speed": 65,
	"sp_attack": 65,
	"sp_defense": 35
},
"yields": {
	"exp": 60,
	"ev_hp": 0,
	"ev_attack": 0,
	"ev_defense": 0,
	"ev_speed": 0,
	"ev_sp_attack": 1,
	"ev_sp_defense": 0
},
"tiers": [
	"Untiered"
],
"held_items": [],
"locations": [
	{
		"type": "Super Rod",
		"region_id": 0,
		"region_name": "Kanto",
		"location": "FIVE ISLE MEADOW",
		"min_level": 25,
		"max_level": 40,
		"rarity": "Uncommon"
	},
	{
		"type": "Super Rod",
		"region_id": 0,
		"region_name": "Kanto",
		"location": "GREEN PATH",
		"min_level": 25,
		"max_level": 40,
		"rarity": "Uncommon"
	},
	{
		"type": "Super Rod",
		"region_id": 0,
		"region_name": "Kanto",
		"location": "MEMORIAL PILLAR",
		"min_level": 25,
		"max_level": 40,
		"rarity": "Uncommon"
	},
	{
		"type": "Super Rod",
		"region_id": 0,
		"region_name": "Kanto",
		"location": "OUTCAST ISLAND",
		"min_level": 25,
		"max_level": 40,
		"rarity": "Uncommon"
	},
	{
		"type": "Super Rod",
		"region_id": 0,
		"region_name": "Kanto",
		"location": "RESORT GORGEOUS",
		"min_level": 25,
		"max_level": 40,
		"rarity": "Uncommon"
	},
	{
		"type": "Super Rod",
		"region_id": 0,
		"region_name": "Kanto",
		"location": "TANOBY RUINS",
		"min_level": 25,
		"max_level": 40,
		"rarity": "Uncommon"
	},
	{
		"type": "Super Rod",
		"region_id": 0,
		"region_name": "Kanto",
		"location": "TRAINER TOWER",
		"min_level": 25,
		"max_level": 40,
		"rarity": "Uncommon"
	},
	{
		"type": "Super Rod",
		"region_id": 0,
		"region_name": "Kanto",
		"location": "WATER LABYRINTH",
		"min_level": 25,
		"max_level": 40,
		"rarity": "Uncommon"
	},
	{
		"type": "Super Rod",
		"region_id": 0,
		"region_name": "Kanto",
		"location": "WATER PATH",
		"min_level": 25,
		"max_level": 40,
		"rarity": "Uncommon"
	},
	{
		"type": "Good Rod",
		"region_id": 1,
		"region_name": "Hoenn",
		"location": "BATTLE FRONTIER",
		"min_level": 15,
		"max_level": 30,
		"rarity": "Common"
	},
	{
		"type": "Super Rod",
		"region_id": 1,
		"region_name": "Hoenn",
		"location": "BATTLE FRONTIER",
		"min_level": 30,
		"max_level": 40,
		"rarity": "Very Common"
	},
	{
		"type": "Water",
		"region_id": 1,
		"region_name": "Hoenn",
		"location": "DEWFORD TOWN",
		"min_level": 33,
		"max_level": 33,
		"rarity": "Lure"
	},
	{
		"type": "Water",
		"region_id": 1,
		"region_name": "Hoenn",
		"location": "ROUTE 104",
		"min_level": 33,
		"max_level": 33,
		"rarity": "Lure"
	},
	{
		"type": "Water",
		"region_id": 1,
		"region_name": "Hoenn",
		"location": "ROUTE 105",
		"min_level": 33,
		"max_level": 33,
		"rarity": "Lure"
	},
	{
		"type": "Water",
		"region_id": 1,
		"region_name": "Hoenn",
		"location": "ROUTE 106",
		"min_level": 33,
		"max_level": 33,
		"rarity": "Lure"
	},
	{
		"type": "Good Rod",
		"region_id": 1,
		"region_name": "Hoenn",
		"location": "SAFARI ZONE",
		"min_level": 15,
		"max_level": 30,
		"rarity": "Uncommon"
	},
	{
		"type": "Super Rod",
		"region_id": 1,
		"region_name": "Hoenn",
		"location": "SAFARI ZONE",
		"min_level": 30,
		"max_level": 40,
		"rarity": "Very Common"
	},
	{
		"type": "Old Rod",
		"region_id": 2,
		"region_name": "Unova",
		"location": "Undella Bay",
		"min_level": 35,
		"max_level": 55,
		"rarity": "Very Common"
	},
	{
		"type": "Old Rod",
		"region_id": 2,
		"region_name": "Unova",
		"location": "Undella Town",
		"min_level": 35,
		"max_level": 55,
		"rarity": "Very Common"
	},
	{
		"type": "Good Rod",
		"region_id": 3,
		"region_name": "Sinnoh",
		"location": "Pastoria City",
		"min_level": 10,
		"max_level": 25,
		"rarity": "Very Common"
	},
	{
		"type": "Good Rod",
		"region_id": 3,
		"region_name": "Sinnoh",
		"location": "Pokémon League",
		"min_level": 10,
		"max_level": 25,
		"rarity": "Very Common"
	},
	{
		"type": "Good Rod",
		"region_id": 3,
		"region_name": "Sinnoh",
		"location": "Route 212",
		"min_level": 10,
		"max_level": 25,
		"rarity": "Uncommon"
	},
	{
		"type": "Good Rod",
		"region_id": 3,
		"region_name": "Sinnoh",
		"location": "Route 213",
		"min_level": 10,
		"max_level": 25,
		"rarity": "Very Common"
	},
	{
		"type": "Good Rod",
		"region_id": 3,
		"region_name": "Sinnoh",
		"location": "Route 222",
		"min_level": 10,
		"max_level": 25,
		"rarity": "Very Common"
	},
	{
		"type": "Good Rod",
		"region_id": 3,
		"region_name": "Sinnoh",
		"location": "Route 223",
		"min_level": 10,
		"max_level": 25,
		"rarity": "Very Common"
	},
	{
		"type": "Good Rod",
		"region_id": 3,
		"region_name": "Sinnoh",
		"location": "Route 224",
		"min_level": 10,
		"max_level": 15,
		"rarity": "Very Common"
	},
	{
		"type": "Good Rod",
		"region_id": 3,
		"region_name": "Sinnoh",
		"location": "Route 230",
		"min_level": 10,
		"max_level": 25,
		"rarity": "Very Common"
	},
	{
		"type": "Good Rod",
		"region_id": 3,
		"region_name": "Sinnoh",
		"location": "Sunyshore City",
		"min_level": 10,
		"max_level": 25,
		"rarity": "Very Common"
	},
	{
		"type": "Good Rod",
		"region_id": 3,
		"region_name": "Sinnoh",
		"location": "Victory Road",
		"min_level": 10,
		"max_level": 25,
		"rarity": "Very Common"
	},
	{
		"type": "Old Rod",
		"region_id": 4,
		"region_name": "Johto",
		"location": "Route 44",
		"min_level": 20,
		"max_level": 20,
		"rarity": "Rare"
	},
	{
		"type": "Super Rod",
		"region_id": 4,
		"region_name": "Johto",
		"location": "Route 44",
		"min_level": 40,
		"max_level": 40,
		"rarity": "Uncommon"
	}
]
}