{
"id": 23,
"name": "Ekans",
"exp_type": "MEDIUM_FAST",
"obtainable": true,
"gender_ratio": 127,
"height": 20,
"weight": 69,
"egg_groups": [
	"field",
	"dragon"
],
"abilities": [
	{
		"id": 22,
		"name": "Intimidate"
	},
	{
		"id": 61,
		"name": "Shed Skin"
	},
	{
		"id": 127,
		"name": "Unnerve"
	}
],
"forms": [
	{
		"form_id": 0,
		"id": 23,
		"name": "Ekans"
	}
],
"evolutions": [
	{
		"id": 24,
		"name": "Arbok",
		"type": "LEVEL",
		"val": 22
	}
],
"moves": [
	{
		"id": 35,
		"name": "Wrap",
		"type": "level",
		"level": 1
	},
	{
		"id": 43,
		"name": "Leer",
		"type": "level",
		"level": 1
	},
	{
		"id": 40,
		"name": "Poison Sting",
		"type": "level",
		"level": 1
	},
	{
		"id": 40,
		"name": "Poison Sting",
		"type": "level",
		"level": 4
	},
	{
		"id": 51,
		"name": "Acid",
		"type": "level",
		"level": 8
	},
	{
		"id": 44,
		"name": "Bite",
		"type": "level",
		"level": 9
	},
	{
		"id": 137,
		"name": "Glare",
		"type": "level",
		"level": 12
	},
	{
		"id": 114,
		"name": "Haze",
		"type": "level",
		"level": 16
	},
	{
		"id": 103,
		"name": "Screech",
		"type": "level",
		"level": 17
	},
	{
		"id": 398,
		"name": "Poison Jab",
		"type": "level",
		"level": 24
	},
	{
		"id": 254,
		"name": "Stockpile",
		"type": "level",
		"level": 25
	},
	{
		"id": 255,
		"name": "Spit Up",
		"type": "level",
		"level": 25
	},
	{
		"id": 256,
		"name": "Swallow",
		"type": "level",
		"level": 25
	},
	{
		"id": 491,
		"name": "Acid Spray",
		"type": "level",
		"level": 28
	},
	{
		"id": 21,
		"name": "Slam",
		"type": "level",
		"level": 28
	},
	{
		"id": 426,
		"name": "Mud Bomb",
		"type": "level",
		"level": 33
	},
	{
		"id": 188,
		"name": "Sludge Bomb",
		"type": "level",
		"level": 33
	},
	{
		"id": 380,
		"name": "Gastro Acid",
		"type": "level",
		"level": 36
	},
	{
		"id": 92,
		"name": "Toxic",
		"type": "level",
		"level": 36
	},
	{
		"id": 489,
		"name": "Coil",
		"type": "level",
		"level": 44
	},
	{
		"id": 441,
		"name": "Gunk Shot",
		"type": "level",
		"level": 49
	},
	{
		"id": 228,
		"name": "Pursuit",
		"type": "egg_moves"
	},
	{
		"id": 305,
		"name": "Poison Fang",
		"type": "egg_moves"
	},
	{
		"id": 50,
		"name": "Disable",
		"type": "egg_moves"
	},
	{
		"id": 415,
		"name": "Switcheroo",
		"type": "egg_moves"
	},
	{
		"id": 389,
		"name": "Sucker Punch",
		"type": "move_tutor"
	},
	{
		"id": 20,
		"name": "Bind",
		"type": "move_tutor"
	},
	{
		"id": 380,
		"name": "Gastro Acid",
		"type": "move_tutor"
	},
	{
		"id": 401,
		"name": "Aqua Tail",
		"type": "move_tutor"
	},
	{
		"id": 173,
		"name": "Snore",
		"type": "move_tutor"
	},
	{
		"id": 114,
		"name": "Haze",
		"type": "move_learner_tools"
	},
	{
		"id": 180,
		"name": "Spite",
		"type": "move_learner_tools"
	},
	{
		"id": 70,
		"name": "Strength",
		"type": "move_learner_tools"
	},
	{
		"id": 130,
		"name": "Skull Bash",
		"type": "move_learner_tools"
	},
	{
		"id": 402,
		"name": "Seed Bomb",
		"type": "move_learner_tools"
	},
	{
		"id": 263,
		"name": "Facade",
		"type": "move_learner_tools"
	},
	{
		"id": 399,
		"name": "Dark Pulse",
		"type": "move_learner_tools"
	},
	{
		"id": 398,
		"name": "Poison Jab",
		"type": "move_learner_tools"
	},
	{
		"id": 259,
		"name": "Torment",
		"type": "move_learner_tools"
	},
	{
		"id": 117,
		"name": "Bide",
		"type": "move_learner_tools"
	},
	{
		"id": 390,
		"name": "Toxic Spikes",
		"type": "move_learner_tools"
	},
	{
		"id": 251,
		"name": "Beat Up",
		"type": "move_learner_tools"
	},
	{
		"id": 523,
		"name": "Bulldoze",
		"type": "move_learner_tools"
	},
	{
		"id": 242,
		"name": "Crunch",
		"type": "move_learner_tools"
	},
	{
		"id": 241,
		"name": "Sunny Day",
		"type": "move_learner_tools"
	},
	{
		"id": 240,
		"name": "Rain Dance",
		"type": "move_learner_tools"
	},
	{
		"id": 102,
		"name": "Mimic",
		"type": "move_learner_tools"
	},
	{
		"id": 34,
		"name": "Body Slam",
		"type": "move_learner_tools"
	},
	{
		"id": 237,
		"name": "Hidden Power",
		"type": "move_learner_tools"
	},
	{
		"id": 99,
		"name": "Rage",
		"type": "move_learner_tools"
	},
	{
		"id": 371,
		"name": "Payback",
		"type": "move_learner_tools"
	},
	{
		"id": 104,
		"name": "Double Team",
		"type": "move_learner_tools"
	},
	{
		"id": 231,
		"name": "Iron Tail",
		"type": "move_learner_tools"
	},
	{
		"id": 92,
		"name": "Toxic",
		"type": "move_learner_tools"
	},
	{
		"id": 91,
		"name": "Dig",
		"type": "move_learner_tools"
	},
	{
		"id": 90,
		"name": "Fissure",
		"type": "move_learner_tools"
	},
	{
		"id": 363,
		"name": "Natural Gift",
		"type": "move_learner_tools"
	},
	{
		"id": 496,
		"name": "Round",
		"type": "move_learner_tools"
	},
	{
		"id": 218,
		"name": "Frustration",
		"type": "move_learner_tools"
	},
	{
		"id": 491,
		"name": "Acid Spray",
		"type": "move_learner_tools"
	},
	{
		"id": 216,
		"name": "Return",
		"type": "move_learner_tools"
	},
	{
		"id": 214,
		"name": "Sleep Talk",
		"type": "move_learner_tools"
	},
	{
		"id": 213,
		"name": "Attract",
		"type": "move_learner_tools"
	},
	{
		"id": 72,
		"name": "Mega Drain",
		"type": "move_learner_tools"
	},
	{
		"id": 482,
		"name": "Sludge Wave",
		"type": "move_learner_tools"
	},
	{
		"id": 207,
		"name": "Swagger",
		"type": "move_learner_tools"
	},
	{
		"id": 342,
		"name": "Poison Tail",
		"type": "move_learner_tools"
	},
	{
		"id": 341,
		"name": "Mud Shot",
		"type": "move_learner_tools"
	},
	{
		"id": 203,
		"name": "Endure",
		"type": "move_learner_tools"
	},
	{
		"id": 202,
		"name": "Giga Drain",
		"type": "move_learner_tools"
	},
	{
		"id": 474,
		"name": "Venoshock",
		"type": "move_learner_tools"
	},
	{
		"id": 189,
		"name": "Mud-Slap",
		"type": "move_learner_tools"
	},
	{
		"id": 188,
		"name": "Sludge Bomb",
		"type": "move_learner_tools"
	},
	{
		"id": 184,
		"name": "Scary Face",
		"type": "move_learner_tools"
	},
	{
		"id": 89,
		"name": "Earthquake",
		"type": "move_learner_tools"
	},
	{
		"id": 182,
		"name": "Protect",
		"type": "move_learner_tools"
	},
	{
		"id": 317,
		"name": "Rock Tomb",
		"type": "move_learner_tools"
	},
	{
		"id": 38,
		"name": "Double-Edge",
		"type": "move_learner_tools"
	},
	{
		"id": 174,
		"name": "Curse",
		"type": "move_learner_tools"
	},
	{
		"id": 36,
		"name": "Take Down",
		"type": "move_learner_tools"
	},
	{
		"id": 445,
		"name": "Captivate",
		"type": "move_learner_tools"
	},
	{
		"id": 103,
		"name": "Screech",
		"type": "move_learner_tools"
	},
	{
		"id": 168,
		"name": "Thief",
		"type": "move_learner_tools"
	},
	{
		"id": 441,
		"name": "Gunk Shot",
		"type": "move_learner_tools"
	},
	{
		"id": 29,
		"name": "Headbutt",
		"type": "move_learner_tools"
	},
	{
		"id": 164,
		"name": "Substitute",
		"type": "move_learner_tools"
	},
	{
		"id": 157,
		"name": "Rock Slide",
		"type": "move_learner_tools"
	},
	{
		"id": 156,
		"name": "Rest",
		"type": "move_learner_tools"
	},
	{
		"id": 290,
		"name": "Secret Power",
		"type": "move_learner_tools"
	},
	{
		"id": 289,
		"name": "Snatch",
		"type": "move_learner_tools"
	},
	{
		"id": 424,
		"name": "Fire Fang",
		"type": "move_learner_tools"
	},
	{
		"id": 282,
		"name": "Knock Off",
		"type": "move_learner_tools"
	},
	{
		"id": 555,
		"name": "Snarl",
		"type": "move_learner_tools"
	},
	{
		"id": 141,
		"name": "Leech Life",
		"type": "move_learner_tools"
	}
],
"types": [
	"POISON",
	"POISON"
],
"stats": {
	"hp": 35,
	"attack": 60,
	"defense": 44,
	"speed": 55,
	"sp_attack": 40,
	"sp_defense": 54
},
"yields": {
	"exp": 58,
	"ev_hp": 0,
	"ev_attack": 1,
	"ev_defense": 0,
	"ev_speed": 0,
	"ev_sp_attack": 0,
	"ev_sp_defense": 0
},
"tiers": [
	"Untiered"
],
"held_items": [],
"locations": [
	{
		"type": "Grass",
		"region_id": 0,
		"region_name": "Kanto",
		"location": "ROUTE 3",
		"min_level": 6,
		"max_level": 7,
		"rarity": "Uncommon"
	},
	{
		"type": "Grass",
		"region_id": 0,
		"region_name": "Kanto",
		"location": "ROUTE 4",
		"min_level": 8,
		"max_level": 12,
		"rarity": "Uncommon"
	},
	{
		"type": "Grass",
		"region_id": 0,
		"region_name": "Kanto",
		"location": "ROUTE 8",
		"min_level": 18,
		"max_level": 20,
		"rarity": "Uncommon"
	},
	{
		"type": "Grass",
		"region_id": 0,
		"region_name": "Kanto",
		"location": "ROUTE 9",
		"min_level": 14,
		"max_level": 17,
		"rarity": "Uncommon"
	},
	{
		"type": "Grass",
		"region_id": 0,
		"region_name": "Kanto",
		"location": "ROUTE 10",
		"min_level": 14,
		"max_level": 17,
		"rarity": "Rare"
	},
	{
		"type": "Grass",
		"region_id": 0,
		"region_name": "Kanto",
		"location": "ROUTE 11",
		"min_level": 12,
		"max_level": 16,
		"rarity": "Common"
	},
	{
		"type": "Grass",
		"region_id": 0,
		"region_name": "Kanto",
		"location": "ROUTE 23",
		"min_level": 38,
		"max_level": 42,
		"rarity": "Rare"
	},
	{
		"type": "Grass",
		"region_id": 4,
		"region_name": "Johto",
		"location": "Route 32",
		"min_level": 8,
		"max_level": 9,
		"rarity": "Common"
	},
	{
		"type": "Headbutt",
		"region_id": 4,
		"region_name": "Johto",
		"location": "Route 32",
		"min_level": 8,
		"max_level": 9,
		"rarity": "Very Common"
	},
	{
		"type": "Grass",
		"region_id": 4,
		"region_name": "Johto",
		"location": "Route 33",
		"min_level": 11,
		"max_level": 12,
		"rarity": "Common"
	},
	{
		"type": "Headbutt",
		"region_id": 4,
		"region_name": "Johto",
		"location": "Route 35 (Night)",
		"min_level": 15,
		"max_level": 17,
		"rarity": "Common"
	},
	{
		"type": "Headbutt",
		"region_id": 4,
		"region_name": "Johto",
		"location": "Route 36 (Night)",
		"min_level": 6,
		"max_level": 8,
		"rarity": "Common"
	},
	{
		"type": "Headbutt",
		"region_id": 4,
		"region_name": "Johto",
		"location": "Route 37 (Night)",
		"min_level": 16,
		"max_level": 18,
		"rarity": "Common"
	},
	{
		"type": "Grass",
		"region_id": 4,
		"region_name": "Johto",
		"location": "Route 42",
		"min_level": 22,
		"max_level": 24,
		"rarity": "Uncommon"
	},
	{
		"type": "Headbutt",
		"region_id": 4,
		"region_name": "Johto",
		"location": "Ruins of Alph (Night)",
		"min_level": 6,
		"max_level": 8,
		"rarity": "Uncommon"
	},
	{
		"type": "Cave",
		"region_id": 4,
		"region_name": "Johto",
		"location": "Safari Zone",
		"min_level": 28,
		"max_level": 31,
		"rarity": "Very Rare"
	},
	{
		"type": "Headbutt",
		"region_id": 4,
		"region_name": "Johto",
		"location": "Violet City",
		"min_level": 6,
		"max_level": 8,
		"rarity": "Very Common"
	}
]
}