{
"id": 237,
"name": "Hitmontop",
"exp_type": "MEDIUM_FAST",
"obtainable": true,
"gender_ratio": 0,
"height": 14,
"weight": 480,
"egg_groups": [
	"humanoid"
],
"abilities": [
	{
		"id": 22,
		"name": "Intimidate"
	},
	{
		"id": 101,
		"name": "Technician"
	},
	{
		"id": 80,
		"name": "Steadfast"
	}
],
"forms": [
	{
		"form_id": 0,
		"id": 237,
		"name": "Hitmontop"
	}
],
"evolutions": [],
"moves": [
	{
		"id": 27,
		"name": "Rolling Kick",
		"type": "level",
		"level": 1
	},
	{
		"id": 33,
		"name": "Tackle",
		"type": "level",
		"level": 1
	},
	{
		"id": 98,
		"name": "Quick Attack",
		"type": "level",
		"level": 1
	},
	{
		"id": 116,
		"name": "Focus Energy",
		"type": "level",
		"level": 1
	},
	{
		"id": 167,
		"name": "Triple Kick",
		"type": "level",
		"level": 1
	},
	{
		"id": 197,
		"name": "Detect",
		"type": "level",
		"level": 1
	},
	{
		"id": 228,
		"name": "Pursuit",
		"type": "level",
		"level": 1
	},
	{
		"id": 229,
		"name": "Rapid Spin",
		"type": "level",
		"level": 1
	},
	{
		"id": 252,
		"name": "Fake Out",
		"type": "level",
		"level": 1
	},
	{
		"id": 270,
		"name": "Helping Hand",
		"type": "level",
		"level": 1
	},
	{
		"id": 279,
		"name": "Revenge",
		"type": "level",
		"level": 1
	},
	{
		"id": 283,
		"name": "Endeavor",
		"type": "level",
		"level": 1
	},
	{
		"id": 364,
		"name": "Feint",
		"type": "level",
		"level": 1
	},
	{
		"id": 370,
		"name": "Close Combat",
		"type": "level",
		"level": 1
	},
	{
		"id": 98,
		"name": "Quick Attack",
		"type": "level",
		"level": 4
	},
	{
		"id": 116,
		"name": "Focus Energy",
		"type": "level",
		"level": 6
	},
	{
		"id": 360,
		"name": "Gyro Ball",
		"type": "level",
		"level": 8
	},
	{
		"id": 228,
		"name": "Pursuit",
		"type": "level",
		"level": 10
	},
	{
		"id": 197,
		"name": "Detect",
		"type": "level",
		"level": 12
	},
	{
		"id": 279,
		"name": "Revenge",
		"type": "level",
		"level": 16
	},
	{
		"id": 229,
		"name": "Rapid Spin",
		"type": "level",
		"level": 19
	},
	{
		"id": 469,
		"name": "Wide Guard",
		"type": "level",
		"level": 21
	},
	{
		"id": 501,
		"name": "Quick Guard",
		"type": "level",
		"level": 21
	},
	{
		"id": 364,
		"name": "Feint",
		"type": "level",
		"level": 24
	},
	{
		"id": 389,
		"name": "Sucker Punch",
		"type": "level",
		"level": 24
	},
	{
		"id": 97,
		"name": "Agility",
		"type": "level",
		"level": 28
	},
	{
		"id": 91,
		"name": "Dig",
		"type": "level",
		"level": 32
	},
	{
		"id": 167,
		"name": "Triple Kick",
		"type": "level",
		"level": 33
	},
	{
		"id": 370,
		"name": "Close Combat",
		"type": "level",
		"level": 36
	},
	{
		"id": 68,
		"name": "Counter",
		"type": "level",
		"level": 40
	},
	{
		"id": 283,
		"name": "Endeavor",
		"type": "level",
		"level": 44
	},
	{
		"id": 252,
		"name": "Fake Out",
		"type": "move_tutor"
	},
	{
		"id": 389,
		"name": "Sucker Punch",
		"type": "move_tutor"
	},
	{
		"id": 272,
		"name": "Role Play",
		"type": "move_tutor"
	},
	{
		"id": 343,
		"name": "Covet",
		"type": "move_tutor"
	},
	{
		"id": 173,
		"name": "Snore",
		"type": "move_tutor"
	},
	{
		"id": 239,
		"name": "Twister",
		"type": "move_tutor"
	},
	{
		"id": 283,
		"name": "Endeavor",
		"type": "move_tutor"
	},
	{
		"id": 146,
		"name": "Dizzy Punch",
		"type": "special_moves"
	},
	{
		"id": 193,
		"name": "Foresight",
		"type": "prevo_moves"
	},
	{
		"id": 410,
		"name": "Vacuum Wave",
		"type": "move_learner_tools"
	},
	{
		"id": 249,
		"name": "Rock Smash",
		"type": "move_learner_tools"
	},
	{
		"id": 270,
		"name": "Helping Hand",
		"type": "move_learner_tools"
	},
	{
		"id": 70,
		"name": "Strength",
		"type": "move_learner_tools"
	},
	{
		"id": 5,
		"name": "Mega Punch",
		"type": "move_learner_tools"
	},
	{
		"id": 129,
		"name": "Swift",
		"type": "move_learner_tools"
	},
	{
		"id": 263,
		"name": "Facade",
		"type": "move_learner_tools"
	},
	{
		"id": 529,
		"name": "Drill Run",
		"type": "move_learner_tools"
	},
	{
		"id": 253,
		"name": "Uproar",
		"type": "move_learner_tools"
	},
	{
		"id": 526,
		"name": "Work Up",
		"type": "move_learner_tools"
	},
	{
		"id": 523,
		"name": "Bulldoze",
		"type": "move_learner_tools"
	},
	{
		"id": 241,
		"name": "Sunny Day",
		"type": "move_learner_tools"
	},
	{
		"id": 514,
		"name": "Retaliate",
		"type": "move_learner_tools"
	},
	{
		"id": 102,
		"name": "Mimic",
		"type": "move_learner_tools"
	},
	{
		"id": 34,
		"name": "Body Slam",
		"type": "move_learner_tools"
	},
	{
		"id": 237,
		"name": "Hidden Power",
		"type": "move_learner_tools"
	},
	{
		"id": 99,
		"name": "Rage",
		"type": "move_learner_tools"
	},
	{
		"id": 97,
		"name": "Agility",
		"type": "move_learner_tools"
	},
	{
		"id": 370,
		"name": "Close Combat",
		"type": "move_learner_tools"
	},
	{
		"id": 92,
		"name": "Toxic",
		"type": "move_learner_tools"
	},
	{
		"id": 502,
		"name": "Ally Switch",
		"type": "move_learner_tools"
	},
	{
		"id": 363,
		"name": "Natural Gift",
		"type": "move_learner_tools"
	},
	{
		"id": 360,
		"name": "Gyro Ball",
		"type": "move_learner_tools"
	},
	{
		"id": 496,
		"name": "Round",
		"type": "move_learner_tools"
	},
	{
		"id": 218,
		"name": "Frustration",
		"type": "move_learner_tools"
	},
	{
		"id": 490,
		"name": "Low Sweep",
		"type": "move_learner_tools"
	},
	{
		"id": 214,
		"name": "Sleep Talk",
		"type": "move_learner_tools"
	},
	{
		"id": 213,
		"name": "Attract",
		"type": "move_learner_tools"
	},
	{
		"id": 207,
		"name": "Swagger",
		"type": "move_learner_tools"
	},
	{
		"id": 69,
		"name": "Seismic Toss",
		"type": "move_learner_tools"
	},
	{
		"id": 205,
		"name": "Rollout",
		"type": "move_learner_tools"
	},
	{
		"id": 68,
		"name": "Counter",
		"type": "move_learner_tools"
	},
	{
		"id": 203,
		"name": "Endure",
		"type": "move_learner_tools"
	},
	{
		"id": 339,
		"name": "Bulk Up",
		"type": "move_learner_tools"
	},
	{
		"id": 201,
		"name": "Sandstorm",
		"type": "move_learner_tools"
	},
	{
		"id": 104,
		"name": "Double Team",
		"type": "move_learner_tools"
	},
	{
		"id": 197,
		"name": "Detect",
		"type": "move_learner_tools"
	},
	{
		"id": 332,
		"name": "Aerial Ace",
		"type": "move_learner_tools"
	},
	{
		"id": 216,
		"name": "Return",
		"type": "move_learner_tools"
	},
	{
		"id": 89,
		"name": "Earthquake",
		"type": "move_learner_tools"
	},
	{
		"id": 182,
		"name": "Protect",
		"type": "move_learner_tools"
	},
	{
		"id": 91,
		"name": "Dig",
		"type": "move_learner_tools"
	},
	{
		"id": 116,
		"name": "Focus Energy",
		"type": "move_learner_tools"
	},
	{
		"id": 38,
		"name": "Double-Edge",
		"type": "move_learner_tools"
	},
	{
		"id": 174,
		"name": "Curse",
		"type": "move_learner_tools"
	},
	{
		"id": 445,
		"name": "Captivate",
		"type": "move_learner_tools"
	},
	{
		"id": 444,
		"name": "Stone Edge",
		"type": "move_learner_tools"
	},
	{
		"id": 168,
		"name": "Thief",
		"type": "move_learner_tools"
	},
	{
		"id": 29,
		"name": "Headbutt",
		"type": "move_learner_tools"
	},
	{
		"id": 240,
		"name": "Rain Dance",
		"type": "move_learner_tools"
	},
	{
		"id": 164,
		"name": "Substitute",
		"type": "move_learner_tools"
	},
	{
		"id": 25,
		"name": "Mega Kick",
		"type": "move_learner_tools"
	},
	{
		"id": 189,
		"name": "Mud-Slap",
		"type": "move_learner_tools"
	},
	{
		"id": 157,
		"name": "Rock Slide",
		"type": "move_learner_tools"
	},
	{
		"id": 156,
		"name": "Rest",
		"type": "move_learner_tools"
	},
	{
		"id": 290,
		"name": "Secret Power",
		"type": "move_learner_tools"
	},
	{
		"id": 280,
		"name": "Brick Break",
		"type": "move_learner_tools"
	},
	{
		"id": 279,
		"name": "Revenge",
		"type": "move_learner_tools"
	},
	{
		"id": 67,
		"name": "Low Kick",
		"type": "move_learner_tools"
	},
	{
		"id": 411,
		"name": "Focus Blast",
		"type": "move_learner_tools"
	},
	{
		"id": 167,
		"name": "Triple Kick",
		"type": "on_evolution"
	},
	{
		"id": 27,
		"name": "Rolling Kick",
		"type": "on_evolution"
	}
],
"types": [
	"FIGHTING",
	"FIGHTING"
],
"stats": {
	"hp": 50,
	"attack": 95,
	"defense": 95,
	"speed": 70,
	"sp_attack": 35,
	"sp_defense": 110
},
"yields": {
	"exp": 159,
	"ev_hp": 0,
	"ev_attack": 0,
	"ev_defense": 0,
	"ev_speed": 0,
	"ev_sp_attack": 0,
	"ev_sp_defense": 2
},
"tiers": [
	"Never Used"
],
"held_items": [],
"locations": [
	{
		"type": "Cave",
		"region_id": 0,
		"region_name": "Kanto",
		"location": "VICTORY ROAD",
		"min_level": 49,
		"max_level": 51,
		"rarity": "Lure"
	}
]
}