{
"id": 261,
"name": "Poochyena",
"exp_type": "MEDIUM_FAST",
"obtainable": true,
"gender_ratio": 127,
"height": 5,
"weight": 136,
"egg_groups": [
	"field"
],
"abilities": [
	{
		"id": 50,
		"name": "Run Away"
	},
	{
		"id": 95,
		"name": "Quick Feet"
	},
	{
		"id": 155,
		"name": "Rattled"
	}
],
"forms": [
	{
		"form_id": 0,
		"id": 261,
		"name": "Poochyena"
	}
],
"evolutions": [
	{
		"id": 262,
		"name": "Mightyena",
		"type": "LEVEL",
		"val": 18
	}
],
"moves": [
	{
		"id": 33,
		"name": "Tackle",
		"type": "level",
		"level": 1
	},
	{
		"id": 336,
		"name": "Howl",
		"type": "level",
		"level": 4
	},
	{
		"id": 28,
		"name": "Sand-Attack",
		"type": "level",
		"level": 7
	},
	{
		"id": 44,
		"name": "Bite",
		"type": "level",
		"level": 10
	},
	{
		"id": 316,
		"name": "Odor Sleuth",
		"type": "level",
		"level": 13
	},
	{
		"id": 189,
		"name": "Mud-Slap",
		"type": "level",
		"level": 13
	},
	{
		"id": 43,
		"name": "Leer",
		"type": "level",
		"level": 13
	},
	{
		"id": 46,
		"name": "Roar",
		"type": "level",
		"level": 16
	},
	{
		"id": 207,
		"name": "Swagger",
		"type": "level",
		"level": 19
	},
	{
		"id": 372,
		"name": "Assurance",
		"type": "level",
		"level": 22
	},
	{
		"id": 184,
		"name": "Scary Face",
		"type": "level",
		"level": 25
	},
	{
		"id": 373,
		"name": "Embargo",
		"type": "level",
		"level": 28
	},
	{
		"id": 29,
		"name": "Headbutt",
		"type": "level",
		"level": 28
	},
	{
		"id": 269,
		"name": "Taunt",
		"type": "level",
		"level": 28
	},
	{
		"id": 242,
		"name": "Crunch",
		"type": "level",
		"level": 31
	},
	{
		"id": 281,
		"name": "Yawn",
		"type": "level",
		"level": 34
	},
	{
		"id": 36,
		"name": "Take Down",
		"type": "level",
		"level": 36
	},
	{
		"id": 389,
		"name": "Sucker Punch",
		"type": "level",
		"level": 40
	},
	{
		"id": 168,
		"name": "Thief",
		"type": "level",
		"level": 45
	},
	{
		"id": 382,
		"name": "Me First",
		"type": "egg_moves"
	},
	{
		"id": 310,
		"name": "Astonish",
		"type": "egg_moves"
	},
	{
		"id": 305,
		"name": "Poison Fang",
		"type": "egg_moves"
	},
	{
		"id": 389,
		"name": "Sucker Punch",
		"type": "move_tutor"
	},
	{
		"id": 343,
		"name": "Covet",
		"type": "move_tutor"
	},
	{
		"id": 173,
		"name": "Snore",
		"type": "move_tutor"
	},
	{
		"id": 215,
		"name": "Heal Bell",
		"type": "move_tutor"
	},
	{
		"id": 104,
		"name": "Double Team",
		"type": "move_learner_tools"
	},
	{
		"id": 269,
		"name": "Taunt",
		"type": "move_learner_tools"
	},
	{
		"id": 270,
		"name": "Helping Hand",
		"type": "move_learner_tools"
	},
	{
		"id": 373,
		"name": "Embargo",
		"type": "move_learner_tools"
	},
	{
		"id": 263,
		"name": "Facade",
		"type": "move_learner_tools"
	},
	{
		"id": 399,
		"name": "Dark Pulse",
		"type": "move_learner_tools"
	},
	{
		"id": 259,
		"name": "Torment",
		"type": "move_learner_tools"
	},
	{
		"id": 253,
		"name": "Uproar",
		"type": "move_learner_tools"
	},
	{
		"id": 249,
		"name": "Rock Smash",
		"type": "move_learner_tools"
	},
	{
		"id": 247,
		"name": "Shadow Ball",
		"type": "move_learner_tools"
	},
	{
		"id": 244,
		"name": "Psych Up",
		"type": "move_learner_tools"
	},
	{
		"id": 242,
		"name": "Crunch",
		"type": "move_learner_tools"
	},
	{
		"id": 241,
		"name": "Sunny Day",
		"type": "move_learner_tools"
	},
	{
		"id": 514,
		"name": "Retaliate",
		"type": "move_learner_tools"
	},
	{
		"id": 102,
		"name": "Mimic",
		"type": "move_learner_tools"
	},
	{
		"id": 34,
		"name": "Body Slam",
		"type": "move_learner_tools"
	},
	{
		"id": 237,
		"name": "Hidden Power",
		"type": "move_learner_tools"
	},
	{
		"id": 510,
		"name": "Incinerate",
		"type": "move_learner_tools"
	},
	{
		"id": 372,
		"name": "Assurance",
		"type": "move_learner_tools"
	},
	{
		"id": 371,
		"name": "Payback",
		"type": "move_learner_tools"
	},
	{
		"id": 231,
		"name": "Iron Tail",
		"type": "move_learner_tools"
	},
	{
		"id": 92,
		"name": "Toxic",
		"type": "move_learner_tools"
	},
	{
		"id": 91,
		"name": "Dig",
		"type": "move_learner_tools"
	},
	{
		"id": 363,
		"name": "Natural Gift",
		"type": "move_learner_tools"
	},
	{
		"id": 496,
		"name": "Round",
		"type": "move_learner_tools"
	},
	{
		"id": 492,
		"name": "Foul Play",
		"type": "move_learner_tools"
	},
	{
		"id": 216,
		"name": "Return",
		"type": "move_learner_tools"
	},
	{
		"id": 214,
		"name": "Sleep Talk",
		"type": "move_learner_tools"
	},
	{
		"id": 213,
		"name": "Attract",
		"type": "move_learner_tools"
	},
	{
		"id": 207,
		"name": "Swagger",
		"type": "move_learner_tools"
	},
	{
		"id": 68,
		"name": "Counter",
		"type": "move_learner_tools"
	},
	{
		"id": 204,
		"name": "Charm",
		"type": "move_learner_tools"
	},
	{
		"id": 203,
		"name": "Endure",
		"type": "move_learner_tools"
	},
	{
		"id": 189,
		"name": "Mud-Slap",
		"type": "move_learner_tools"
	},
	{
		"id": 218,
		"name": "Frustration",
		"type": "move_learner_tools"
	},
	{
		"id": 184,
		"name": "Scary Face",
		"type": "move_learner_tools"
	},
	{
		"id": 46,
		"name": "Roar",
		"type": "move_learner_tools"
	},
	{
		"id": 182,
		"name": "Protect",
		"type": "move_learner_tools"
	},
	{
		"id": 180,
		"name": "Spite",
		"type": "move_learner_tools"
	},
	{
		"id": 38,
		"name": "Double-Edge",
		"type": "move_learner_tools"
	},
	{
		"id": 36,
		"name": "Take Down",
		"type": "move_learner_tools"
	},
	{
		"id": 445,
		"name": "Captivate",
		"type": "move_learner_tools"
	},
	{
		"id": 168,
		"name": "Thief",
		"type": "move_learner_tools"
	},
	{
		"id": 304,
		"name": "Hyper Voice",
		"type": "move_learner_tools"
	},
	{
		"id": 29,
		"name": "Headbutt",
		"type": "move_learner_tools"
	},
	{
		"id": 240,
		"name": "Rain Dance",
		"type": "move_learner_tools"
	},
	{
		"id": 164,
		"name": "Substitute",
		"type": "move_learner_tools"
	},
	{
		"id": 162,
		"name": "Super Fang",
		"type": "move_learner_tools"
	},
	{
		"id": 156,
		"name": "Rest",
		"type": "move_learner_tools"
	},
	{
		"id": 290,
		"name": "Secret Power",
		"type": "move_learner_tools"
	},
	{
		"id": 289,
		"name": "Snatch",
		"type": "move_learner_tools"
	},
	{
		"id": 424,
		"name": "Fire Fang",
		"type": "move_learner_tools"
	},
	{
		"id": 423,
		"name": "Ice Fang",
		"type": "move_learner_tools"
	},
	{
		"id": 422,
		"name": "Thunder Fang",
		"type": "move_learner_tools"
	},
	{
		"id": 555,
		"name": "Snarl",
		"type": "move_learner_tools"
	},
	{
		"id": 417,
		"name": "Nasty Plot",
		"type": "move_learner_tools"
	}
],
"types": [
	"DARK",
	"DARK"
],
"stats": {
	"hp": 35,
	"attack": 55,
	"defense": 35,
	"speed": 35,
	"sp_attack": 30,
	"sp_defense": 30
},
"yields": {
	"exp": 44,
	"ev_hp": 0,
	"ev_attack": 1,
	"ev_defense": 0,
	"ev_speed": 0,
	"ev_sp_attack": 0,
	"ev_sp_defense": 0
},
"tiers": [
	"Untiered"
],
"held_items": [
	{
		"id": 5151,
		"name": "Pecha Berry"
	}
],
"locations": [
	{
		"type": "Cave",
		"region_id": 0,
		"region_name": "Kanto",
		"location": "ALTERING CAVE",
		"min_level": 8,
		"max_level": 20,
		"rarity": "Very Rare"
	},
	{
		"type": "Cave",
		"region_id": 1,
		"region_name": "Hoenn",
		"location": "ALTERING CAVE",
		"min_level": 8,
		"max_level": 20,
		"rarity": "Very Rare"
	},
	{
		"type": "Grass",
		"region_id": 1,
		"region_name": "Hoenn",
		"location": "PETALBURG WOODS",
		"min_level": 5,
		"max_level": 6,
		"rarity": "Very Common"
	},
	{
		"type": "Grass",
		"region_id": 1,
		"region_name": "Hoenn",
		"location": "ROUTE 101",
		"min_level": 2,
		"max_level": 3,
		"rarity": "Very Common"
	},
	{
		"type": "Grass",
		"region_id": 1,
		"region_name": "Hoenn",
		"location": "ROUTE 102",
		"min_level": 3,
		"max_level": 4,
		"rarity": "Common"
	},
	{
		"type": "Grass",
		"region_id": 1,
		"region_name": "Hoenn",
		"location": "ROUTE 103",
		"min_level": 2,
		"max_level": 4,
		"rarity": "Very Common"
	},
	{
		"type": "Grass",
		"region_id": 1,
		"region_name": "Hoenn",
		"location": "ROUTE 103",
		"min_level": 2,
		"max_level": 4,
		"rarity": "Very Common"
	},
	{
		"type": "Grass",
		"region_id": 1,
		"region_name": "Hoenn",
		"location": "ROUTE 103",
		"min_level": 2,
		"max_level": 4,
		"rarity": "Very Common"
	},
	{
		"type": "Grass",
		"region_id": 1,
		"region_name": "Hoenn",
		"location": "ROUTE 103",
		"min_level": 2,
		"max_level": 4,
		"rarity": "Very Common"
	},
	{
		"type": "Grass",
		"region_id": 1,
		"region_name": "Hoenn",
		"location": "ROUTE 104",
		"min_level": 4,
		"max_level": 5,
		"rarity": "Very Common"
	},
	{
		"type": "Grass",
		"region_id": 1,
		"region_name": "Hoenn",
		"location": "ROUTE 110",
		"min_level": 13,
		"max_level": 13,
		"rarity": "Uncommon"
	},
	{
		"type": "Grass",
		"region_id": 1,
		"region_name": "Hoenn",
		"location": "ROUTE 116",
		"min_level": 6,
		"max_level": 8,
		"rarity": "Common"
	},
	{
		"type": "Grass",
		"region_id": 1,
		"region_name": "Hoenn",
		"location": "ROUTE 117",
		"min_level": 13,
		"max_level": 14,
		"rarity": "Common"
	},
	{
		"type": "Grass",
		"region_id": 1,
		"region_name": "Hoenn",
		"location": "ROUTE 120",
		"min_level": 25,
		"max_level": 25,
		"rarity": "Uncommon"
	},
	{
		"type": "Grass",
		"region_id": 1,
		"region_name": "Hoenn",
		"location": "ROUTE 121",
		"min_level": 27,
		"max_level": 29,
		"rarity": "Uncommon"
	},
	{
		"type": "Grass",
		"region_id": 1,
		"region_name": "Hoenn",
		"location": "ROUTE 123",
		"min_level": 28,
		"max_level": 30,
		"rarity": "Rare"
	}
]
}