{
"id": 269,
"name": "Dustox",
"exp_type": "MEDIUM_FAST",
"obtainable": true,
"gender_ratio": 127,
"height": 12,
"weight": 316,
"egg_groups": [
	"bug"
],
"abilities": [
	{
		"id": 19,
		"name": "Shield Dust"
	},
	{
		"id": 19,
		"name": "Shield Dust"
	},
	{
		"id": 14,
		"name": "Compoundeyes"
	}
],
"forms": [
	{
		"form_id": 0,
		"id": 269,
		"name": "Dustox"
	}
],
"evolutions": [],
"moves": [
	{
		"id": 16,
		"name": "Gust",
		"type": "level",
		"level": 1
	},
	{
		"id": 40,
		"name": "Poison Sting",
		"type": "level",
		"level": 1
	},
	{
		"id": 33,
		"name": "Tackle",
		"type": "level",
		"level": 6
	},
	{
		"id": 334,
		"name": "Iron Defense",
		"type": "level",
		"level": 6
	},
	{
		"id": 93,
		"name": "Confusion",
		"type": "level",
		"level": 12
	},
	{
		"id": 77,
		"name": "PoisonPowder",
		"type": "level",
		"level": 15
	},
	{
		"id": 236,
		"name": "Moonlight",
		"type": "level",
		"level": 17
	},
	{
		"id": 474,
		"name": "Venoshock",
		"type": "level",
		"level": 20
	},
	{
		"id": 60,
		"name": "Psybeam",
		"type": "level",
		"level": 22
	},
	{
		"id": 318,
		"name": "Silver Wind",
		"type": "level",
		"level": 25
	},
	{
		"id": 141,
		"name": "Leech Life",
		"type": "level",
		"level": 25
	},
	{
		"id": 113,
		"name": "Light Screen",
		"type": "level",
		"level": 27
	},
	{
		"id": 18,
		"name": "Whirlwind",
		"type": "level",
		"level": 30
	},
	{
		"id": 92,
		"name": "Toxic",
		"type": "level",
		"level": 32
	},
	{
		"id": 326,
		"name": "Extrasensory",
		"type": "level",
		"level": 34
	},
	{
		"id": 405,
		"name": "Bug Buzz",
		"type": "level",
		"level": 35
	},
	{
		"id": 182,
		"name": "Protect",
		"type": "level",
		"level": 37
	},
	{
		"id": 483,
		"name": "Quiver Dance",
		"type": "level",
		"level": 40
	},
	{
		"id": 527,
		"name": "Electroweb",
		"type": "move_tutor"
	},
	{
		"id": 81,
		"name": "String Shot",
		"type": "move_tutor"
	},
	{
		"id": 173,
		"name": "Snore",
		"type": "move_tutor"
	},
	{
		"id": 239,
		"name": "Twister",
		"type": "move_tutor"
	},
	{
		"id": 466,
		"name": "Ominous Wind",
		"type": "move_tutor"
	},
	{
		"id": 324,
		"name": "Signal Beam",
		"type": "move_tutor"
	},
	{
		"id": 106,
		"name": "Harden",
		"type": "prevo_moves"
	},
	{
		"id": 450,
		"name": "Bug Bite",
		"type": "prevo_moves"
	},
	{
		"id": 81,
		"name": "String Shot",
		"type": "prevo_moves"
	},
	{
		"id": 290,
		"name": "Secret Power",
		"type": "move_learner_tools"
	},
	{
		"id": 141,
		"name": "Leech Life",
		"type": "move_learner_tools"
	},
	{
		"id": 237,
		"name": "Hidden Power",
		"type": "move_learner_tools"
	},
	{
		"id": 188,
		"name": "Sludge Bomb",
		"type": "move_learner_tools"
	},
	{
		"id": 318,
		"name": "Silver Wind",
		"type": "move_learner_tools"
	},
	{
		"id": 474,
		"name": "Venoshock",
		"type": "move_learner_tools"
	},
	{
		"id": 182,
		"name": "Protect",
		"type": "move_learner_tools"
	},
	{
		"id": 369,
		"name": "U-turn",
		"type": "move_learner_tools"
	},
	{
		"id": 76,
		"name": "SolarBeam",
		"type": "move_learner_tools"
	},
	{
		"id": 366,
		"name": "Tailwind",
		"type": "move_learner_tools"
	},
	{
		"id": 363,
		"name": "Natural Gift",
		"type": "move_learner_tools"
	},
	{
		"id": 168,
		"name": "Thief",
		"type": "move_learner_tools"
	},
	{
		"id": 263,
		"name": "Facade",
		"type": "move_learner_tools"
	},
	{
		"id": 164,
		"name": "Substitute",
		"type": "move_learner_tools"
	},
	{
		"id": 63,
		"name": "Hyper Beam",
		"type": "move_learner_tools"
	},
	{
		"id": 355,
		"name": "Roost",
		"type": "move_learner_tools"
	},
	{
		"id": 218,
		"name": "Frustration",
		"type": "move_learner_tools"
	},
	{
		"id": 450,
		"name": "Bug Bite",
		"type": "move_learner_tools"
	},
	{
		"id": 60,
		"name": "Psybeam",
		"type": "move_learner_tools"
	},
	{
		"id": 156,
		"name": "Rest",
		"type": "move_learner_tools"
	},
	{
		"id": 445,
		"name": "Captivate",
		"type": "move_learner_tools"
	},
	{
		"id": 247,
		"name": "Shadow Ball",
		"type": "move_learner_tools"
	},
	{
		"id": 148,
		"name": "Flash",
		"type": "move_learner_tools"
	},
	{
		"id": 241,
		"name": "Sunny Day",
		"type": "move_learner_tools"
	},
	{
		"id": 432,
		"name": "Defog",
		"type": "move_learner_tools"
	},
	{
		"id": 334,
		"name": "Iron Defense",
		"type": "move_learner_tools"
	},
	{
		"id": 332,
		"name": "Aerial Ace",
		"type": "move_learner_tools"
	},
	{
		"id": 38,
		"name": "Double-Edge",
		"type": "move_learner_tools"
	},
	{
		"id": 522,
		"name": "Struggle Bug",
		"type": "move_learner_tools"
	},
	{
		"id": 129,
		"name": "Swift",
		"type": "move_learner_tools"
	},
	{
		"id": 416,
		"name": "Giga Impact",
		"type": "move_learner_tools"
	},
	{
		"id": 512,
		"name": "Acrobatics",
		"type": "move_learner_tools"
	},
	{
		"id": 412,
		"name": "Energy Ball",
		"type": "move_learner_tools"
	},
	{
		"id": 314,
		"name": "Air Cutter",
		"type": "move_learner_tools"
	},
	{
		"id": 216,
		"name": "Return",
		"type": "move_learner_tools"
	},
	{
		"id": 214,
		"name": "Sleep Talk",
		"type": "move_learner_tools"
	},
	{
		"id": 213,
		"name": "Attract",
		"type": "move_learner_tools"
	},
	{
		"id": 18,
		"name": "Whirlwind",
		"type": "move_learner_tools"
	},
	{
		"id": 405,
		"name": "Bug Buzz",
		"type": "move_learner_tools"
	},
	{
		"id": 113,
		"name": "Light Screen",
		"type": "move_learner_tools"
	},
	{
		"id": 207,
		"name": "Swagger",
		"type": "move_learner_tools"
	},
	{
		"id": 496,
		"name": "Round",
		"type": "move_learner_tools"
	},
	{
		"id": 203,
		"name": "Endure",
		"type": "move_learner_tools"
	},
	{
		"id": 202,
		"name": "Giga Drain",
		"type": "move_learner_tools"
	},
	{
		"id": 104,
		"name": "Double Team",
		"type": "move_learner_tools"
	},
	{
		"id": 102,
		"name": "Mimic",
		"type": "move_learner_tools"
	},
	{
		"id": 92,
		"name": "Toxic",
		"type": "move_learner_tools"
	},
	{
		"id": 94,
		"name": "Psychic",
		"type": "move_learner_tools"
	},
	{
		"id": 16,
		"name": "Gust",
		"type": "on_evolution"
	},
	{
		"id": 93,
		"name": "Confusion",
		"type": "on_evolution"
	}
],
"types": [
	"BUG",
	"POISON"
],
"stats": {
	"hp": 60,
	"attack": 50,
	"defense": 70,
	"speed": 65,
	"sp_attack": 50,
	"sp_defense": 90
},
"yields": {
	"exp": 135,
	"ev_hp": 0,
	"ev_attack": 0,
	"ev_defense": 0,
	"ev_speed": 0,
	"ev_sp_attack": 0,
	"ev_sp_defense": 3
},
"tiers": [
	"Untiered"
],
"held_items": [
	{
		"id": 5295,
		"name": "Shed Shell"
	},
	{
		"id": 5222,
		"name": "SilverPowder"
	}
],
"locations": [
	{
		"type": "Grass",
		"region_id": 3,
		"region_name": "Sinnoh",
		"location": "Eterna Forest",
		"min_level": 14,
		"max_level": 14,
		"rarity": "Very Rare"
	},
	{
		"type": "Grass",
		"region_id": 3,
		"region_name": "Sinnoh",
		"location": "Route 205",
		"min_level": 15,
		"max_level": 15,
		"rarity": "Very Rare"
	},
	{
		"type": "Grass",
		"region_id": 3,
		"region_name": "Sinnoh",
		"location": "Route 224",
		"min_level": 52,
		"max_level": 52,
		"rarity": "Rare"
	},
	{
		"type": "Grass",
		"region_id": 3,
		"region_name": "Sinnoh",
		"location": "Route 229",
		"min_level": 48,
		"max_level": 48,
		"rarity": "Rare"
	},
	{
		"type": "Grass",
		"region_id": 3,
		"region_name": "Sinnoh",
		"location": "Route 230",
		"min_level": 51,
		"max_level": 51,
		"rarity": "Rare"
	}
]
}