{
"id": 271,
"name": "Lombre",
"exp_type": "MEDIUM_SLOW",
"obtainable": true,
"gender_ratio": 127,
"height": 12,
"weight": 325,
"egg_groups": [
	"water a",
	"plant"
],
"abilities": [
	{
		"id": 33,
		"name": "Swift Swim"
	},
	{
		"id": 44,
		"name": "Rain Dish"
	},
	{
		"id": 20,
		"name": "Own Tempo"
	}
],
"forms": [
	{
		"form_id": 0,
		"id": 271,
		"name": "Lombre"
	}
],
"evolutions": [
	{
		"id": 272,
		"name": "Ludicolo",
		"type": "ITEM",
		"val": 5084,
		"item_name": "Water Stone"
	}
],
"moves": [
	{
		"id": 45,
		"name": "Growl",
		"type": "level",
		"level": 1
	},
	{
		"id": 55,
		"name": "Water Gun",
		"type": "level",
		"level": 1
	},
	{
		"id": 71,
		"name": "Absorb",
		"type": "level",
		"level": 1
	},
	{
		"id": 175,
		"name": "Flail",
		"type": "level",
		"level": 1
	},
	{
		"id": 252,
		"name": "Fake Out",
		"type": "level",
		"level": 1
	},
	{
		"id": 282,
		"name": "Knock Off",
		"type": "level",
		"level": 1
	},
	{
		"id": 298,
		"name": "Teeter Dance",
		"type": "level",
		"level": 1
	},
	{
		"id": 310,
		"name": "Astonish",
		"type": "level",
		"level": 1
	},
	{
		"id": 45,
		"name": "Growl",
		"type": "level",
		"level": 3
	},
	{
		"id": 71,
		"name": "Absorb",
		"type": "level",
		"level": 6
	},
	{
		"id": 54,
		"name": "Mist",
		"type": "level",
		"level": 9
	},
	{
		"id": 145,
		"name": "Bubble",
		"type": "level",
		"level": 9
	},
	{
		"id": 72,
		"name": "Mega Drain",
		"type": "level",
		"level": 12
	},
	{
		"id": 252,
		"name": "Fake Out",
		"type": "level",
		"level": 16
	},
	{
		"id": 154,
		"name": "Fury Swipes",
		"type": "level",
		"level": 18
	},
	{
		"id": 346,
		"name": "Water Sport",
		"type": "level",
		"level": 20
	},
	{
		"id": 61,
		"name": "BubbleBeam",
		"type": "level",
		"level": 24
	},
	{
		"id": 267,
		"name": "Nature Power",
		"type": "level",
		"level": 30
	},
	{
		"id": 73,
		"name": "Leech Seed",
		"type": "level",
		"level": 30
	},
	{
		"id": 253,
		"name": "Uproar",
		"type": "level",
		"level": 32
	},
	{
		"id": 202,
		"name": "Giga Drain",
		"type": "level",
		"level": 36
	},
	{
		"id": 282,
		"name": "Knock Off",
		"type": "level",
		"level": 36
	},
	{
		"id": 240,
		"name": "Rain Dance",
		"type": "level",
		"level": 43
	},
	{
		"id": 428,
		"name": "Zen Headbutt",
		"type": "level",
		"level": 50
	},
	{
		"id": 412,
		"name": "Energy Ball",
		"type": "level",
		"level": 57
	},
	{
		"id": 56,
		"name": "Hydro Pump",
		"type": "level",
		"level": 64
	},
	{
		"id": 252,
		"name": "Fake Out",
		"type": "move_tutor"
	},
	{
		"id": 173,
		"name": "Snore",
		"type": "move_tutor"
	},
	{
		"id": 235,
		"name": "Synthesis",
		"type": "move_tutor"
	},
	{
		"id": 363,
		"name": "Natural Gift",
		"type": "prevo_moves"
	},
	{
		"id": 148,
		"name": "Flash",
		"type": "move_learner_tools"
	},
	{
		"id": 282,
		"name": "Knock Off",
		"type": "move_learner_tools"
	},
	{
		"id": 156,
		"name": "Rest",
		"type": "move_learner_tools"
	},
	{
		"id": 7,
		"name": "Fire Punch",
		"type": "move_learner_tools"
	},
	{
		"id": 8,
		"name": "Ice Punch",
		"type": "move_learner_tools"
	},
	{
		"id": 168,
		"name": "Thief",
		"type": "move_learner_tools"
	},
	{
		"id": 5,
		"name": "Mega Punch",
		"type": "move_learner_tools"
	},
	{
		"id": 311,
		"name": "Weather Ball",
		"type": "move_learner_tools"
	},
	{
		"id": 14,
		"name": "Swords Dance",
		"type": "move_learner_tools"
	},
	{
		"id": 468,
		"name": "Hone Claws",
		"type": "move_learner_tools"
	},
	{
		"id": 304,
		"name": "Hyper Voice",
		"type": "move_learner_tools"
	},
	{
		"id": 182,
		"name": "Protect",
		"type": "move_learner_tools"
	},
	{
		"id": 189,
		"name": "Mud-Slap",
		"type": "move_learner_tools"
	},
	{
		"id": 291,
		"name": "Dive",
		"type": "move_learner_tools"
	},
	{
		"id": 290,
		"name": "Secret Power",
		"type": "move_learner_tools"
	},
	{
		"id": 447,
		"name": "Grass Knot",
		"type": "move_learner_tools"
	},
	{
		"id": 445,
		"name": "Captivate",
		"type": "move_learner_tools"
	},
	{
		"id": 118,
		"name": "Metronome",
		"type": "move_learner_tools"
	},
	{
		"id": 280,
		"name": "Brick Break",
		"type": "move_learner_tools"
	},
	{
		"id": 55,
		"name": "Water Gun",
		"type": "move_learner_tools"
	},
	{
		"id": 267,
		"name": "Nature Power",
		"type": "move_learner_tools"
	},
	{
		"id": 428,
		"name": "Zen Headbutt",
		"type": "move_learner_tools"
	},
	{
		"id": 263,
		"name": "Facade",
		"type": "move_learner_tools"
	},
	{
		"id": 258,
		"name": "Snowscape",
		"type": "move_learner_tools"
	},
	{
		"id": 92,
		"name": "Toxic",
		"type": "move_learner_tools"
	},
	{
		"id": 253,
		"name": "Uproar",
		"type": "move_learner_tools"
	},
	{
		"id": 250,
		"name": "Whirlpool",
		"type": "move_learner_tools"
	},
	{
		"id": 412,
		"name": "Energy Ball",
		"type": "move_learner_tools"
	},
	{
		"id": 76,
		"name": "SolarBeam",
		"type": "move_learner_tools"
	},
	{
		"id": 409,
		"name": "Drain Punch",
		"type": "move_learner_tools"
	},
	{
		"id": 241,
		"name": "Sunny Day",
		"type": "move_learner_tools"
	},
	{
		"id": 240,
		"name": "Rain Dance",
		"type": "move_learner_tools"
	},
	{
		"id": 402,
		"name": "Seed Bomb",
		"type": "move_learner_tools"
	},
	{
		"id": 237,
		"name": "Hidden Power",
		"type": "move_learner_tools"
	},
	{
		"id": 72,
		"name": "Mega Drain",
		"type": "move_learner_tools"
	},
	{
		"id": 249,
		"name": "Rock Smash",
		"type": "move_learner_tools"
	},
	{
		"id": 70,
		"name": "Strength",
		"type": "move_learner_tools"
	},
	{
		"id": 68,
		"name": "Counter",
		"type": "move_learner_tools"
	},
	{
		"id": 230,
		"name": "Sweet Scent",
		"type": "move_learner_tools"
	},
	{
		"id": 227,
		"name": "Encore",
		"type": "move_learner_tools"
	},
	{
		"id": 61,
		"name": "BubbleBeam",
		"type": "move_learner_tools"
	},
	{
		"id": 223,
		"name": "DynamicPunch",
		"type": "move_learner_tools"
	},
	{
		"id": 102,
		"name": "Mimic",
		"type": "move_learner_tools"
	},
	{
		"id": 58,
		"name": "Ice Beam",
		"type": "move_learner_tools"
	},
	{
		"id": 104,
		"name": "Double Team",
		"type": "move_learner_tools"
	},
	{
		"id": 56,
		"name": "Hydro Pump",
		"type": "move_learner_tools"
	},
	{
		"id": 218,
		"name": "Frustration",
		"type": "move_learner_tools"
	},
	{
		"id": 216,
		"name": "Return",
		"type": "move_learner_tools"
	},
	{
		"id": 214,
		"name": "Sleep Talk",
		"type": "move_learner_tools"
	},
	{
		"id": 213,
		"name": "Attract",
		"type": "move_learner_tools"
	},
	{
		"id": 374,
		"name": "Fling",
		"type": "move_learner_tools"
	},
	{
		"id": 57,
		"name": "Surf",
		"type": "move_learner_tools"
	},
	{
		"id": 207,
		"name": "Swagger",
		"type": "move_learner_tools"
	},
	{
		"id": 59,
		"name": "Blizzard",
		"type": "move_learner_tools"
	},
	{
		"id": 203,
		"name": "Endure",
		"type": "move_learner_tools"
	},
	{
		"id": 202,
		"name": "Giga Drain",
		"type": "move_learner_tools"
	},
	{
		"id": 38,
		"name": "Double-Edge",
		"type": "move_learner_tools"
	},
	{
		"id": 363,
		"name": "Natural Gift",
		"type": "move_learner_tools"
	},
	{
		"id": 36,
		"name": "Take Down",
		"type": "move_learner_tools"
	},
	{
		"id": 127,
		"name": "Waterfall",
		"type": "move_learner_tools"
	},
	{
		"id": 196,
		"name": "Icy Wind",
		"type": "move_learner_tools"
	},
	{
		"id": 29,
		"name": "Headbutt",
		"type": "move_learner_tools"
	},
	{
		"id": 352,
		"name": "Water Pulse",
		"type": "move_learner_tools"
	},
	{
		"id": 25,
		"name": "Mega Kick",
		"type": "move_learner_tools"
	},
	{
		"id": 34,
		"name": "Body Slam",
		"type": "move_learner_tools"
	},
	{
		"id": 345,
		"name": "Magical Leaf",
		"type": "move_learner_tools"
	},
	{
		"id": 341,
		"name": "Mud Shot",
		"type": "move_learner_tools"
	},
	{
		"id": 503,
		"name": "Scald",
		"type": "move_learner_tools"
	},
	{
		"id": 9,
		"name": "ThunderPunch",
		"type": "move_learner_tools"
	},
	{
		"id": 497,
		"name": "Echoed Voice",
		"type": "move_learner_tools"
	},
	{
		"id": 496,
		"name": "Round",
		"type": "move_learner_tools"
	},
	{
		"id": 331,
		"name": "Bullet Seed",
		"type": "move_learner_tools"
	},
	{
		"id": 330,
		"name": "Muddy Water",
		"type": "move_learner_tools"
	},
	{
		"id": 164,
		"name": "Substitute",
		"type": "move_learner_tools"
	},
	{
		"id": 75,
		"name": "Razor Leaf",
		"type": "on_evolution"
	}
],
"types": [
	"WATER",
	"GRASS"
],
"stats": {
	"hp": 60,
	"attack": 50,
	"defense": 50,
	"speed": 50,
	"sp_attack": 60,
	"sp_defense": 70
},
"yields": {
	"exp": 119,
	"ev_hp": 0,
	"ev_attack": 0,
	"ev_defense": 0,
	"ev_speed": 0,
	"ev_sp_attack": 0,
	"ev_sp_defense": 2
},
"tiers": [
	"Untiered"
],
"held_items": [
	{
		"id": 5219,
		"name": "Mental Herb"
	}
],
"locations": [
	{
		"type": "Water",
		"region_id": 1,
		"region_name": "Hoenn",
		"location": "PETALBURG CITY (Night)",
		"min_level": 20,
		"max_level": 30,
		"rarity": "Rare"
	},
	{
		"type": "Water",
		"region_id": 1,
		"region_name": "Hoenn",
		"location": "ROUTE 102 (Night)",
		"min_level": 20,
		"max_level": 30,
		"rarity": "Rare"
	},
	{
		"type": "Grass",
		"region_id": 1,
		"region_name": "Hoenn",
		"location": "ROUTE 114",
		"min_level": 16,
		"max_level": 19,
		"rarity": "Rare"
	},
	{
		"type": "Water",
		"region_id": 1,
		"region_name": "Hoenn",
		"location": "ROUTE 114",
		"min_level": 20,
		"max_level": 30,
		"rarity": "Rare"
	},
	{
		"type": "Water",
		"region_id": 1,
		"region_name": "Hoenn",
		"location": "ROUTE 117",
		"min_level": 20,
		"max_level": 30,
		"rarity": "Common"
	},
	{
		"type": "Water",
		"region_id": 1,
		"region_name": "Hoenn",
		"location": "ROUTE 117",
		"min_level": 20,
		"max_level": 30,
		"rarity": "Horde"
	},
	{
		"type": "Water",
		"region_id": 1,
		"region_name": "Hoenn",
		"location": "ROUTE 120",
		"min_level": 25,
		"max_level": 30,
		"rarity": "Uncommon"
	},
	{
		"type": "Water",
		"region_id": 1,
		"region_name": "Hoenn",
		"location": "ROUTE 123 (Night)",
		"min_level": 25,
		"max_level": 30,
		"rarity": "Rare"
	}
]
}