{
"id": 275,
"name": "Shiftry",
"exp_type": "MEDIUM_SLOW",
"obtainable": true,
"gender_ratio": 127,
"height": 13,
"weight": 596,
"egg_groups": [
	"field",
	"plant"
],
"abilities": [
	{
		"id": 34,
		"name": "Chlorophyll"
	},
	{
		"id": 557,
		"name": "Wind Rider"
	},
	{
		"id": 124,
		"name": "Pickpocket"
	}
],
"forms": [
	{
		"form_id": 0,
		"id": 275,
		"name": "Shiftry"
	}
],
"evolutions": [],
"moves": [
	{
		"id": 1,
		"name": "Pound",
		"type": "level",
		"level": 1
	},
	{
		"id": 18,
		"name": "Whirlwind",
		"type": "level",
		"level": 1
	},
	{
		"id": 33,
		"name": "Tackle",
		"type": "level",
		"level": 1
	},
	{
		"id": 71,
		"name": "Absorb",
		"type": "level",
		"level": 1
	},
	{
		"id": 72,
		"name": "Mega Drain",
		"type": "level",
		"level": 1
	},
	{
		"id": 74,
		"name": "Growth",
		"type": "level",
		"level": 1
	},
	{
		"id": 153,
		"name": "Explosion",
		"type": "level",
		"level": 1
	},
	{
		"id": 205,
		"name": "Rollout",
		"type": "level",
		"level": 1
	},
	{
		"id": 207,
		"name": "Swagger",
		"type": "level",
		"level": 1
	},
	{
		"id": 235,
		"name": "Synthesis",
		"type": "level",
		"level": 1
	},
	{
		"id": 241,
		"name": "Sunny Day",
		"type": "level",
		"level": 1
	},
	{
		"id": 252,
		"name": "Fake Out",
		"type": "level",
		"level": 1
	},
	{
		"id": 259,
		"name": "Torment",
		"type": "level",
		"level": 1
	},
	{
		"id": 267,
		"name": "Nature Power",
		"type": "level",
		"level": 1
	},
	{
		"id": 75,
		"name": "Razor Leaf",
		"type": "level",
		"level": 1
	},
	{
		"id": 106,
		"name": "Harden",
		"type": "level",
		"level": 1
	},
	{
		"id": 185,
		"name": "Faint Attack",
		"type": "level",
		"level": 1
	},
	{
		"id": 310,
		"name": "Astonish",
		"type": "level",
		"level": 1
	},
	{
		"id": 314,
		"name": "Air Cutter",
		"type": "level",
		"level": 1
	},
	{
		"id": 326,
		"name": "Extrasensory",
		"type": "level",
		"level": 1
	},
	{
		"id": 371,
		"name": "Payback",
		"type": "level",
		"level": 1
	},
	{
		"id": 389,
		"name": "Sucker Punch",
		"type": "level",
		"level": 1
	},
	{
		"id": 417,
		"name": "Nasty Plot",
		"type": "level",
		"level": 1
	},
	{
		"id": 536,
		"name": "Leaf Tornado",
		"type": "level",
		"level": 1
	},
	{
		"id": 542,
		"name": "Hurricane",
		"type": "level",
		"level": 1
	},
	{
		"id": 536,
		"name": "Leaf Tornado",
		"type": "level",
		"level": 20
	},
	{
		"id": 542,
		"name": "Hurricane",
		"type": "level",
		"level": 32
	},
	{
		"id": 437,
		"name": "Leaf Storm",
		"type": "level",
		"level": 44
	},
	{
		"id": 252,
		"name": "Fake Out",
		"type": "move_tutor"
	},
	{
		"id": 389,
		"name": "Sucker Punch",
		"type": "move_tutor"
	},
	{
		"id": 388,
		"name": "Worry Seed",
		"type": "move_tutor"
	},
	{
		"id": 111,
		"name": "Defense Curl",
		"type": "move_tutor"
	},
	{
		"id": 340,
		"name": "Bounce",
		"type": "move_tutor"
	},
	{
		"id": 173,
		"name": "Snore",
		"type": "move_tutor"
	},
	{
		"id": 239,
		"name": "Twister",
		"type": "move_tutor"
	},
	{
		"id": 466,
		"name": "Ominous Wind",
		"type": "move_tutor"
	},
	{
		"id": 235,
		"name": "Synthesis",
		"type": "move_tutor"
	},
	{
		"id": 185,
		"name": "Faint Attack",
		"type": "move_tutor"
	},
	{
		"id": 287,
		"name": "Refresh",
		"type": "special_moves"
	},
	{
		"id": 13,
		"name": "Razor Wind",
		"type": "prevo_moves"
	},
	{
		"id": 29,
		"name": "Headbutt",
		"type": "prevo_moves"
	},
	{
		"id": 348,
		"name": "Leaf Blade",
		"type": "prevo_moves"
	},
	{
		"id": 117,
		"name": "Bide",
		"type": "prevo_moves"
	},
	{
		"id": 237,
		"name": "Hidden Power",
		"type": "move_learner_tools"
	},
	{
		"id": 269,
		"name": "Taunt",
		"type": "move_learner_tools"
	},
	{
		"id": 267,
		"name": "Nature Power",
		"type": "move_learner_tools"
	},
	{
		"id": 542,
		"name": "Hurricane",
		"type": "move_learner_tools"
	},
	{
		"id": 263,
		"name": "Facade",
		"type": "move_learner_tools"
	},
	{
		"id": 13,
		"name": "Razor Wind",
		"type": "move_learner_tools"
	},
	{
		"id": 261,
		"name": "Will-O-Wisp",
		"type": "move_learner_tools"
	},
	{
		"id": 259,
		"name": "Torment",
		"type": "move_learner_tools"
	},
	{
		"id": 257,
		"name": "Heat Wave",
		"type": "move_learner_tools"
	},
	{
		"id": 253,
		"name": "Uproar",
		"type": "move_learner_tools"
	},
	{
		"id": 251,
		"name": "Beat Up",
		"type": "move_learner_tools"
	},
	{
		"id": 249,
		"name": "Rock Smash",
		"type": "move_learner_tools"
	},
	{
		"id": 247,
		"name": "Shadow Ball",
		"type": "move_learner_tools"
	},
	{
		"id": 244,
		"name": "Psych Up",
		"type": "move_learner_tools"
	},
	{
		"id": 241,
		"name": "Sunny Day",
		"type": "move_learner_tools"
	},
	{
		"id": 240,
		"name": "Rain Dance",
		"type": "move_learner_tools"
	},
	{
		"id": 514,
		"name": "Retaliate",
		"type": "move_learner_tools"
	},
	{
		"id": 506,
		"name": "Hex",
		"type": "move_learner_tools"
	},
	{
		"id": 496,
		"name": "Round",
		"type": "move_learner_tools"
	},
	{
		"id": 218,
		"name": "Frustration",
		"type": "move_learner_tools"
	},
	{
		"id": 216,
		"name": "Return",
		"type": "move_learner_tools"
	},
	{
		"id": 492,
		"name": "Foul Play",
		"type": "move_learner_tools"
	},
	{
		"id": 214,
		"name": "Sleep Talk",
		"type": "move_learner_tools"
	},
	{
		"id": 490,
		"name": "Low Sweep",
		"type": "move_learner_tools"
	},
	{
		"id": 210,
		"name": "Fury Cutter",
		"type": "move_learner_tools"
	},
	{
		"id": 207,
		"name": "Swagger",
		"type": "move_learner_tools"
	},
	{
		"id": 206,
		"name": "False Swipe",
		"type": "move_learner_tools"
	},
	{
		"id": 205,
		"name": "Rollout",
		"type": "move_learner_tools"
	},
	{
		"id": 203,
		"name": "Endure",
		"type": "move_learner_tools"
	},
	{
		"id": 202,
		"name": "Giga Drain",
		"type": "move_learner_tools"
	},
	{
		"id": 196,
		"name": "Icy Wind",
		"type": "move_learner_tools"
	},
	{
		"id": 189,
		"name": "Mud-Slap",
		"type": "move_learner_tools"
	},
	{
		"id": 184,
		"name": "Scary Face",
		"type": "move_learner_tools"
	},
	{
		"id": 182,
		"name": "Protect",
		"type": "move_learner_tools"
	},
	{
		"id": 180,
		"name": "Spite",
		"type": "move_learner_tools"
	},
	{
		"id": 179,
		"name": "Reversal",
		"type": "move_learner_tools"
	},
	{
		"id": 34,
		"name": "Body Slam",
		"type": "move_learner_tools"
	},
	{
		"id": 447,
		"name": "Grass Knot",
		"type": "move_learner_tools"
	},
	{
		"id": 445,
		"name": "Captivate",
		"type": "move_learner_tools"
	},
	{
		"id": 164,
		"name": "Substitute",
		"type": "move_learner_tools"
	},
	{
		"id": 437,
		"name": "Leaf Storm",
		"type": "move_learner_tools"
	},
	{
		"id": 157,
		"name": "Rock Slide",
		"type": "move_learner_tools"
	},
	{
		"id": 156,
		"name": "Rest",
		"type": "move_learner_tools"
	},
	{
		"id": 432,
		"name": "Defog",
		"type": "move_learner_tools"
	},
	{
		"id": 153,
		"name": "Explosion",
		"type": "move_learner_tools"
	},
	{
		"id": 148,
		"name": "Flash",
		"type": "move_learner_tools"
	},
	{
		"id": 133,
		"name": "Amnesia",
		"type": "move_learner_tools"
	},
	{
		"id": 417,
		"name": "Nasty Plot",
		"type": "move_learner_tools"
	},
	{
		"id": 416,
		"name": "Giga Impact",
		"type": "move_learner_tools"
	},
	{
		"id": 412,
		"name": "Energy Ball",
		"type": "move_learner_tools"
	},
	{
		"id": 411,
		"name": "Focus Blast",
		"type": "move_learner_tools"
	},
	{
		"id": 410,
		"name": "Vacuum Wave",
		"type": "move_learner_tools"
	},
	{
		"id": 129,
		"name": "Swift",
		"type": "move_learner_tools"
	},
	{
		"id": 404,
		"name": "X-Scissor",
		"type": "move_learner_tools"
	},
	{
		"id": 403,
		"name": "Air Slash",
		"type": "move_learner_tools"
	},
	{
		"id": 402,
		"name": "Seed Bomb",
		"type": "move_learner_tools"
	},
	{
		"id": 399,
		"name": "Dark Pulse",
		"type": "move_learner_tools"
	},
	{
		"id": 120,
		"name": "Selfdestruct",
		"type": "move_learner_tools"
	},
	{
		"id": 117,
		"name": "Bide",
		"type": "move_learner_tools"
	},
	{
		"id": 390,
		"name": "Toxic Spikes",
		"type": "move_learner_tools"
	},
	{
		"id": 109,
		"name": "Confuse Ray",
		"type": "move_learner_tools"
	},
	{
		"id": 384,
		"name": "Power Swap",
		"type": "move_learner_tools"
	},
	{
		"id": 104,
		"name": "Double Team",
		"type": "move_learner_tools"
	},
	{
		"id": 103,
		"name": "Screech",
		"type": "move_learner_tools"
	},
	{
		"id": 102,
		"name": "Mimic",
		"type": "move_learner_tools"
	},
	{
		"id": 374,
		"name": "Fling",
		"type": "move_learner_tools"
	},
	{
		"id": 373,
		"name": "Embargo",
		"type": "move_learner_tools"
	},
	{
		"id": 372,
		"name": "Assurance",
		"type": "move_learner_tools"
	},
	{
		"id": 371,
		"name": "Payback",
		"type": "move_learner_tools"
	},
	{
		"id": 92,
		"name": "Toxic",
		"type": "move_learner_tools"
	},
	{
		"id": 91,
		"name": "Dig",
		"type": "move_learner_tools"
	},
	{
		"id": 366,
		"name": "Tailwind",
		"type": "move_learner_tools"
	},
	{
		"id": 363,
		"name": "Natural Gift",
		"type": "move_learner_tools"
	},
	{
		"id": 76,
		"name": "SolarBeam",
		"type": "move_learner_tools"
	},
	{
		"id": 72,
		"name": "Mega Drain",
		"type": "move_learner_tools"
	},
	{
		"id": 348,
		"name": "Leaf Blade",
		"type": "move_learner_tools"
	},
	{
		"id": 70,
		"name": "Strength",
		"type": "move_learner_tools"
	},
	{
		"id": 345,
		"name": "Magical Leaf",
		"type": "move_learner_tools"
	},
	{
		"id": 67,
		"name": "Low Kick",
		"type": "move_learner_tools"
	},
	{
		"id": 63,
		"name": "Hyper Beam",
		"type": "move_learner_tools"
	},
	{
		"id": 213,
		"name": "Attract",
		"type": "move_learner_tools"
	},
	{
		"id": 332,
		"name": "Aerial Ace",
		"type": "move_learner_tools"
	},
	{
		"id": 331,
		"name": "Bullet Seed",
		"type": "move_learner_tools"
	},
	{
		"id": 168,
		"name": "Thief",
		"type": "move_learner_tools"
	},
	{
		"id": 318,
		"name": "Silver Wind",
		"type": "move_learner_tools"
	},
	{
		"id": 317,
		"name": "Rock Tomb",
		"type": "move_learner_tools"
	},
	{
		"id": 38,
		"name": "Double-Edge",
		"type": "move_learner_tools"
	},
	{
		"id": 314,
		"name": "Air Cutter",
		"type": "move_learner_tools"
	},
	{
		"id": 36,
		"name": "Take Down",
		"type": "move_learner_tools"
	},
	{
		"id": 311,
		"name": "Weather Ball",
		"type": "move_learner_tools"
	},
	{
		"id": 29,
		"name": "Headbutt",
		"type": "move_learner_tools"
	},
	{
		"id": 25,
		"name": "Mega Kick",
		"type": "move_learner_tools"
	},
	{
		"id": 18,
		"name": "Whirlwind",
		"type": "move_learner_tools"
	},
	{
		"id": 15,
		"name": "Cut",
		"type": "move_learner_tools"
	},
	{
		"id": 14,
		"name": "Swords Dance",
		"type": "move_learner_tools"
	},
	{
		"id": 290,
		"name": "Secret Power",
		"type": "move_learner_tools"
	},
	{
		"id": 286,
		"name": "Imprison",
		"type": "move_learner_tools"
	},
	{
		"id": 282,
		"name": "Knock Off",
		"type": "move_learner_tools"
	},
	{
		"id": 280,
		"name": "Brick Break",
		"type": "move_learner_tools"
	},
	{
		"id": 279,
		"name": "Revenge",
		"type": "move_learner_tools"
	},
	{
		"id": 555,
		"name": "Snarl",
		"type": "move_learner_tools"
	},
	{
		"id": 536,
		"name": "Leaf Tornado",
		"type": "on_evolution"
	},
	{
		"id": 348,
		"name": "Leaf Blade",
		"type": "on_evolution"
	}
],
"types": [
	"GRASS",
	"DARK"
],
"stats": {
	"hp": 90,
	"attack": 100,
	"defense": 60,
	"speed": 80,
	"sp_attack": 90,
	"sp_defense": 60
},
"yields": {
	"exp": 216,
	"ev_hp": 0,
	"ev_attack": 3,
	"ev_defense": 0,
	"ev_speed": 0,
	"ev_sp_attack": 0,
	"ev_sp_defense": 0
},
"tiers": [
	"Untiered"
],
"held_items": [
	{
		"id": 5271,
		"name": "Power Herb"
	}
],
"locations": []
}