{
"id": 283,
"name": "Surskit",
"exp_type": "MEDIUM_FAST",
"obtainable": true,
"gender_ratio": 127,
"height": 5,
"weight": 17,
"egg_groups": [
	"water a",
	"bug"
],
"abilities": [
	{
		"id": 33,
		"name": "Swift Swim"
	},
	{
		"id": 33,
		"name": "Swift Swim"
	},
	{
		"id": 44,
		"name": "Rain Dish"
	}
],
"forms": [
	{
		"form_id": 0,
		"id": 283,
		"name": "Surskit"
	}
],
"evolutions": [
	{
		"id": 284,
		"name": "Masquerain",
		"type": "LEVEL",
		"val": 22
	}
],
"moves": [
	{
		"id": 145,
		"name": "Bubble",
		"type": "level",
		"level": 1
	},
	{
		"id": 55,
		"name": "Water Gun",
		"type": "level",
		"level": 1
	},
	{
		"id": 98,
		"name": "Quick Attack",
		"type": "level",
		"level": 6
	},
	{
		"id": 230,
		"name": "Sweet Scent",
		"type": "level",
		"level": 9
	},
	{
		"id": 346,
		"name": "Water Sport",
		"type": "level",
		"level": 14
	},
	{
		"id": 487,
		"name": "Soak",
		"type": "level",
		"level": 14
	},
	{
		"id": 61,
		"name": "BubbleBeam",
		"type": "level",
		"level": 17
	},
	{
		"id": 97,
		"name": "Agility",
		"type": "level",
		"level": 22
	},
	{
		"id": 54,
		"name": "Mist",
		"type": "level",
		"level": 25
	},
	{
		"id": 114,
		"name": "Haze",
		"type": "level",
		"level": 25
	},
	{
		"id": 453,
		"name": "Aqua Jet",
		"type": "level",
		"level": 30
	},
	{
		"id": 226,
		"name": "Baton Pass",
		"type": "level",
		"level": 35
	},
	{
		"id": 471,
		"name": "Power Split",
		"type": "egg_moves"
	},
	{
		"id": 193,
		"name": "Foresight",
		"type": "egg_moves"
	},
	{
		"id": 170,
		"name": "Mind Reader",
		"type": "egg_moves"
	},
	{
		"id": 81,
		"name": "String Shot",
		"type": "move_tutor"
	},
	{
		"id": 173,
		"name": "Snore",
		"type": "move_tutor"
	},
	{
		"id": 324,
		"name": "Signal Beam",
		"type": "move_tutor"
	},
	{
		"id": 300,
		"name": "Mud Sport",
		"type": "special_moves"
	},
	{
		"id": 104,
		"name": "Double Team",
		"type": "move_learner_tools"
	},
	{
		"id": 226,
		"name": "Baton Pass",
		"type": "move_learner_tools"
	},
	{
		"id": 270,
		"name": "Helping Hand",
		"type": "move_learner_tools"
	},
	{
		"id": 405,
		"name": "Bug Buzz",
		"type": "move_learner_tools"
	},
	{
		"id": 129,
		"name": "Swift",
		"type": "move_learner_tools"
	},
	{
		"id": 127,
		"name": "Waterfall",
		"type": "move_learner_tools"
	},
	{
		"id": 263,
		"name": "Facade",
		"type": "move_learner_tools"
	},
	{
		"id": 76,
		"name": "SolarBeam",
		"type": "move_learner_tools"
	},
	{
		"id": 114,
		"name": "Haze",
		"type": "move_learner_tools"
	},
	{
		"id": 522,
		"name": "Struggle Bug",
		"type": "move_learner_tools"
	},
	{
		"id": 247,
		"name": "Shadow Ball",
		"type": "move_learner_tools"
	},
	{
		"id": 244,
		"name": "Psych Up",
		"type": "move_learner_tools"
	},
	{
		"id": 241,
		"name": "Sunny Day",
		"type": "move_learner_tools"
	},
	{
		"id": 240,
		"name": "Rain Dance",
		"type": "move_learner_tools"
	},
	{
		"id": 102,
		"name": "Mimic",
		"type": "move_learner_tools"
	},
	{
		"id": 512,
		"name": "Acrobatics",
		"type": "move_learner_tools"
	},
	{
		"id": 237,
		"name": "Hidden Power",
		"type": "move_learner_tools"
	},
	{
		"id": 97,
		"name": "Agility",
		"type": "move_learner_tools"
	},
	{
		"id": 230,
		"name": "Sweet Scent",
		"type": "move_learner_tools"
	},
	{
		"id": 503,
		"name": "Scald",
		"type": "move_learner_tools"
	},
	{
		"id": 363,
		"name": "Natural Gift",
		"type": "move_learner_tools"
	},
	{
		"id": 496,
		"name": "Round",
		"type": "move_learner_tools"
	},
	{
		"id": 218,
		"name": "Frustration",
		"type": "move_learner_tools"
	},
	{
		"id": 216,
		"name": "Return",
		"type": "move_learner_tools"
	},
	{
		"id": 352,
		"name": "Water Pulse",
		"type": "move_learner_tools"
	},
	{
		"id": 214,
		"name": "Sleep Talk",
		"type": "move_learner_tools"
	},
	{
		"id": 213,
		"name": "Attract",
		"type": "move_learner_tools"
	},
	{
		"id": 207,
		"name": "Swagger",
		"type": "move_learner_tools"
	},
	{
		"id": 341,
		"name": "Mud Shot",
		"type": "move_learner_tools"
	},
	{
		"id": 203,
		"name": "Endure",
		"type": "move_learner_tools"
	},
	{
		"id": 202,
		"name": "Giga Drain",
		"type": "move_learner_tools"
	},
	{
		"id": 61,
		"name": "BubbleBeam",
		"type": "move_learner_tools"
	},
	{
		"id": 60,
		"name": "Psybeam",
		"type": "move_learner_tools"
	},
	{
		"id": 196,
		"name": "Icy Wind",
		"type": "move_learner_tools"
	},
	{
		"id": 58,
		"name": "Ice Beam",
		"type": "move_learner_tools"
	},
	{
		"id": 57,
		"name": "Surf",
		"type": "move_learner_tools"
	},
	{
		"id": 56,
		"name": "Hydro Pump",
		"type": "move_learner_tools"
	},
	{
		"id": 55,
		"name": "Water Gun",
		"type": "move_learner_tools"
	},
	{
		"id": 189,
		"name": "Mud-Slap",
		"type": "move_learner_tools"
	},
	{
		"id": 182,
		"name": "Protect",
		"type": "move_learner_tools"
	},
	{
		"id": 92,
		"name": "Toxic",
		"type": "move_learner_tools"
	},
	{
		"id": 450,
		"name": "Bug Bite",
		"type": "move_learner_tools"
	},
	{
		"id": 38,
		"name": "Double-Edge",
		"type": "move_learner_tools"
	},
	{
		"id": 36,
		"name": "Take Down",
		"type": "move_learner_tools"
	},
	{
		"id": 445,
		"name": "Captivate",
		"type": "move_learner_tools"
	},
	{
		"id": 59,
		"name": "Blizzard",
		"type": "move_learner_tools"
	},
	{
		"id": 168,
		"name": "Thief",
		"type": "move_learner_tools"
	},
	{
		"id": 164,
		"name": "Substitute",
		"type": "move_learner_tools"
	},
	{
		"id": 156,
		"name": "Rest",
		"type": "move_learner_tools"
	},
	{
		"id": 290,
		"name": "Secret Power",
		"type": "move_learner_tools"
	},
	{
		"id": 148,
		"name": "Flash",
		"type": "move_learner_tools"
	},
	{
		"id": 141,
		"name": "Leech Life",
		"type": "move_learner_tools"
	}
],
"types": [
	"BUG",
	"WATER"
],
"stats": {
	"hp": 40,
	"attack": 30,
	"defense": 32,
	"speed": 65,
	"sp_attack": 50,
	"sp_defense": 52
},
"yields": {
	"exp": 54,
	"ev_hp": 0,
	"ev_attack": 0,
	"ev_defense": 0,
	"ev_speed": 1,
	"ev_sp_attack": 0,
	"ev_sp_defense": 0
},
"tiers": [
	"Untiered"
],
"held_items": [
	{
		"id": 5094,
		"name": "Honey"
	}
],
"locations": [
	{
		"type": "Water",
		"region_id": 1,
		"region_name": "Hoenn",
		"location": "PETALBURG CITY",
		"min_level": 20,
		"max_level": 30,
		"rarity": "Uncommon"
	},
	{
		"type": "Water",
		"region_id": 1,
		"region_name": "Hoenn",
		"location": "PETALBURG CITY",
		"min_level": 20,
		"max_level": 30,
		"rarity": "Horde"
	},
	{
		"type": "Grass",
		"region_id": 1,
		"region_name": "Hoenn",
		"location": "ROUTE 102",
		"min_level": 3,
		"max_level": 3,
		"rarity": "Rare"
	},
	{
		"type": "Water",
		"region_id": 1,
		"region_name": "Hoenn",
		"location": "ROUTE 102",
		"min_level": 20,
		"max_level": 30,
		"rarity": "Uncommon"
	},
	{
		"type": "Water",
		"region_id": 1,
		"region_name": "Hoenn",
		"location": "ROUTE 111",
		"min_level": 20,
		"max_level": 30,
		"rarity": "Uncommon"
	},
	{
		"type": "Water",
		"region_id": 1,
		"region_name": "Hoenn",
		"location": "ROUTE 111",
		"min_level": 20,
		"max_level": 30,
		"rarity": "Horde"
	},
	{
		"type": "Grass",
		"region_id": 1,
		"region_name": "Hoenn",
		"location": "ROUTE 114",
		"min_level": 19,
		"max_level": 19,
		"rarity": "Rare"
	},
	{
		"type": "Water",
		"region_id": 1,
		"region_name": "Hoenn",
		"location": "ROUTE 114",
		"min_level": 20,
		"max_level": 30,
		"rarity": "Uncommon"
	},
	{
		"type": "Grass",
		"region_id": 1,
		"region_name": "Hoenn",
		"location": "ROUTE 117",
		"min_level": 14,
		"max_level": 14,
		"rarity": "Rare"
	},
	{
		"type": "Water",
		"region_id": 1,
		"region_name": "Hoenn",
		"location": "ROUTE 117",
		"min_level": 20,
		"max_level": 30,
		"rarity": "Uncommon"
	},
	{
		"type": "Water",
		"region_id": 1,
		"region_name": "Hoenn",
		"location": "ROUTE 120",
		"min_level": 25,
		"max_level": 30,
		"rarity": "Common"
	},
	{
		"type": "Water",
		"region_id": 1,
		"region_name": "Hoenn",
		"location": "ROUTE 123",
		"min_level": 25,
		"max_level": 30,
		"rarity": "Uncommon"
	},
	{
		"type": "Water",
		"region_id": 1,
		"region_name": "Hoenn",
		"location": "ROUTE 123",
		"min_level": 25,
		"max_level": 30,
		"rarity": "Horde"
	},
	{
		"type": "Water",
		"region_id": 3,
		"region_name": "Sinnoh",
		"location": "Route 229",
		"min_level": 35,
		"max_level": 45,
		"rarity": "Very Common"
	},
	{
		"type": "Water",
		"region_id": 3,
		"region_name": "Sinnoh",
		"location": "Route 229",
		"min_level": 35,
		"max_level": 45,
		"rarity": "Horde"
	},
	{
		"type": "Water",
		"region_id": 3,
		"region_name": "Sinnoh",
		"location": "Route 229",
		"min_level": 35,
		"max_level": 45,
		"rarity": "Very Common"
	},
	{
		"type": "Water",
		"region_id": 3,
		"region_name": "Sinnoh",
		"location": "Route 229",
		"min_level": 35,
		"max_level": 45,
		"rarity": "Very Common"
	},
	{
		"type": "Water",
		"region_id": 3,
		"region_name": "Sinnoh",
		"location": "Route 229",
		"min_level": 35,
		"max_level": 45,
		"rarity": "Very Common"
	},
	{
		"type": "Water",
		"region_id": 3,
		"region_name": "Sinnoh",
		"location": "Twinleaf Town",
		"min_level": 38,
		"max_level": 38,
		"rarity": "Lure"
	}
]
}