{
"id": 285,
"name": "Shroomish",
"exp_type": "FLUCTUATING",
"obtainable": true,
"gender_ratio": 127,
"height": 4,
"weight": 45,
"egg_groups": [
	"fairy",
	"plant"
],
"abilities": [
	{
		"id": 27,
		"name": "Effect Spore"
	},
	{
		"id": 90,
		"name": "Poison Heal"
	},
	{
		"id": 95,
		"name": "Quick Feet"
	}
],
"forms": [
	{
		"form_id": 0,
		"id": 285,
		"name": "Shroomish"
	}
],
"evolutions": [
	{
		"id": 286,
		"name": "Breloom",
		"type": "LEVEL",
		"val": 23
	}
],
"moves": [
	{
		"id": 33,
		"name": "Tackle",
		"type": "level",
		"level": 1
	},
	{
		"id": 71,
		"name": "Absorb",
		"type": "level",
		"level": 1
	},
	{
		"id": 78,
		"name": "Stun Spore",
		"type": "level",
		"level": 5
	},
	{
		"id": 73,
		"name": "Leech Seed",
		"type": "level",
		"level": 8
	},
	{
		"id": 72,
		"name": "Mega Drain",
		"type": "level",
		"level": 12
	},
	{
		"id": 29,
		"name": "Headbutt",
		"type": "level",
		"level": 15
	},
	{
		"id": 77,
		"name": "PoisonPowder",
		"type": "level",
		"level": 19
	},
	{
		"id": 388,
		"name": "Worry Seed",
		"type": "level",
		"level": 22
	},
	{
		"id": 202,
		"name": "Giga Drain",
		"type": "level",
		"level": 26
	},
	{
		"id": 74,
		"name": "Growth",
		"type": "level",
		"level": 29
	},
	{
		"id": 92,
		"name": "Toxic",
		"type": "level",
		"level": 33
	},
	{
		"id": 402,
		"name": "Seed Bomb",
		"type": "level",
		"level": 36
	},
	{
		"id": 147,
		"name": "Spore",
		"type": "level",
		"level": 40
	},
	{
		"id": 358,
		"name": "Wake-Up Slap",
		"type": "egg_moves"
	},
	{
		"id": 388,
		"name": "Worry Seed",
		"type": "move_tutor"
	},
	{
		"id": 173,
		"name": "Snore",
		"type": "move_tutor"
	},
	{
		"id": 235,
		"name": "Synthesis",
		"type": "move_tutor"
	},
	{
		"id": 287,
		"name": "Refresh",
		"type": "special_moves"
	},
	{
		"id": 290,
		"name": "Secret Power",
		"type": "move_learner_tools"
	},
	{
		"id": 289,
		"name": "Snatch",
		"type": "move_learner_tools"
	},
	{
		"id": 156,
		"name": "Rest",
		"type": "move_learner_tools"
	},
	{
		"id": 218,
		"name": "Frustration",
		"type": "move_learner_tools"
	},
	{
		"id": 188,
		"name": "Sludge Bomb",
		"type": "move_learner_tools"
	},
	{
		"id": 331,
		"name": "Bullet Seed",
		"type": "move_learner_tools"
	},
	{
		"id": 474,
		"name": "Venoshock",
		"type": "move_learner_tools"
	},
	{
		"id": 182,
		"name": "Protect",
		"type": "move_learner_tools"
	},
	{
		"id": 14,
		"name": "Swords Dance",
		"type": "move_learner_tools"
	},
	{
		"id": 270,
		"name": "Helping Hand",
		"type": "move_learner_tools"
	},
	{
		"id": 363,
		"name": "Natural Gift",
		"type": "move_learner_tools"
	},
	{
		"id": 264,
		"name": "Focus Punch",
		"type": "move_learner_tools"
	},
	{
		"id": 263,
		"name": "Facade",
		"type": "move_learner_tools"
	},
	{
		"id": 164,
		"name": "Substitute",
		"type": "move_learner_tools"
	},
	{
		"id": 216,
		"name": "Return",
		"type": "move_learner_tools"
	},
	{
		"id": 447,
		"name": "Grass Knot",
		"type": "move_learner_tools"
	},
	{
		"id": 445,
		"name": "Captivate",
		"type": "move_learner_tools"
	},
	{
		"id": 345,
		"name": "Magical Leaf",
		"type": "move_learner_tools"
	},
	{
		"id": 441,
		"name": "Gunk Shot",
		"type": "move_learner_tools"
	},
	{
		"id": 148,
		"name": "Flash",
		"type": "move_learner_tools"
	},
	{
		"id": 241,
		"name": "Sunny Day",
		"type": "move_learner_tools"
	},
	{
		"id": 240,
		"name": "Rain Dance",
		"type": "move_learner_tools"
	},
	{
		"id": 237,
		"name": "Hidden Power",
		"type": "move_learner_tools"
	},
	{
		"id": 428,
		"name": "Zen Headbutt",
		"type": "move_learner_tools"
	},
	{
		"id": 76,
		"name": "SolarBeam",
		"type": "move_learner_tools"
	},
	{
		"id": 38,
		"name": "Double-Edge",
		"type": "move_learner_tools"
	},
	{
		"id": 36,
		"name": "Take Down",
		"type": "move_learner_tools"
	},
	{
		"id": 34,
		"name": "Body Slam",
		"type": "move_learner_tools"
	},
	{
		"id": 129,
		"name": "Swift",
		"type": "move_learner_tools"
	},
	{
		"id": 29,
		"name": "Headbutt",
		"type": "move_learner_tools"
	},
	{
		"id": 219,
		"name": "Safeguard",
		"type": "move_learner_tools"
	},
	{
		"id": 412,
		"name": "Energy Ball",
		"type": "move_learner_tools"
	},
	{
		"id": 72,
		"name": "Mega Drain",
		"type": "move_learner_tools"
	},
	{
		"id": 313,
		"name": "Fake Tears",
		"type": "move_learner_tools"
	},
	{
		"id": 409,
		"name": "Drain Punch",
		"type": "move_learner_tools"
	},
	{
		"id": 214,
		"name": "Sleep Talk",
		"type": "move_learner_tools"
	},
	{
		"id": 213,
		"name": "Attract",
		"type": "move_learner_tools"
	},
	{
		"id": 402,
		"name": "Seed Bomb",
		"type": "move_learner_tools"
	},
	{
		"id": 207,
		"name": "Swagger",
		"type": "move_learner_tools"
	},
	{
		"id": 206,
		"name": "False Swipe",
		"type": "move_learner_tools"
	},
	{
		"id": 496,
		"name": "Round",
		"type": "move_learner_tools"
	},
	{
		"id": 204,
		"name": "Charm",
		"type": "move_learner_tools"
	},
	{
		"id": 203,
		"name": "Endure",
		"type": "move_learner_tools"
	},
	{
		"id": 202,
		"name": "Giga Drain",
		"type": "move_learner_tools"
	},
	{
		"id": 104,
		"name": "Double Team",
		"type": "move_learner_tools"
	},
	{
		"id": 102,
		"name": "Mimic",
		"type": "move_learner_tools"
	},
	{
		"id": 92,
		"name": "Toxic",
		"type": "move_learner_tools"
	}
],
"types": [
	"GRASS",
	"GRASS"
],
"stats": {
	"hp": 60,
	"attack": 40,
	"defense": 60,
	"speed": 35,
	"sp_attack": 40,
	"sp_defense": 60
},
"yields": {
	"exp": 59,
	"ev_hp": 1,
	"ev_attack": 0,
	"ev_defense": 0,
	"ev_speed": 0,
	"ev_sp_attack": 0,
	"ev_sp_defense": 0
},
"tiers": [
	"Untiered"
],
"held_items": [
	{
		"id": 5086,
		"name": "TinyMushroom"
	},
	{
		"id": 5087,
		"name": "Big Mushroom"
	},
	{
		"id": 5190,
		"name": "Kebia Berry"
	},
	{
		"id": 5580,
		"name": "BalmMushroom"
	}
],
"locations": [
	{
		"type": "Grass",
		"region_id": 1,
		"region_name": "Hoenn",
		"location": "PETALBURG WOODS",
		"min_level": 5,
		"max_level": 6,
		"rarity": "Uncommon"
	}
]
}