{
"id": 290,
"name": "Nincada",
"exp_type": "ERRATIC",
"obtainable": true,
"gender_ratio": 127,
"height": 5,
"weight": 55,
"egg_groups": [
	"bug"
],
"abilities": [
	{
		"id": 14,
		"name": "Compoundeyes"
	},
	{
		"id": 14,
		"name": "Compoundeyes"
	},
	{
		"id": 50,
		"name": "Run Away"
	}
],
"forms": [
	{
		"form_id": 0,
		"id": 290,
		"name": "Nincada"
	}
],
"evolutions": [
	{
		"id": 291,
		"name": "Ninjask",
		"type": "ALLOW_MONSTER_CREATION",
		"val": 20
	},
	{
		"id": 292,
		"name": "Shedinja",
		"type": "CREATE_EXTRA_MONSTER",
		"val": 20
	}
],
"moves": [
	{
		"id": 10,
		"name": "Scratch",
		"type": "level",
		"level": 1
	},
	{
		"id": 28,
		"name": "Sand-Attack",
		"type": "level",
		"level": 1
	},
	{
		"id": 106,
		"name": "Harden",
		"type": "level",
		"level": 1
	},
	{
		"id": 106,
		"name": "Harden",
		"type": "level",
		"level": 5
	},
	{
		"id": 28,
		"name": "Sand-Attack",
		"type": "level",
		"level": 9
	},
	{
		"id": 206,
		"name": "False Swipe",
		"type": "level",
		"level": 10
	},
	{
		"id": 189,
		"name": "Mud-Slap",
		"type": "level",
		"level": 15
	},
	{
		"id": 141,
		"name": "Leech Life",
		"type": "level",
		"level": 20
	},
	{
		"id": 71,
		"name": "Absorb",
		"type": "level",
		"level": 21
	},
	{
		"id": 232,
		"name": "Metal Claw",
		"type": "level",
		"level": 25
	},
	{
		"id": 117,
		"name": "Bide",
		"type": "level",
		"level": 29
	},
	{
		"id": 154,
		"name": "Fury Swipes",
		"type": "level",
		"level": 30
	},
	{
		"id": 170,
		"name": "Mind Reader",
		"type": "level",
		"level": 35
	},
	{
		"id": 91,
		"name": "Dig",
		"type": "level",
		"level": 40
	},
	{
		"id": 16,
		"name": "Gust",
		"type": "egg_moves"
	},
	{
		"id": 175,
		"name": "Flail",
		"type": "egg_moves"
	},
	{
		"id": 515,
		"name": "Final Gambit",
		"type": "egg_moves"
	},
	{
		"id": 400,
		"name": "Night Slash",
		"type": "egg_moves"
	},
	{
		"id": 81,
		"name": "String Shot",
		"type": "move_tutor"
	},
	{
		"id": 173,
		"name": "Snore",
		"type": "move_tutor"
	},
	{
		"id": 185,
		"name": "Faint Attack",
		"type": "move_tutor"
	},
	{
		"id": 38,
		"name": "Double-Edge",
		"type": "move_learner_tools"
	},
	{
		"id": 156,
		"name": "Rest",
		"type": "move_learner_tools"
	},
	{
		"id": 76,
		"name": "SolarBeam",
		"type": "move_learner_tools"
	},
	{
		"id": 232,
		"name": "Metal Claw",
		"type": "move_learner_tools"
	},
	{
		"id": 468,
		"name": "Hone Claws",
		"type": "move_learner_tools"
	},
	{
		"id": 247,
		"name": "Shadow Ball",
		"type": "move_learner_tools"
	},
	{
		"id": 148,
		"name": "Flash",
		"type": "move_learner_tools"
	},
	{
		"id": 141,
		"name": "Leech Life",
		"type": "move_learner_tools"
	},
	{
		"id": 218,
		"name": "Frustration",
		"type": "move_learner_tools"
	},
	{
		"id": 216,
		"name": "Return",
		"type": "move_learner_tools"
	},
	{
		"id": 214,
		"name": "Sleep Talk",
		"type": "move_learner_tools"
	},
	{
		"id": 450,
		"name": "Bug Bite",
		"type": "move_learner_tools"
	},
	{
		"id": 290,
		"name": "Secret Power",
		"type": "move_learner_tools"
	},
	{
		"id": 210,
		"name": "Fury Cutter",
		"type": "move_learner_tools"
	},
	{
		"id": 207,
		"name": "Swagger",
		"type": "move_learner_tools"
	},
	{
		"id": 522,
		"name": "Struggle Bug",
		"type": "move_learner_tools"
	},
	{
		"id": 363,
		"name": "Natural Gift",
		"type": "move_learner_tools"
	},
	{
		"id": 203,
		"name": "Endure",
		"type": "move_learner_tools"
	},
	{
		"id": 202,
		"name": "Giga Drain",
		"type": "move_learner_tools"
	},
	{
		"id": 201,
		"name": "Sandstorm",
		"type": "move_learner_tools"
	},
	{
		"id": 117,
		"name": "Bide",
		"type": "move_learner_tools"
	},
	{
		"id": 189,
		"name": "Mud-Slap",
		"type": "move_learner_tools"
	},
	{
		"id": 263,
		"name": "Facade",
		"type": "move_learner_tools"
	},
	{
		"id": 104,
		"name": "Double Team",
		"type": "move_learner_tools"
	},
	{
		"id": 182,
		"name": "Protect",
		"type": "move_learner_tools"
	},
	{
		"id": 102,
		"name": "Mimic",
		"type": "move_learner_tools"
	},
	{
		"id": 496,
		"name": "Round",
		"type": "move_learner_tools"
	},
	{
		"id": 206,
		"name": "False Swipe",
		"type": "move_learner_tools"
	},
	{
		"id": 180,
		"name": "Spite",
		"type": "move_learner_tools"
	},
	{
		"id": 332,
		"name": "Aerial Ace",
		"type": "move_learner_tools"
	},
	{
		"id": 15,
		"name": "Cut",
		"type": "move_learner_tools"
	},
	{
		"id": 92,
		"name": "Toxic",
		"type": "move_learner_tools"
	},
	{
		"id": 91,
		"name": "Dig",
		"type": "move_learner_tools"
	},
	{
		"id": 405,
		"name": "Bug Buzz",
		"type": "move_learner_tools"
	},
	{
		"id": 404,
		"name": "X-Scissor",
		"type": "move_learner_tools"
	},
	{
		"id": 164,
		"name": "Substitute",
		"type": "move_learner_tools"
	},
	{
		"id": 241,
		"name": "Sunny Day",
		"type": "move_learner_tools"
	},
	{
		"id": 318,
		"name": "Silver Wind",
		"type": "move_learner_tools"
	},
	{
		"id": 237,
		"name": "Hidden Power",
		"type": "move_learner_tools"
	}
],
"types": [
	"BUG",
	"GROUND"
],
"stats": {
	"hp": 31,
	"attack": 45,
	"defense": 90,
	"speed": 40,
	"sp_attack": 30,
	"sp_defense": 30
},
"yields": {
	"exp": 53,
	"ev_hp": 0,
	"ev_attack": 0,
	"ev_defense": 1,
	"ev_speed": 0,
	"ev_sp_attack": 0,
	"ev_sp_defense": 0
},
"tiers": [
	"Untiered"
],
"held_items": [
	{
		"id": 5237,
		"name": "Soft Sand"
	}
],
"locations": [
	{
		"type": "Grass",
		"region_id": 1,
		"region_name": "Hoenn",
		"location": "ROUTE 116",
		"min_level": 6,
		"max_level": 8,
		"rarity": "Common"
	}
]
}