{
"id": 297,
"name": "Hariyama",
"exp_type": "FLUCTUATING",
"obtainable": true,
"gender_ratio": 63,
"height": 23,
"weight": 2538,
"egg_groups": [
	"humanoid"
],
"abilities": [
	{
		"id": 47,
		"name": "Thick Fat"
	},
	{
		"id": 62,
		"name": "Guts"
	},
	{
		"id": 125,
		"name": "Sheer Force"
	}
],
"forms": [
	{
		"form_id": 0,
		"id": 297,
		"name": "Hariyama"
	}
],
"evolutions": [],
"moves": [
	{
		"id": 28,
		"name": "Sand-Attack",
		"type": "level",
		"level": 1
	},
	{
		"id": 33,
		"name": "Tackle",
		"type": "level",
		"level": 1
	},
	{
		"id": 116,
		"name": "Focus Energy",
		"type": "level",
		"level": 1
	},
	{
		"id": 292,
		"name": "Arm Thrust",
		"type": "level",
		"level": 1
	},
	{
		"id": 362,
		"name": "Brine",
		"type": "level",
		"level": 1
	},
	{
		"id": 28,
		"name": "Sand-Attack",
		"type": "level",
		"level": 4
	},
	{
		"id": 292,
		"name": "Arm Thrust",
		"type": "level",
		"level": 7
	},
	{
		"id": 252,
		"name": "Fake Out",
		"type": "level",
		"level": 10
	},
	{
		"id": 395,
		"name": "Force Palm",
		"type": "level",
		"level": 13
	},
	{
		"id": 18,
		"name": "Whirlwind",
		"type": "level",
		"level": 16
	},
	{
		"id": 282,
		"name": "Knock Off",
		"type": "level",
		"level": 19
	},
	{
		"id": 233,
		"name": "Vital Throw",
		"type": "level",
		"level": 22
	},
	{
		"id": 339,
		"name": "Bulk Up",
		"type": "level",
		"level": 22
	},
	{
		"id": 187,
		"name": "Belly Drum",
		"type": "level",
		"level": 26
	},
	{
		"id": 265,
		"name": "SmellingSalt",
		"type": "level",
		"level": 30
	},
	{
		"id": 197,
		"name": "Detect",
		"type": "level",
		"level": 30
	},
	{
		"id": 69,
		"name": "Seismic Toss",
		"type": "level",
		"level": 34
	},
	{
		"id": 358,
		"name": "Wake-Up Slap",
		"type": "level",
		"level": 38
	},
	{
		"id": 264,
		"name": "Focus Punch",
		"type": "level",
		"level": 38
	},
	{
		"id": 203,
		"name": "Endure",
		"type": "level",
		"level": 42
	},
	{
		"id": 370,
		"name": "Close Combat",
		"type": "level",
		"level": 46
	},
	{
		"id": 179,
		"name": "Reversal",
		"type": "level",
		"level": 50
	},
	{
		"id": 484,
		"name": "Heavy Slam",
		"type": "level",
		"level": 54
	},
	{
		"id": 252,
		"name": "Fake Out",
		"type": "move_tutor"
	},
	{
		"id": 272,
		"name": "Role Play",
		"type": "move_tutor"
	},
	{
		"id": 173,
		"name": "Snore",
		"type": "move_tutor"
	},
	{
		"id": 185,
		"name": "Faint Attack",
		"type": "move_tutor"
	},
	{
		"id": 287,
		"name": "Refresh",
		"type": "special_moves"
	},
	{
		"id": 156,
		"name": "Rest",
		"type": "move_learner_tools"
	},
	{
		"id": 282,
		"name": "Knock Off",
		"type": "move_learner_tools"
	},
	{
		"id": 484,
		"name": "Heavy Slam",
		"type": "move_learner_tools"
	},
	{
		"id": 157,
		"name": "Rock Slide",
		"type": "move_learner_tools"
	},
	{
		"id": 164,
		"name": "Substitute",
		"type": "move_learner_tools"
	},
	{
		"id": 317,
		"name": "Rock Tomb",
		"type": "move_learner_tools"
	},
	{
		"id": 479,
		"name": "Smack Down",
		"type": "move_learner_tools"
	},
	{
		"id": 5,
		"name": "Mega Punch",
		"type": "move_learner_tools"
	},
	{
		"id": 7,
		"name": "Fire Punch",
		"type": "move_learner_tools"
	},
	{
		"id": 25,
		"name": "Mega Kick",
		"type": "move_learner_tools"
	},
	{
		"id": 129,
		"name": "Swift",
		"type": "move_learner_tools"
	},
	{
		"id": 290,
		"name": "Secret Power",
		"type": "move_learner_tools"
	},
	{
		"id": 36,
		"name": "Take Down",
		"type": "move_learner_tools"
	},
	{
		"id": 197,
		"name": "Detect",
		"type": "move_learner_tools"
	},
	{
		"id": 445,
		"name": "Captivate",
		"type": "move_learner_tools"
	},
	{
		"id": 444,
		"name": "Stone Edge",
		"type": "move_learner_tools"
	},
	{
		"id": 280,
		"name": "Brick Break",
		"type": "move_learner_tools"
	},
	{
		"id": 442,
		"name": "Iron Head",
		"type": "move_learner_tools"
	},
	{
		"id": 276,
		"name": "Superpower",
		"type": "move_learner_tools"
	},
	{
		"id": 270,
		"name": "Helping Hand",
		"type": "move_learner_tools"
	},
	{
		"id": 269,
		"name": "Taunt",
		"type": "move_learner_tools"
	},
	{
		"id": 431,
		"name": "Rock Climb",
		"type": "move_learner_tools"
	},
	{
		"id": 104,
		"name": "Double Team",
		"type": "move_learner_tools"
	},
	{
		"id": 428,
		"name": "Zen Headbutt",
		"type": "move_learner_tools"
	},
	{
		"id": 264,
		"name": "Focus Punch",
		"type": "move_learner_tools"
	},
	{
		"id": 263,
		"name": "Facade",
		"type": "move_learner_tools"
	},
	{
		"id": 92,
		"name": "Toxic",
		"type": "move_learner_tools"
	},
	{
		"id": 116,
		"name": "Focus Energy",
		"type": "move_learner_tools"
	},
	{
		"id": 416,
		"name": "Giga Impact",
		"type": "move_learner_tools"
	},
	{
		"id": 89,
		"name": "Earthquake",
		"type": "move_learner_tools"
	},
	{
		"id": 249,
		"name": "Rock Smash",
		"type": "move_learner_tools"
	},
	{
		"id": 411,
		"name": "Focus Blast",
		"type": "move_learner_tools"
	},
	{
		"id": 410,
		"name": "Vacuum Wave",
		"type": "move_learner_tools"
	},
	{
		"id": 409,
		"name": "Drain Punch",
		"type": "move_learner_tools"
	},
	{
		"id": 241,
		"name": "Sunny Day",
		"type": "move_learner_tools"
	},
	{
		"id": 240,
		"name": "Rain Dance",
		"type": "move_learner_tools"
	},
	{
		"id": 363,
		"name": "Natural Gift",
		"type": "move_learner_tools"
	},
	{
		"id": 398,
		"name": "Poison Jab",
		"type": "move_learner_tools"
	},
	{
		"id": 91,
		"name": "Dig",
		"type": "move_learner_tools"
	},
	{
		"id": 69,
		"name": "Seismic Toss",
		"type": "move_learner_tools"
	},
	{
		"id": 68,
		"name": "Counter",
		"type": "move_learner_tools"
	},
	{
		"id": 67,
		"name": "Low Kick",
		"type": "move_learner_tools"
	},
	{
		"id": 207,
		"name": "Swagger",
		"type": "move_learner_tools"
	},
	{
		"id": 63,
		"name": "Hyper Beam",
		"type": "move_learner_tools"
	},
	{
		"id": 223,
		"name": "DynamicPunch",
		"type": "move_learner_tools"
	},
	{
		"id": 102,
		"name": "Mimic",
		"type": "move_learner_tools"
	},
	{
		"id": 57,
		"name": "Surf",
		"type": "move_learner_tools"
	},
	{
		"id": 218,
		"name": "Frustration",
		"type": "move_learner_tools"
	},
	{
		"id": 216,
		"name": "Return",
		"type": "move_learner_tools"
	},
	{
		"id": 214,
		"name": "Sleep Talk",
		"type": "move_learner_tools"
	},
	{
		"id": 213,
		"name": "Attract",
		"type": "move_learner_tools"
	},
	{
		"id": 374,
		"name": "Fling",
		"type": "move_learner_tools"
	},
	{
		"id": 371,
		"name": "Payback",
		"type": "move_learner_tools"
	},
	{
		"id": 370,
		"name": "Close Combat",
		"type": "move_learner_tools"
	},
	{
		"id": 118,
		"name": "Metronome",
		"type": "move_learner_tools"
	},
	{
		"id": 279,
		"name": "Revenge",
		"type": "move_learner_tools"
	},
	{
		"id": 203,
		"name": "Endure",
		"type": "move_learner_tools"
	},
	{
		"id": 38,
		"name": "Double-Edge",
		"type": "move_learner_tools"
	},
	{
		"id": 526,
		"name": "Work Up",
		"type": "move_learner_tools"
	},
	{
		"id": 362,
		"name": "Brine",
		"type": "move_learner_tools"
	},
	{
		"id": 523,
		"name": "Bulldoze",
		"type": "move_learner_tools"
	},
	{
		"id": 29,
		"name": "Headbutt",
		"type": "move_learner_tools"
	},
	{
		"id": 189,
		"name": "Mud-Slap",
		"type": "move_learner_tools"
	},
	{
		"id": 514,
		"name": "Retaliate",
		"type": "move_learner_tools"
	},
	{
		"id": 34,
		"name": "Body Slam",
		"type": "move_learner_tools"
	},
	{
		"id": 184,
		"name": "Scary Face",
		"type": "move_learner_tools"
	},
	{
		"id": 70,
		"name": "Strength",
		"type": "move_learner_tools"
	},
	{
		"id": 182,
		"name": "Protect",
		"type": "move_learner_tools"
	},
	{
		"id": 18,
		"name": "Whirlwind",
		"type": "move_learner_tools"
	},
	{
		"id": 179,
		"name": "Reversal",
		"type": "move_learner_tools"
	},
	{
		"id": 341,
		"name": "Mud Shot",
		"type": "move_learner_tools"
	},
	{
		"id": 339,
		"name": "Bulk Up",
		"type": "move_learner_tools"
	},
	{
		"id": 9,
		"name": "ThunderPunch",
		"type": "move_learner_tools"
	},
	{
		"id": 8,
		"name": "Ice Punch",
		"type": "move_learner_tools"
	},
	{
		"id": 496,
		"name": "Round",
		"type": "move_learner_tools"
	},
	{
		"id": 237,
		"name": "Hidden Power",
		"type": "move_learner_tools"
	},
	{
		"id": 168,
		"name": "Thief",
		"type": "move_learner_tools"
	},
	{
		"id": 490,
		"name": "Low Sweep",
		"type": "move_learner_tools"
	}
],
"types": [
	"FIGHTING",
	"FIGHTING"
],
"stats": {
	"hp": 144,
	"attack": 120,
	"defense": 60,
	"speed": 50,
	"sp_attack": 40,
	"sp_defense": 60
},
"yields": {
	"exp": 166,
	"ev_hp": 2,
	"ev_attack": 0,
	"ev_defense": 0,
	"ev_speed": 0,
	"ev_sp_attack": 0,
	"ev_sp_defense": 0
},
"tiers": [
	"Never Used"
],
"held_items": [
	{
		"id": 5221,
		"name": "King's Rock"
	}
],
"locations": [
	{
		"type": "Cave",
		"region_id": 1,
		"region_name": "Hoenn",
		"location": "VICTORY ROAD",
		"min_level": 36,
		"max_level": 38,
		"rarity": "Horde"
	},
	{
		"type": "Cave",
		"region_id": 1,
		"region_name": "Hoenn",
		"location": "VICTORY ROAD",
		"min_level": 38,
		"max_level": 42,
		"rarity": "Common"
	}
]
}