{
"id": 3,
"name": "Venusaur",
"exp_type": "MEDIUM_SLOW",
"obtainable": true,
"gender_ratio": 31,
"height": 20,
"weight": 1000,
"egg_groups": [
	"monster",
	"plant"
],
"abilities": [
	{
		"id": 65,
		"name": "Overgrow"
	},
	{
		"id": 65,
		"name": "Overgrow"
	},
	{
		"id": 34,
		"name": "Chlorophyll"
	}
],
"forms": [
	{
		"form_id": 0,
		"id": 3,
		"name": "Venusaur"
	}
],
"evolutions": [],
"moves": [
	{
		"id": 22,
		"name": "Vine Whip",
		"type": "level",
		"level": 1
	},
	{
		"id": 33,
		"name": "Tackle",
		"type": "level",
		"level": 1
	},
	{
		"id": 45,
		"name": "Growl",
		"type": "level",
		"level": 1
	},
	{
		"id": 73,
		"name": "Leech Seed",
		"type": "level",
		"level": 1
	},
	{
		"id": 74,
		"name": "Growth",
		"type": "level",
		"level": 1
	},
	{
		"id": 80,
		"name": "Petal Dance",
		"type": "level",
		"level": 1
	},
	{
		"id": 133,
		"name": "Amnesia",
		"type": "level",
		"level": 1
	},
	{
		"id": 438,
		"name": "Power Whip",
		"type": "level",
		"level": 1
	},
	{
		"id": 45,
		"name": "Growl",
		"type": "level",
		"level": 3
	},
	{
		"id": 22,
		"name": "Vine Whip",
		"type": "level",
		"level": 5
	},
	{
		"id": 73,
		"name": "Leech Seed",
		"type": "level",
		"level": 9
	},
	{
		"id": 75,
		"name": "Razor Leaf",
		"type": "level",
		"level": 12
	},
	{
		"id": 77,
		"name": "PoisonPowder",
		"type": "level",
		"level": 14
	},
	{
		"id": 79,
		"name": "Sleep Powder",
		"type": "level",
		"level": 14
	},
	{
		"id": 402,
		"name": "Seed Bomb",
		"type": "level",
		"level": 20
	},
	{
		"id": 36,
		"name": "Take Down",
		"type": "level",
		"level": 22
	},
	{
		"id": 74,
		"name": "Growth",
		"type": "level",
		"level": 28
	},
	{
		"id": 230,
		"name": "Sweet Scent",
		"type": "level",
		"level": 30
	},
	{
		"id": 80,
		"name": "Petal Dance",
		"type": "level",
		"level": 32
	},
	{
		"id": 235,
		"name": "Synthesis",
		"type": "level",
		"level": 37
	},
	{
		"id": 388,
		"name": "Worry Seed",
		"type": "level",
		"level": 44
	},
	{
		"id": 38,
		"name": "Double-Edge",
		"type": "level",
		"level": 51
	},
	{
		"id": 76,
		"name": "SolarBeam",
		"type": "level",
		"level": 58
	},
	{
		"id": 20,
		"name": "Bind",
		"type": "move_tutor"
	},
	{
		"id": 388,
		"name": "Worry Seed",
		"type": "move_tutor"
	},
	{
		"id": 111,
		"name": "Defense Curl",
		"type": "move_tutor"
	},
	{
		"id": 338,
		"name": "Frenzy Plant",
		"type": "move_tutor"
	},
	{
		"id": 520,
		"name": "Grass Pledge",
		"type": "move_tutor"
	},
	{
		"id": 335,
		"name": "Block",
		"type": "move_tutor"
	},
	{
		"id": 173,
		"name": "Snore",
		"type": "move_tutor"
	},
	{
		"id": 235,
		"name": "Synthesis",
		"type": "move_tutor"
	},
	{
		"id": 81,
		"name": "String Shot",
		"type": "move_tutor"
	},
	{
		"id": 246,
		"name": "AncientPower",
		"type": "move_tutor"
	},
	{
		"id": 133,
		"name": "Amnesia",
		"type": "move_learner_tools"
	},
	{
		"id": 249,
		"name": "Rock Smash",
		"type": "move_learner_tools"
	},
	{
		"id": 270,
		"name": "Helping Hand",
		"type": "move_learner_tools"
	},
	{
		"id": 70,
		"name": "Strength",
		"type": "move_learner_tools"
	},
	{
		"id": 267,
		"name": "Nature Power",
		"type": "move_learner_tools"
	},
	{
		"id": 402,
		"name": "Seed Bomb",
		"type": "move_learner_tools"
	},
	{
		"id": 263,
		"name": "Facade",
		"type": "move_learner_tools"
	},
	{
		"id": 117,
		"name": "Bide",
		"type": "move_learner_tools"
	},
	{
		"id": 526,
		"name": "Work Up",
		"type": "move_learner_tools"
	},
	{
		"id": 113,
		"name": "Light Screen",
		"type": "move_learner_tools"
	},
	{
		"id": 523,
		"name": "Bulldoze",
		"type": "move_learner_tools"
	},
	{
		"id": 241,
		"name": "Sunny Day",
		"type": "move_learner_tools"
	},
	{
		"id": 102,
		"name": "Mimic",
		"type": "move_learner_tools"
	},
	{
		"id": 34,
		"name": "Body Slam",
		"type": "move_learner_tools"
	},
	{
		"id": 237,
		"name": "Hidden Power",
		"type": "move_learner_tools"
	},
	{
		"id": 99,
		"name": "Rage",
		"type": "move_learner_tools"
	},
	{
		"id": 174,
		"name": "Curse",
		"type": "move_learner_tools"
	},
	{
		"id": 230,
		"name": "Sweet Scent",
		"type": "move_learner_tools"
	},
	{
		"id": 92,
		"name": "Toxic",
		"type": "move_learner_tools"
	},
	{
		"id": 63,
		"name": "Hyper Beam",
		"type": "move_learner_tools"
	},
	{
		"id": 363,
		"name": "Natural Gift",
		"type": "move_learner_tools"
	},
	{
		"id": 497,
		"name": "Echoed Voice",
		"type": "move_learner_tools"
	},
	{
		"id": 496,
		"name": "Round",
		"type": "move_learner_tools"
	},
	{
		"id": 219,
		"name": "Safeguard",
		"type": "move_learner_tools"
	},
	{
		"id": 218,
		"name": "Frustration",
		"type": "move_learner_tools"
	},
	{
		"id": 216,
		"name": "Return",
		"type": "move_learner_tools"
	},
	{
		"id": 214,
		"name": "Sleep Talk",
		"type": "move_learner_tools"
	},
	{
		"id": 213,
		"name": "Attract",
		"type": "move_learner_tools"
	},
	{
		"id": 164,
		"name": "Substitute",
		"type": "move_learner_tools"
	},
	{
		"id": 210,
		"name": "Fury Cutter",
		"type": "move_learner_tools"
	},
	{
		"id": 72,
		"name": "Mega Drain",
		"type": "move_learner_tools"
	},
	{
		"id": 345,
		"name": "Magical Leaf",
		"type": "move_learner_tools"
	},
	{
		"id": 207,
		"name": "Swagger",
		"type": "move_learner_tools"
	},
	{
		"id": 206,
		"name": "False Swipe",
		"type": "move_learner_tools"
	},
	{
		"id": 200,
		"name": "Outrage",
		"type": "move_learner_tools"
	},
	{
		"id": 204,
		"name": "Charm",
		"type": "move_learner_tools"
	},
	{
		"id": 203,
		"name": "Endure",
		"type": "move_learner_tools"
	},
	{
		"id": 202,
		"name": "Giga Drain",
		"type": "move_learner_tools"
	},
	{
		"id": 474,
		"name": "Venoshock",
		"type": "move_learner_tools"
	},
	{
		"id": 36,
		"name": "Take Down",
		"type": "move_learner_tools"
	},
	{
		"id": 76,
		"name": "SolarBeam",
		"type": "move_learner_tools"
	},
	{
		"id": 331,
		"name": "Bullet Seed",
		"type": "move_learner_tools"
	},
	{
		"id": 189,
		"name": "Mud-Slap",
		"type": "move_learner_tools"
	},
	{
		"id": 188,
		"name": "Sludge Bomb",
		"type": "move_learner_tools"
	},
	{
		"id": 89,
		"name": "Earthquake",
		"type": "move_learner_tools"
	},
	{
		"id": 182,
		"name": "Protect",
		"type": "move_learner_tools"
	},
	{
		"id": 46,
		"name": "Roar",
		"type": "move_learner_tools"
	},
	{
		"id": 115,
		"name": "Reflect",
		"type": "move_learner_tools"
	},
	{
		"id": 38,
		"name": "Double-Edge",
		"type": "move_learner_tools"
	},
	{
		"id": 311,
		"name": "Weather Ball",
		"type": "move_learner_tools"
	},
	{
		"id": 447,
		"name": "Grass Knot",
		"type": "move_learner_tools"
	},
	{
		"id": 445,
		"name": "Captivate",
		"type": "move_learner_tools"
	},
	{
		"id": 104,
		"name": "Double Team",
		"type": "move_learner_tools"
	},
	{
		"id": 29,
		"name": "Headbutt",
		"type": "move_learner_tools"
	},
	{
		"id": 438,
		"name": "Power Whip",
		"type": "move_learner_tools"
	},
	{
		"id": 437,
		"name": "Leaf Storm",
		"type": "move_learner_tools"
	},
	{
		"id": 431,
		"name": "Rock Climb",
		"type": "move_learner_tools"
	},
	{
		"id": 156,
		"name": "Rest",
		"type": "move_learner_tools"
	},
	{
		"id": 130,
		"name": "Skull Bash",
		"type": "move_learner_tools"
	},
	{
		"id": 290,
		"name": "Secret Power",
		"type": "move_learner_tools"
	},
	{
		"id": 15,
		"name": "Cut",
		"type": "move_learner_tools"
	},
	{
		"id": 14,
		"name": "Swords Dance",
		"type": "move_learner_tools"
	},
	{
		"id": 13,
		"name": "Razor Wind",
		"type": "move_learner_tools"
	},
	{
		"id": 148,
		"name": "Flash",
		"type": "move_learner_tools"
	},
	{
		"id": 282,
		"name": "Knock Off",
		"type": "move_learner_tools"
	},
	{
		"id": 416,
		"name": "Giga Impact",
		"type": "move_learner_tools"
	},
	{
		"id": 414,
		"name": "Earth Power",
		"type": "move_learner_tools"
	},
	{
		"id": 412,
		"name": "Energy Ball",
		"type": "move_learner_tools"
	},
	{
		"id": 80,
		"name": "Petal Dance",
		"type": "on_evolution"
	}
],
"types": [
	"GRASS",
	"POISON"
],
"stats": {
	"hp": 80,
	"attack": 82,
	"defense": 83,
	"speed": 80,
	"sp_attack": 100,
	"sp_defense": 100
},
"yields": {
	"exp": 236,
	"ev_hp": 0,
	"ev_attack": 0,
	"ev_defense": 0,
	"ev_speed": 0,
	"ev_sp_attack": 2,
	"ev_sp_defense": 1
},
"tiers": [
	"Under Used"
],
"held_items": [],
"locations": []
}