{
"id": 312,
"name": "Minun",
"exp_type": "MEDIUM_FAST",
"obtainable": true,
"gender_ratio": 127,
"height": 4,
"weight": 42,
"egg_groups": [
	"fairy"
],
"abilities": [
	{
		"id": 58,
		"name": "Minus"
	},
	{
		"id": 58,
		"name": "Minus"
	},
	{
		"id": 10,
		"name": "Volt Absorb"
	}
],
"forms": [
	{
		"form_id": 0,
		"id": 312,
		"name": "Minun"
	}
],
"evolutions": [],
"moves": [
	{
		"id": 45,
		"name": "Growl",
		"type": "level",
		"level": 1
	},
	{
		"id": 86,
		"name": "Thunder Wave",
		"type": "level",
		"level": 1
	},
	{
		"id": 98,
		"name": "Quick Attack",
		"type": "level",
		"level": 1
	},
	{
		"id": 270,
		"name": "Helping Hand",
		"type": "level",
		"level": 4
	},
	{
		"id": 209,
		"name": "Spark",
		"type": "level",
		"level": 7
	},
	{
		"id": 227,
		"name": "Encore",
		"type": "level",
		"level": 10
	},
	{
		"id": 415,
		"name": "Switcheroo",
		"type": "level",
		"level": 13
	},
	{
		"id": 129,
		"name": "Swift",
		"type": "level",
		"level": 16
	},
	{
		"id": 486,
		"name": "Electro Ball",
		"type": "level",
		"level": 19
	},
	{
		"id": 204,
		"name": "Charm",
		"type": "level",
		"level": 21
	},
	{
		"id": 383,
		"name": "Copycat",
		"type": "level",
		"level": 22
	},
	{
		"id": 313,
		"name": "Fake Tears",
		"type": "level",
		"level": 25
	},
	{
		"id": 268,
		"name": "Charge",
		"type": "level",
		"level": 28
	},
	{
		"id": 435,
		"name": "Discharge",
		"type": "level",
		"level": 31
	},
	{
		"id": 226,
		"name": "Baton Pass",
		"type": "level",
		"level": 34
	},
	{
		"id": 97,
		"name": "Agility",
		"type": "level",
		"level": 37
	},
	{
		"id": 376,
		"name": "Trump Card",
		"type": "level",
		"level": 40
	},
	{
		"id": 387,
		"name": "Last Resort",
		"type": "level",
		"level": 40
	},
	{
		"id": 87,
		"name": "Thunder",
		"type": "level",
		"level": 43
	},
	{
		"id": 417,
		"name": "Nasty Plot",
		"type": "level",
		"level": 46
	},
	{
		"id": 494,
		"name": "Entrainment",
		"type": "level",
		"level": 49
	},
	{
		"id": 273,
		"name": "Wish",
		"type": "egg_moves"
	},
	{
		"id": 381,
		"name": "Lucky Chant",
		"type": "egg_moves"
	},
	{
		"id": 186,
		"name": "Sweet Kiss",
		"type": "egg_moves"
	},
	{
		"id": 47,
		"name": "Sing",
		"type": "egg_moves"
	},
	{
		"id": 527,
		"name": "Electroweb",
		"type": "move_tutor"
	},
	{
		"id": 387,
		"name": "Last Resort",
		"type": "move_tutor"
	},
	{
		"id": 324,
		"name": "Signal Beam",
		"type": "move_tutor"
	},
	{
		"id": 343,
		"name": "Covet",
		"type": "move_tutor"
	},
	{
		"id": 173,
		"name": "Snore",
		"type": "move_tutor"
	},
	{
		"id": 111,
		"name": "Defense Curl",
		"type": "move_tutor"
	},
	{
		"id": 393,
		"name": "Magnet Rise",
		"type": "move_tutor"
	},
	{
		"id": 300,
		"name": "Mud Sport",
		"type": "special_moves"
	},
	{
		"id": 86,
		"name": "Thunder Wave",
		"type": "move_learner_tools"
	},
	{
		"id": 68,
		"name": "Counter",
		"type": "move_learner_tools"
	},
	{
		"id": 237,
		"name": "Hidden Power",
		"type": "move_learner_tools"
	},
	{
		"id": 270,
		"name": "Helping Hand",
		"type": "move_learner_tools"
	},
	{
		"id": 268,
		"name": "Charge",
		"type": "move_learner_tools"
	},
	{
		"id": 129,
		"name": "Swift",
		"type": "move_learner_tools"
	},
	{
		"id": 263,
		"name": "Facade",
		"type": "move_learner_tools"
	},
	{
		"id": 118,
		"name": "Metronome",
		"type": "move_learner_tools"
	},
	{
		"id": 528,
		"name": "Wild Charge",
		"type": "move_learner_tools"
	},
	{
		"id": 253,
		"name": "Uproar",
		"type": "move_learner_tools"
	},
	{
		"id": 113,
		"name": "Light Screen",
		"type": "move_learner_tools"
	},
	{
		"id": 521,
		"name": "Volt Switch",
		"type": "move_learner_tools"
	},
	{
		"id": 104,
		"name": "Double Team",
		"type": "move_learner_tools"
	},
	{
		"id": 240,
		"name": "Rain Dance",
		"type": "move_learner_tools"
	},
	{
		"id": 102,
		"name": "Mimic",
		"type": "move_learner_tools"
	},
	{
		"id": 34,
		"name": "Body Slam",
		"type": "move_learner_tools"
	},
	{
		"id": 374,
		"name": "Fling",
		"type": "move_learner_tools"
	},
	{
		"id": 97,
		"name": "Agility",
		"type": "move_learner_tools"
	},
	{
		"id": 231,
		"name": "Iron Tail",
		"type": "move_learner_tools"
	},
	{
		"id": 92,
		"name": "Toxic",
		"type": "move_learner_tools"
	},
	{
		"id": 227,
		"name": "Encore",
		"type": "move_learner_tools"
	},
	{
		"id": 363,
		"name": "Natural Gift",
		"type": "move_learner_tools"
	},
	{
		"id": 87,
		"name": "Thunder",
		"type": "move_learner_tools"
	},
	{
		"id": 497,
		"name": "Echoed Voice",
		"type": "move_learner_tools"
	},
	{
		"id": 496,
		"name": "Round",
		"type": "move_learner_tools"
	},
	{
		"id": 218,
		"name": "Frustration",
		"type": "move_learner_tools"
	},
	{
		"id": 216,
		"name": "Return",
		"type": "move_learner_tools"
	},
	{
		"id": 351,
		"name": "Shock Wave",
		"type": "move_learner_tools"
	},
	{
		"id": 213,
		"name": "Attract",
		"type": "move_learner_tools"
	},
	{
		"id": 486,
		"name": "Electro Ball",
		"type": "move_learner_tools"
	},
	{
		"id": 207,
		"name": "Swagger",
		"type": "move_learner_tools"
	},
	{
		"id": 69,
		"name": "Seismic Toss",
		"type": "move_learner_tools"
	},
	{
		"id": 205,
		"name": "Rollout",
		"type": "move_learner_tools"
	},
	{
		"id": 204,
		"name": "Charm",
		"type": "move_learner_tools"
	},
	{
		"id": 203,
		"name": "Endure",
		"type": "move_learner_tools"
	},
	{
		"id": 38,
		"name": "Double-Edge",
		"type": "move_learner_tools"
	},
	{
		"id": 214,
		"name": "Sleep Talk",
		"type": "move_learner_tools"
	},
	{
		"id": 189,
		"name": "Mud-Slap",
		"type": "move_learner_tools"
	},
	{
		"id": 85,
		"name": "Thunderbolt",
		"type": "move_learner_tools"
	},
	{
		"id": 223,
		"name": "DynamicPunch",
		"type": "move_learner_tools"
	},
	{
		"id": 226,
		"name": "Baton Pass",
		"type": "move_learner_tools"
	},
	{
		"id": 451,
		"name": "Charge Beam",
		"type": "move_learner_tools"
	},
	{
		"id": 313,
		"name": "Fake Tears",
		"type": "move_learner_tools"
	},
	{
		"id": 182,
		"name": "Protect",
		"type": "move_learner_tools"
	},
	{
		"id": 447,
		"name": "Grass Knot",
		"type": "move_learner_tools"
	},
	{
		"id": 445,
		"name": "Captivate",
		"type": "move_learner_tools"
	},
	{
		"id": 29,
		"name": "Headbutt",
		"type": "move_learner_tools"
	},
	{
		"id": 164,
		"name": "Substitute",
		"type": "move_learner_tools"
	},
	{
		"id": 25,
		"name": "Mega Kick",
		"type": "move_learner_tools"
	},
	{
		"id": 156,
		"name": "Rest",
		"type": "move_learner_tools"
	},
	{
		"id": 290,
		"name": "Secret Power",
		"type": "move_learner_tools"
	},
	{
		"id": 148,
		"name": "Flash",
		"type": "move_learner_tools"
	},
	{
		"id": 9,
		"name": "ThunderPunch",
		"type": "move_learner_tools"
	},
	{
		"id": 417,
		"name": "Nasty Plot",
		"type": "move_learner_tools"
	},
	{
		"id": 5,
		"name": "Mega Punch",
		"type": "move_learner_tools"
	}
],
"types": [
	"ELECTRIC",
	"ELECTRIC"
],
"stats": {
	"hp": 60,
	"attack": 40,
	"defense": 50,
	"speed": 95,
	"sp_attack": 75,
	"sp_defense": 85
},
"yields": {
	"exp": 142,
	"ev_hp": 0,
	"ev_attack": 0,
	"ev_defense": 0,
	"ev_speed": 1,
	"ev_sp_attack": 0,
	"ev_sp_defense": 0
},
"tiers": [
	"Untiered"
],
"held_items": [
	{
		"id": 5546,
		"name": "Cell Battery"
	}
],
"locations": [
	{
		"type": "Grass",
		"region_id": 1,
		"region_name": "Hoenn",
		"location": "ROUTE 110",
		"min_level": 12,
		"max_level": 13,
		"rarity": "Uncommon"
	}
]
}