{
"id": 320,
"name": "Wailmer",
"exp_type": "FLUCTUATING",
"obtainable": true,
"gender_ratio": 127,
"height": 20,
"weight": 1300,
"egg_groups": [
	"field",
	"water b"
],
"abilities": [
	{
		"id": 41,
		"name": "Water Veil"
	},
	{
		"id": 12,
		"name": "Oblivious"
	},
	{
		"id": 46,
		"name": "Pressure"
	}
],
"forms": [
	{
		"form_id": 0,
		"id": 320,
		"name": "Wailmer"
	}
],
"evolutions": [
	{
		"id": 321,
		"name": "Wailord",
		"type": "LEVEL",
		"val": 40
	}
],
"moves": [
	{
		"id": 150,
		"name": "Splash",
		"type": "level",
		"level": 1
	},
	{
		"id": 45,
		"name": "Growl",
		"type": "level",
		"level": 3
	},
	{
		"id": 310,
		"name": "Astonish",
		"type": "level",
		"level": 6
	},
	{
		"id": 205,
		"name": "Rollout",
		"type": "level",
		"level": 10
	},
	{
		"id": 55,
		"name": "Water Gun",
		"type": "level",
		"level": 12
	},
	{
		"id": 54,
		"name": "Mist",
		"type": "level",
		"level": 15
	},
	{
		"id": 352,
		"name": "Water Pulse",
		"type": "level",
		"level": 18
	},
	{
		"id": 484,
		"name": "Heavy Slam",
		"type": "level",
		"level": 21
	},
	{
		"id": 362,
		"name": "Brine",
		"type": "level",
		"level": 24
	},
	{
		"id": 250,
		"name": "Whirlpool",
		"type": "level",
		"level": 27
	},
	{
		"id": 291,
		"name": "Dive",
		"type": "level",
		"level": 30
	},
	{
		"id": 340,
		"name": "Bounce",
		"type": "level",
		"level": 33
	},
	{
		"id": 34,
		"name": "Body Slam",
		"type": "level",
		"level": 36
	},
	{
		"id": 156,
		"name": "Rest",
		"type": "level",
		"level": 39
	},
	{
		"id": 133,
		"name": "Amnesia",
		"type": "level",
		"level": 42
	},
	{
		"id": 56,
		"name": "Hydro Pump",
		"type": "level",
		"level": 45
	},
	{
		"id": 323,
		"name": "Water Spout",
		"type": "level",
		"level": 48
	},
	{
		"id": 321,
		"name": "Tickle",
		"type": "egg_moves"
	},
	{
		"id": 499,
		"name": "Clear Smog",
		"type": "egg_moves"
	},
	{
		"id": 37,
		"name": "Thrash",
		"type": "egg_moves"
	},
	{
		"id": 487,
		"name": "Soak",
		"type": "egg_moves"
	},
	{
		"id": 392,
		"name": "Aqua Ring",
		"type": "egg_moves"
	},
	{
		"id": 111,
		"name": "Defense Curl",
		"type": "move_tutor"
	},
	{
		"id": 340,
		"name": "Bounce",
		"type": "move_tutor"
	},
	{
		"id": 173,
		"name": "Snore",
		"type": "move_tutor"
	},
	{
		"id": 92,
		"name": "Toxic",
		"type": "move_learner_tools"
	},
	{
		"id": 249,
		"name": "Rock Smash",
		"type": "move_learner_tools"
	},
	{
		"id": 133,
		"name": "Amnesia",
		"type": "move_learner_tools"
	},
	{
		"id": 291,
		"name": "Dive",
		"type": "move_learner_tools"
	},
	{
		"id": 127,
		"name": "Waterfall",
		"type": "move_learner_tools"
	},
	{
		"id": 263,
		"name": "Facade",
		"type": "move_learner_tools"
	},
	{
		"id": 258,
		"name": "Snowscape",
		"type": "move_learner_tools"
	},
	{
		"id": 120,
		"name": "Selfdestruct",
		"type": "move_learner_tools"
	},
	{
		"id": 250,
		"name": "Whirlpool",
		"type": "move_learner_tools"
	},
	{
		"id": 523,
		"name": "Bulldoze",
		"type": "move_learner_tools"
	},
	{
		"id": 104,
		"name": "Double Team",
		"type": "move_learner_tools"
	},
	{
		"id": 240,
		"name": "Rain Dance",
		"type": "move_learner_tools"
	},
	{
		"id": 102,
		"name": "Mimic",
		"type": "move_learner_tools"
	},
	{
		"id": 34,
		"name": "Body Slam",
		"type": "move_learner_tools"
	},
	{
		"id": 237,
		"name": "Hidden Power",
		"type": "move_learner_tools"
	},
	{
		"id": 174,
		"name": "Curse",
		"type": "move_learner_tools"
	},
	{
		"id": 59,
		"name": "Blizzard",
		"type": "move_learner_tools"
	},
	{
		"id": 503,
		"name": "Scald",
		"type": "move_learner_tools"
	},
	{
		"id": 90,
		"name": "Fissure",
		"type": "move_learner_tools"
	},
	{
		"id": 363,
		"name": "Natural Gift",
		"type": "move_learner_tools"
	},
	{
		"id": 362,
		"name": "Brine",
		"type": "move_learner_tools"
	},
	{
		"id": 497,
		"name": "Echoed Voice",
		"type": "move_learner_tools"
	},
	{
		"id": 496,
		"name": "Round",
		"type": "move_learner_tools"
	},
	{
		"id": 218,
		"name": "Frustration",
		"type": "move_learner_tools"
	},
	{
		"id": 216,
		"name": "Return",
		"type": "move_learner_tools"
	},
	{
		"id": 352,
		"name": "Water Pulse",
		"type": "move_learner_tools"
	},
	{
		"id": 214,
		"name": "Sleep Talk",
		"type": "move_learner_tools"
	},
	{
		"id": 213,
		"name": "Attract",
		"type": "move_learner_tools"
	},
	{
		"id": 484,
		"name": "Heavy Slam",
		"type": "move_learner_tools"
	},
	{
		"id": 207,
		"name": "Swagger",
		"type": "move_learner_tools"
	},
	{
		"id": 205,
		"name": "Rollout",
		"type": "move_learner_tools"
	},
	{
		"id": 203,
		"name": "Endure",
		"type": "move_learner_tools"
	},
	{
		"id": 70,
		"name": "Strength",
		"type": "move_learner_tools"
	},
	{
		"id": 196,
		"name": "Icy Wind",
		"type": "move_learner_tools"
	},
	{
		"id": 58,
		"name": "Ice Beam",
		"type": "move_learner_tools"
	},
	{
		"id": 57,
		"name": "Surf",
		"type": "move_learner_tools"
	},
	{
		"id": 56,
		"name": "Hydro Pump",
		"type": "move_learner_tools"
	},
	{
		"id": 55,
		"name": "Water Gun",
		"type": "move_learner_tools"
	},
	{
		"id": 89,
		"name": "Earthquake",
		"type": "move_learner_tools"
	},
	{
		"id": 182,
		"name": "Protect",
		"type": "move_learner_tools"
	},
	{
		"id": 317,
		"name": "Rock Tomb",
		"type": "move_learner_tools"
	},
	{
		"id": 46,
		"name": "Roar",
		"type": "move_learner_tools"
	},
	{
		"id": 38,
		"name": "Double-Edge",
		"type": "move_learner_tools"
	},
	{
		"id": 311,
		"name": "Weather Ball",
		"type": "move_learner_tools"
	},
	{
		"id": 445,
		"name": "Captivate",
		"type": "move_learner_tools"
	},
	{
		"id": 304,
		"name": "Hyper Voice",
		"type": "move_learner_tools"
	},
	{
		"id": 29,
		"name": "Headbutt",
		"type": "move_learner_tools"
	},
	{
		"id": 164,
		"name": "Substitute",
		"type": "move_learner_tools"
	},
	{
		"id": 156,
		"name": "Rest",
		"type": "move_learner_tools"
	},
	{
		"id": 428,
		"name": "Zen Headbutt",
		"type": "move_learner_tools"
	},
	{
		"id": 290,
		"name": "Secret Power",
		"type": "move_learner_tools"
	},
	{
		"id": 419,
		"name": "Avalanche",
		"type": "move_learner_tools"
	}
],
"types": [
	"WATER",
	"WATER"
],
"stats": {
	"hp": 130,
	"attack": 70,
	"defense": 35,
	"speed": 60,
	"sp_attack": 70,
	"sp_defense": 35
},
"yields": {
	"exp": 80,
	"ev_hp": 1,
	"ev_attack": 0,
	"ev_defense": 0,
	"ev_speed": 0,
	"ev_sp_attack": 0,
	"ev_sp_defense": 0
},
"tiers": [
	"Untiered"
],
"held_items": [],
"locations": [
	{
		"type": "Good Rod",
		"region_id": 1,
		"region_name": "Hoenn",
		"location": "AQUA HIDEOUT",
		"min_level": 15,
		"max_level": 30,
		"rarity": "Common"
	},
	{
		"type": "Super Rod",
		"region_id": 1,
		"region_name": "Hoenn",
		"location": "AQUA HIDEOUT",
		"min_level": 30,
		"max_level": 40,
		"rarity": "Very Common"
	},
	{
		"type": "Good Rod",
		"region_id": 1,
		"region_name": "Hoenn",
		"location": "DEWFORD TOWN",
		"min_level": 15,
		"max_level": 30,
		"rarity": "Common"
	},
	{
		"type": "Super Rod",
		"region_id": 1,
		"region_name": "Hoenn",
		"location": "DEWFORD TOWN",
		"min_level": 30,
		"max_level": 40,
		"rarity": "Very Common"
	},
	{
		"type": "Good Rod",
		"region_id": 1,
		"region_name": "Hoenn",
		"location": "EVER GRANDE CITY",
		"min_level": 15,
		"max_level": 30,
		"rarity": "Common"
	},
	{
		"type": "Super Rod",
		"region_id": 1,
		"region_name": "Hoenn",
		"location": "EVER GRANDE CITY",
		"min_level": 30,
		"max_level": 40,
		"rarity": "Very Common"
	},
	{
		"type": "Good Rod",
		"region_id": 1,
		"region_name": "Hoenn",
		"location": "LILYCOVE CITY",
		"min_level": 15,
		"max_level": 30,
		"rarity": "Common"
	},
	{
		"type": "Super Rod",
		"region_id": 1,
		"region_name": "Hoenn",
		"location": "LILYCOVE CITY",
		"min_level": 30,
		"max_level": 40,
		"rarity": "Very Common"
	},
	{
		"type": "Good Rod",
		"region_id": 1,
		"region_name": "Hoenn",
		"location": "MOSSDEEP CITY",
		"min_level": 15,
		"max_level": 30,
		"rarity": "Common"
	},
	{
		"type": "Super Rod",
		"region_id": 1,
		"region_name": "Hoenn",
		"location": "MOSSDEEP CITY",
		"min_level": 30,
		"max_level": 40,
		"rarity": "Very Common"
	},
	{
		"type": "Good Rod",
		"region_id": 1,
		"region_name": "Hoenn",
		"location": "PACIFIDLOG TOWN",
		"min_level": 15,
		"max_level": 30,
		"rarity": "Common"
	},
	{
		"type": "Super Rod",
		"region_id": 1,
		"region_name": "Hoenn",
		"location": "PACIFIDLOG TOWN",
		"min_level": 30,
		"max_level": 40,
		"rarity": "Very Common"
	},
	{
		"type": "Good Rod",
		"region_id": 1,
		"region_name": "Hoenn",
		"location": "ROUTE 103",
		"min_level": 15,
		"max_level": 30,
		"rarity": "Common"
	},
	{
		"type": "Super Rod",
		"region_id": 1,
		"region_name": "Hoenn",
		"location": "ROUTE 103",
		"min_level": 30,
		"max_level": 40,
		"rarity": "Very Common"
	},
	{
		"type": "Good Rod",
		"region_id": 1,
		"region_name": "Hoenn",
		"location": "ROUTE 105",
		"min_level": 15,
		"max_level": 30,
		"rarity": "Common"
	},
	{
		"type": "Super Rod",
		"region_id": 1,
		"region_name": "Hoenn",
		"location": "ROUTE 105",
		"min_level": 30,
		"max_level": 40,
		"rarity": "Very Common"
	},
	{
		"type": "Good Rod",
		"region_id": 1,
		"region_name": "Hoenn",
		"location": "ROUTE 106",
		"min_level": 15,
		"max_level": 30,
		"rarity": "Common"
	},
	{
		"type": "Super Rod",
		"region_id": 1,
		"region_name": "Hoenn",
		"location": "ROUTE 106",
		"min_level": 30,
		"max_level": 40,
		"rarity": "Very Common"
	},
	{
		"type": "Good Rod",
		"region_id": 1,
		"region_name": "Hoenn",
		"location": "ROUTE 107",
		"min_level": 15,
		"max_level": 30,
		"rarity": "Common"
	},
	{
		"type": "Super Rod",
		"region_id": 1,
		"region_name": "Hoenn",
		"location": "ROUTE 107",
		"min_level": 30,
		"max_level": 40,
		"rarity": "Very Common"
	},
	{
		"type": "Good Rod",
		"region_id": 1,
		"region_name": "Hoenn",
		"location": "ROUTE 108",
		"min_level": 15,
		"max_level": 30,
		"rarity": "Common"
	},
	{
		"type": "Super Rod",
		"region_id": 1,
		"region_name": "Hoenn",
		"location": "ROUTE 108",
		"min_level": 30,
		"max_level": 40,
		"rarity": "Very Common"
	},
	{
		"type": "Good Rod",
		"region_id": 1,
		"region_name": "Hoenn",
		"location": "ROUTE 109",
		"min_level": 15,
		"max_level": 30,
		"rarity": "Common"
	},
	{
		"type": "Super Rod",
		"region_id": 1,
		"region_name": "Hoenn",
		"location": "ROUTE 109",
		"min_level": 30,
		"max_level": 40,
		"rarity": "Very Common"
	},
	{
		"type": "Good Rod",
		"region_id": 1,
		"region_name": "Hoenn",
		"location": "ROUTE 110",
		"min_level": 15,
		"max_level": 30,
		"rarity": "Common"
	},
	{
		"type": "Super Rod",
		"region_id": 1,
		"region_name": "Hoenn",
		"location": "ROUTE 110",
		"min_level": 30,
		"max_level": 40,
		"rarity": "Very Common"
	},
	{
		"type": "Good Rod",
		"region_id": 1,
		"region_name": "Hoenn",
		"location": "ROUTE 115",
		"min_level": 15,
		"max_level": 30,
		"rarity": "Common"
	},
	{
		"type": "Super Rod",
		"region_id": 1,
		"region_name": "Hoenn",
		"location": "ROUTE 115",
		"min_level": 30,
		"max_level": 40,
		"rarity": "Very Common"
	},
	{
		"type": "Good Rod",
		"region_id": 1,
		"region_name": "Hoenn",
		"location": "ROUTE 121",
		"min_level": 15,
		"max_level": 30,
		"rarity": "Common"
	},
	{
		"type": "Super Rod",
		"region_id": 1,
		"region_name": "Hoenn",
		"location": "ROUTE 121",
		"min_level": 30,
		"max_level": 40,
		"rarity": "Very Common"
	},
	{
		"type": "Good Rod",
		"region_id": 1,
		"region_name": "Hoenn",
		"location": "ROUTE 122",
		"min_level": 15,
		"max_level": 30,
		"rarity": "Common"
	},
	{
		"type": "Super Rod",
		"region_id": 1,
		"region_name": "Hoenn",
		"location": "ROUTE 122",
		"min_level": 30,
		"max_level": 40,
		"rarity": "Very Common"
	},
	{
		"type": "Good Rod",
		"region_id": 1,
		"region_name": "Hoenn",
		"location": "ROUTE 124",
		"min_level": 15,
		"max_level": 30,
		"rarity": "Common"
	},
	{
		"type": "Super Rod",
		"region_id": 1,
		"region_name": "Hoenn",
		"location": "ROUTE 124",
		"min_level": 30,
		"max_level": 40,
		"rarity": "Very Common"
	},
	{
		"type": "Good Rod",
		"region_id": 1,
		"region_name": "Hoenn",
		"location": "ROUTE 125",
		"min_level": 15,
		"max_level": 30,
		"rarity": "Common"
	},
	{
		"type": "Super Rod",
		"region_id": 1,
		"region_name": "Hoenn",
		"location": "ROUTE 125",
		"min_level": 30,
		"max_level": 40,
		"rarity": "Very Common"
	},
	{
		"type": "Good Rod",
		"region_id": 1,
		"region_name": "Hoenn",
		"location": "ROUTE 126",
		"min_level": 15,
		"max_level": 30,
		"rarity": "Common"
	},
	{
		"type": "Super Rod",
		"region_id": 1,
		"region_name": "Hoenn",
		"location": "ROUTE 126",
		"min_level": 30,
		"max_level": 40,
		"rarity": "Very Common"
	},
	{
		"type": "Good Rod",
		"region_id": 1,
		"region_name": "Hoenn",
		"location": "ROUTE 127",
		"min_level": 15,
		"max_level": 30,
		"rarity": "Common"
	},
	{
		"type": "Super Rod",
		"region_id": 1,
		"region_name": "Hoenn",
		"location": "ROUTE 127",
		"min_level": 30,
		"max_level": 40,
		"rarity": "Very Common"
	},
	{
		"type": "Good Rod",
		"region_id": 1,
		"region_name": "Hoenn",
		"location": "ROUTE 128",
		"min_level": 15,
		"max_level": 30,
		"rarity": "Common"
	},
	{
		"type": "Super Rod",
		"region_id": 1,
		"region_name": "Hoenn",
		"location": "ROUTE 128",
		"min_level": 30,
		"max_level": 40,
		"rarity": "Very Common"
	},
	{
		"type": "Good Rod",
		"region_id": 1,
		"region_name": "Hoenn",
		"location": "ROUTE 129",
		"min_level": 15,
		"max_level": 30,
		"rarity": "Common"
	},
	{
		"type": "Super Rod",
		"region_id": 1,
		"region_name": "Hoenn",
		"location": "ROUTE 129",
		"min_level": 30,
		"max_level": 40,
		"rarity": "Very Common"
	},
	{
		"type": "Good Rod",
		"region_id": 1,
		"region_name": "Hoenn",
		"location": "ROUTE 130",
		"min_level": 15,
		"max_level": 30,
		"rarity": "Common"
	},
	{
		"type": "Super Rod",
		"region_id": 1,
		"region_name": "Hoenn",
		"location": "ROUTE 130",
		"min_level": 30,
		"max_level": 40,
		"rarity": "Very Common"
	},
	{
		"type": "Good Rod",
		"region_id": 1,
		"region_name": "Hoenn",
		"location": "ROUTE 131",
		"min_level": 15,
		"max_level": 30,
		"rarity": "Common"
	},
	{
		"type": "Super Rod",
		"region_id": 1,
		"region_name": "Hoenn",
		"location": "ROUTE 131",
		"min_level": 30,
		"max_level": 40,
		"rarity": "Very Common"
	},
	{
		"type": "Good Rod",
		"region_id": 1,
		"region_name": "Hoenn",
		"location": "ROUTE 132",
		"min_level": 15,
		"max_level": 30,
		"rarity": "Common"
	},
	{
		"type": "Super Rod",
		"region_id": 1,
		"region_name": "Hoenn",
		"location": "ROUTE 132",
		"min_level": 30,
		"max_level": 40,
		"rarity": "Very Common"
	},
	{
		"type": "Good Rod",
		"region_id": 1,
		"region_name": "Hoenn",
		"location": "ROUTE 133",
		"min_level": 15,
		"max_level": 30,
		"rarity": "Common"
	},
	{
		"type": "Super Rod",
		"region_id": 1,
		"region_name": "Hoenn",
		"location": "ROUTE 133",
		"min_level": 30,
		"max_level": 40,
		"rarity": "Very Common"
	},
	{
		"type": "Good Rod",
		"region_id": 1,
		"region_name": "Hoenn",
		"location": "ROUTE 134",
		"min_level": 15,
		"max_level": 30,
		"rarity": "Common"
	},
	{
		"type": "Super Rod",
		"region_id": 1,
		"region_name": "Hoenn",
		"location": "ROUTE 134",
		"min_level": 30,
		"max_level": 40,
		"rarity": "Very Common"
	},
	{
		"type": "Good Rod",
		"region_id": 1,
		"region_name": "Hoenn",
		"location": "SEAFLOOR CAVERN",
		"min_level": 15,
		"max_level": 30,
		"rarity": "Common"
	},
	{
		"type": "Super Rod",
		"region_id": 1,
		"region_name": "Hoenn",
		"location": "SEAFLOOR CAVERN",
		"min_level": 30,
		"max_level": 40,
		"rarity": "Very Common"
	},
	{
		"type": "Good Rod",
		"region_id": 1,
		"region_name": "Hoenn",
		"location": "SEALED CHAMBER",
		"min_level": 15,
		"max_level": 30,
		"rarity": "Common"
	},
	{
		"type": "Super Rod",
		"region_id": 1,
		"region_name": "Hoenn",
		"location": "SEALED CHAMBER",
		"min_level": 30,
		"max_level": 40,
		"rarity": "Very Common"
	},
	{
		"type": "Good Rod",
		"region_id": 1,
		"region_name": "Hoenn",
		"location": "SHOAL CAVE",
		"min_level": 15,
		"max_level": 30,
		"rarity": "Common"
	},
	{
		"type": "Super Rod",
		"region_id": 1,
		"region_name": "Hoenn",
		"location": "SHOAL CAVE",
		"min_level": 30,
		"max_level": 40,
		"rarity": "Very Common"
	},
	{
		"type": "Good Rod",
		"region_id": 1,
		"region_name": "Hoenn",
		"location": "SLATEPORT CITY",
		"min_level": 15,
		"max_level": 30,
		"rarity": "Common"
	},
	{
		"type": "Super Rod",
		"region_id": 1,
		"region_name": "Hoenn",
		"location": "SLATEPORT CITY",
		"min_level": 30,
		"max_level": 40,
		"rarity": "Very Common"
	},
	{
		"type": "Water",
		"region_id": 2,
		"region_name": "Unova",
		"location": "Undella Town",
		"min_level": 60,
		"max_level": 65,
		"rarity": "Special"
	},
	{
		"type": "Super Rod",
		"region_id": 3,
		"region_name": "Sinnoh",
		"location": "Route 223",
		"min_level": 30,
		"max_level": 40,
		"rarity": "Very Common"
	},
	{
		"type": "Super Rod",
		"region_id": 3,
		"region_name": "Sinnoh",
		"location": "Route 230",
		"min_level": 30,
		"max_level": 40,
		"rarity": "Very Common"
	}
]
}