{
"id": 325,
"name": "Spoink",
"exp_type": "FAST",
"obtainable": true,
"gender_ratio": 127,
"height": 7,
"weight": 306,
"egg_groups": [
	"field"
],
"abilities": [
	{
		"id": 47,
		"name": "Thick Fat"
	},
	{
		"id": 20,
		"name": "Own Tempo"
	},
	{
		"id": 82,
		"name": "Gluttony"
	}
],
"forms": [
	{
		"form_id": 0,
		"id": 325,
		"name": "Spoink"
	}
],
"evolutions": [
	{
		"id": 326,
		"name": "Grumpig",
		"type": "LEVEL",
		"val": 32
	}
],
"moves": [
	{
		"id": 150,
		"name": "Splash",
		"type": "level",
		"level": 1
	},
	{
		"id": 149,
		"name": "Psywave",
		"type": "level",
		"level": 7
	},
	{
		"id": 93,
		"name": "Confusion",
		"type": "level",
		"level": 7
	},
	{
		"id": 316,
		"name": "Odor Sleuth",
		"type": "level",
		"level": 10
	},
	{
		"id": 45,
		"name": "Growl",
		"type": "level",
		"level": 10
	},
	{
		"id": 60,
		"name": "Psybeam",
		"type": "level",
		"level": 14
	},
	{
		"id": 244,
		"name": "Psych Up",
		"type": "level",
		"level": 18
	},
	{
		"id": 277,
		"name": "Magic Coat",
		"type": "level",
		"level": 21
	},
	{
		"id": 109,
		"name": "Confuse Ray",
		"type": "level",
		"level": 22
	},
	{
		"id": 428,
		"name": "Zen Headbutt",
		"type": "level",
		"level": 26
	},
	{
		"id": 156,
		"name": "Rest",
		"type": "level",
		"level": 29
	},
	{
		"id": 408,
		"name": "Power Gem",
		"type": "level",
		"level": 29
	},
	{
		"id": 173,
		"name": "Snore",
		"type": "level",
		"level": 33
	},
	{
		"id": 473,
		"name": "Psyshock",
		"type": "level",
		"level": 38
	},
	{
		"id": 371,
		"name": "Payback",
		"type": "level",
		"level": 40
	},
	{
		"id": 94,
		"name": "Psychic",
		"type": "level",
		"level": 44
	},
	{
		"id": 340,
		"name": "Bounce",
		"type": "level",
		"level": 50
	},
	{
		"id": 381,
		"name": "Lucky Chant",
		"type": "egg_moves"
	},
	{
		"id": 493,
		"name": "Simple Beam",
		"type": "egg_moves"
	},
	{
		"id": 326,
		"name": "Extrasensory",
		"type": "egg_moves"
	},
	{
		"id": 243,
		"name": "Mirror Coat",
		"type": "egg_moves"
	},
	{
		"id": 343,
		"name": "Covet",
		"type": "move_tutor"
	},
	{
		"id": 272,
		"name": "Role Play",
		"type": "move_tutor"
	},
	{
		"id": 340,
		"name": "Bounce",
		"type": "move_tutor"
	},
	{
		"id": 173,
		"name": "Snore",
		"type": "move_tutor"
	},
	{
		"id": 215,
		"name": "Heal Bell",
		"type": "move_tutor"
	},
	{
		"id": 324,
		"name": "Signal Beam",
		"type": "move_tutor"
	},
	{
		"id": 277,
		"name": "Magic Coat",
		"type": "move_tutor"
	},
	{
		"id": 269,
		"name": "Taunt",
		"type": "move_learner_tools"
	},
	{
		"id": 408,
		"name": "Power Gem",
		"type": "move_learner_tools"
	},
	{
		"id": 270,
		"name": "Helping Hand",
		"type": "move_learner_tools"
	},
	{
		"id": 363,
		"name": "Natural Gift",
		"type": "move_learner_tools"
	},
	{
		"id": 271,
		"name": "Trick",
		"type": "move_learner_tools"
	},
	{
		"id": 129,
		"name": "Swift",
		"type": "move_learner_tools"
	},
	{
		"id": 263,
		"name": "Facade",
		"type": "move_learner_tools"
	},
	{
		"id": 259,
		"name": "Torment",
		"type": "move_learner_tools"
	},
	{
		"id": 258,
		"name": "Snowscape",
		"type": "move_learner_tools"
	},
	{
		"id": 148,
		"name": "Flash",
		"type": "move_learner_tools"
	},
	{
		"id": 149,
		"name": "Psywave",
		"type": "move_learner_tools"
	},
	{
		"id": 253,
		"name": "Uproar",
		"type": "move_learner_tools"
	},
	{
		"id": 115,
		"name": "Reflect",
		"type": "move_learner_tools"
	},
	{
		"id": 113,
		"name": "Light Screen",
		"type": "move_learner_tools"
	},
	{
		"id": 156,
		"name": "Rest",
		"type": "move_learner_tools"
	},
	{
		"id": 248,
		"name": "Future Sight",
		"type": "move_learner_tools"
	},
	{
		"id": 247,
		"name": "Shadow Ball",
		"type": "move_learner_tools"
	},
	{
		"id": 109,
		"name": "Confuse Ray",
		"type": "move_learner_tools"
	},
	{
		"id": 244,
		"name": "Psych Up",
		"type": "move_learner_tools"
	},
	{
		"id": 241,
		"name": "Sunny Day",
		"type": "move_learner_tools"
	},
	{
		"id": 240,
		"name": "Rain Dance",
		"type": "move_learner_tools"
	},
	{
		"id": 102,
		"name": "Mimic",
		"type": "move_learner_tools"
	},
	{
		"id": 101,
		"name": "Night Shade",
		"type": "move_learner_tools"
	},
	{
		"id": 237,
		"name": "Hidden Power",
		"type": "move_learner_tools"
	},
	{
		"id": 36,
		"name": "Take Down",
		"type": "move_learner_tools"
	},
	{
		"id": 34,
		"name": "Body Slam",
		"type": "move_learner_tools"
	},
	{
		"id": 371,
		"name": "Payback",
		"type": "move_learner_tools"
	},
	{
		"id": 231,
		"name": "Iron Tail",
		"type": "move_learner_tools"
	},
	{
		"id": 92,
		"name": "Toxic",
		"type": "move_learner_tools"
	},
	{
		"id": 502,
		"name": "Ally Switch",
		"type": "move_learner_tools"
	},
	{
		"id": 227,
		"name": "Encore",
		"type": "move_learner_tools"
	},
	{
		"id": 500,
		"name": "Stored Power",
		"type": "move_learner_tools"
	},
	{
		"id": 86,
		"name": "Thunder Wave",
		"type": "move_learner_tools"
	},
	{
		"id": 496,
		"name": "Round",
		"type": "move_learner_tools"
	},
	{
		"id": 218,
		"name": "Frustration",
		"type": "move_learner_tools"
	},
	{
		"id": 216,
		"name": "Return",
		"type": "move_learner_tools"
	},
	{
		"id": 351,
		"name": "Shock Wave",
		"type": "move_learner_tools"
	},
	{
		"id": 213,
		"name": "Attract",
		"type": "move_learner_tools"
	},
	{
		"id": 347,
		"name": "Calm Mind",
		"type": "move_learner_tools"
	},
	{
		"id": 207,
		"name": "Swagger",
		"type": "move_learner_tools"
	},
	{
		"id": 477,
		"name": "Telekinesis",
		"type": "move_learner_tools"
	},
	{
		"id": 203,
		"name": "Endure",
		"type": "move_learner_tools"
	},
	{
		"id": 104,
		"name": "Double Team",
		"type": "move_learner_tools"
	},
	{
		"id": 473,
		"name": "Psyshock",
		"type": "move_learner_tools"
	},
	{
		"id": 60,
		"name": "Psybeam",
		"type": "move_learner_tools"
	},
	{
		"id": 196,
		"name": "Icy Wind",
		"type": "move_learner_tools"
	},
	{
		"id": 214,
		"name": "Sleep Talk",
		"type": "move_learner_tools"
	},
	{
		"id": 182,
		"name": "Protect",
		"type": "move_learner_tools"
	},
	{
		"id": 94,
		"name": "Psychic",
		"type": "move_learner_tools"
	},
	{
		"id": 451,
		"name": "Charge Beam",
		"type": "move_learner_tools"
	},
	{
		"id": 38,
		"name": "Double-Edge",
		"type": "move_learner_tools"
	},
	{
		"id": 447,
		"name": "Grass Knot",
		"type": "move_learner_tools"
	},
	{
		"id": 445,
		"name": "Captivate",
		"type": "move_learner_tools"
	},
	{
		"id": 168,
		"name": "Thief",
		"type": "move_learner_tools"
	},
	{
		"id": 29,
		"name": "Headbutt",
		"type": "move_learner_tools"
	},
	{
		"id": 164,
		"name": "Substitute",
		"type": "move_learner_tools"
	},
	{
		"id": 433,
		"name": "Trick Room",
		"type": "move_learner_tools"
	},
	{
		"id": 430,
		"name": "Flash Cannon",
		"type": "move_learner_tools"
	},
	{
		"id": 18,
		"name": "Whirlwind",
		"type": "move_learner_tools"
	},
	{
		"id": 428,
		"name": "Zen Headbutt",
		"type": "move_learner_tools"
	},
	{
		"id": 290,
		"name": "Secret Power",
		"type": "move_learner_tools"
	},
	{
		"id": 289,
		"name": "Snatch",
		"type": "move_learner_tools"
	},
	{
		"id": 286,
		"name": "Imprison",
		"type": "move_learner_tools"
	},
	{
		"id": 285,
		"name": "Skill Swap",
		"type": "move_learner_tools"
	},
	{
		"id": 555,
		"name": "Snarl",
		"type": "move_learner_tools"
	},
	{
		"id": 278,
		"name": "Recycle",
		"type": "move_learner_tools"
	},
	{
		"id": 133,
		"name": "Amnesia",
		"type": "move_learner_tools"
	},
	{
		"id": 138,
		"name": "Dream Eater",
		"type": "move_learner_tools"
	}
],
"types": [
	"PSYCHIC",
	"PSYCHIC"
],
"stats": {
	"hp": 60,
	"attack": 25,
	"defense": 35,
	"speed": 60,
	"sp_attack": 70,
	"sp_defense": 80
},
"yields": {
	"exp": 66,
	"ev_hp": 0,
	"ev_attack": 0,
	"ev_defense": 0,
	"ev_speed": 0,
	"ev_sp_attack": 0,
	"ev_sp_defense": 1
},
"tiers": [
	"Untiered"
],
"held_items": [
	{
		"id": 5156,
		"name": "Persim Berry"
	},
	{
		"id": 5194,
		"name": "Tanga Berry"
	}
],
"locations": [
	{
		"type": "Grass",
		"region_id": 1,
		"region_name": "Hoenn",
		"location": "JAGGED PASS",
		"min_level": 18,
		"max_level": 20,
		"rarity": "Horde"
	},
	{
		"type": "Grass",
		"region_id": 1,
		"region_name": "Hoenn",
		"location": "JAGGED PASS",
		"min_level": 20,
		"max_level": 22,
		"rarity": "Common"
	}
]
}