{
"id": 328,
"name": "Trapinch",
"exp_type": "MEDIUM_SLOW",
"obtainable": true,
"gender_ratio": 127,
"height": 7,
"weight": 150,
"egg_groups": [
	"bug",
	"dragon"
],
"abilities": [
	{
		"id": 52,
		"name": "Hyper Cutter"
	},
	{
		"id": 71,
		"name": "Arena Trap"
	},
	{
		"id": 125,
		"name": "Sheer Force"
	}
],
"forms": [
	{
		"form_id": 0,
		"id": 328,
		"name": "Trapinch"
	}
],
"evolutions": [
	{
		"id": 329,
		"name": "Vibrava",
		"type": "LEVEL",
		"val": 35
	}
],
"moves": [
	{
		"id": 28,
		"name": "Sand-Attack",
		"type": "level",
		"level": 1
	},
	{
		"id": 44,
		"name": "Bite",
		"type": "level",
		"level": 1
	},
	{
		"id": 117,
		"name": "Bide",
		"type": "level",
		"level": 1
	},
	{
		"id": 185,
		"name": "Faint Attack",
		"type": "level",
		"level": 1
	},
	{
		"id": 310,
		"name": "Astonish",
		"type": "level",
		"level": 1
	},
	{
		"id": 44,
		"name": "Bite",
		"type": "level",
		"level": 8
	},
	{
		"id": 189,
		"name": "Mud-Slap",
		"type": "level",
		"level": 12
	},
	{
		"id": 157,
		"name": "Rock Slide",
		"type": "level",
		"level": 15
	},
	{
		"id": 328,
		"name": "Sand Tomb",
		"type": "level",
		"level": 16
	},
	{
		"id": 523,
		"name": "Bulldoze",
		"type": "level",
		"level": 20
	},
	{
		"id": 91,
		"name": "Dig",
		"type": "level",
		"level": 24
	},
	{
		"id": 242,
		"name": "Crunch",
		"type": "level",
		"level": 28
	},
	{
		"id": 364,
		"name": "Feint",
		"type": "level",
		"level": 29
	},
	{
		"id": 201,
		"name": "Sandstorm",
		"type": "level",
		"level": 32
	},
	{
		"id": 414,
		"name": "Earth Power",
		"type": "level",
		"level": 36
	},
	{
		"id": 89,
		"name": "Earthquake",
		"type": "level",
		"level": 40
	},
	{
		"id": 63,
		"name": "Hyper Beam",
		"type": "level",
		"level": 43
	},
	{
		"id": 276,
		"name": "Superpower",
		"type": "level",
		"level": 44
	},
	{
		"id": 90,
		"name": "Fissure",
		"type": "level",
		"level": 48
	},
	{
		"id": 16,
		"name": "Gust",
		"type": "egg_moves"
	},
	{
		"id": 175,
		"name": "Flail",
		"type": "egg_moves"
	},
	{
		"id": 98,
		"name": "Quick Attack",
		"type": "egg_moves"
	},
	{
		"id": 173,
		"name": "Snore",
		"type": "move_tutor"
	},
	{
		"id": 324,
		"name": "Signal Beam",
		"type": "move_tutor"
	},
	{
		"id": 185,
		"name": "Faint Attack",
		"type": "move_tutor"
	},
	{
		"id": 290,
		"name": "Secret Power",
		"type": "move_learner_tools"
	},
	{
		"id": 189,
		"name": "Mud-Slap",
		"type": "move_learner_tools"
	},
	{
		"id": 218,
		"name": "Frustration",
		"type": "move_learner_tools"
	},
	{
		"id": 91,
		"name": "Dig",
		"type": "move_learner_tools"
	},
	{
		"id": 328,
		"name": "Sand Tomb",
		"type": "move_learner_tools"
	},
	{
		"id": 89,
		"name": "Earthquake",
		"type": "move_learner_tools"
	},
	{
		"id": 182,
		"name": "Protect",
		"type": "move_learner_tools"
	},
	{
		"id": 104,
		"name": "Double Team",
		"type": "move_learner_tools"
	},
	{
		"id": 276,
		"name": "Superpower",
		"type": "move_learner_tools"
	},
	{
		"id": 76,
		"name": "SolarBeam",
		"type": "move_learner_tools"
	},
	{
		"id": 363,
		"name": "Natural Gift",
		"type": "move_learner_tools"
	},
	{
		"id": 117,
		"name": "Bide",
		"type": "move_learner_tools"
	},
	{
		"id": 70,
		"name": "Strength",
		"type": "move_learner_tools"
	},
	{
		"id": 263,
		"name": "Facade",
		"type": "move_learner_tools"
	},
	{
		"id": 164,
		"name": "Substitute",
		"type": "move_learner_tools"
	},
	{
		"id": 63,
		"name": "Hyper Beam",
		"type": "move_learner_tools"
	},
	{
		"id": 450,
		"name": "Bug Bite",
		"type": "move_learner_tools"
	},
	{
		"id": 157,
		"name": "Rock Slide",
		"type": "move_learner_tools"
	},
	{
		"id": 156,
		"name": "Rest",
		"type": "move_learner_tools"
	},
	{
		"id": 445,
		"name": "Captivate",
		"type": "move_learner_tools"
	},
	{
		"id": 249,
		"name": "Rock Smash",
		"type": "move_learner_tools"
	},
	{
		"id": 341,
		"name": "Mud Shot",
		"type": "move_learner_tools"
	},
	{
		"id": 242,
		"name": "Crunch",
		"type": "move_learner_tools"
	},
	{
		"id": 241,
		"name": "Sunny Day",
		"type": "move_learner_tools"
	},
	{
		"id": 237,
		"name": "Hidden Power",
		"type": "move_learner_tools"
	},
	{
		"id": 523,
		"name": "Bulldoze",
		"type": "move_learner_tools"
	},
	{
		"id": 522,
		"name": "Struggle Bug",
		"type": "move_learner_tools"
	},
	{
		"id": 34,
		"name": "Body Slam",
		"type": "move_learner_tools"
	},
	{
		"id": 29,
		"name": "Headbutt",
		"type": "move_learner_tools"
	},
	{
		"id": 116,
		"name": "Focus Energy",
		"type": "move_learner_tools"
	},
	{
		"id": 414,
		"name": "Earth Power",
		"type": "move_learner_tools"
	},
	{
		"id": 317,
		"name": "Rock Tomb",
		"type": "move_learner_tools"
	},
	{
		"id": 216,
		"name": "Return",
		"type": "move_learner_tools"
	},
	{
		"id": 214,
		"name": "Sleep Talk",
		"type": "move_learner_tools"
	},
	{
		"id": 213,
		"name": "Attract",
		"type": "move_learner_tools"
	},
	{
		"id": 38,
		"name": "Double-Edge",
		"type": "move_learner_tools"
	},
	{
		"id": 90,
		"name": "Fissure",
		"type": "move_learner_tools"
	},
	{
		"id": 210,
		"name": "Fury Cutter",
		"type": "move_learner_tools"
	},
	{
		"id": 207,
		"name": "Swagger",
		"type": "move_learner_tools"
	},
	{
		"id": 496,
		"name": "Round",
		"type": "move_learner_tools"
	},
	{
		"id": 203,
		"name": "Endure",
		"type": "move_learner_tools"
	},
	{
		"id": 202,
		"name": "Giga Drain",
		"type": "move_learner_tools"
	},
	{
		"id": 201,
		"name": "Sandstorm",
		"type": "move_learner_tools"
	},
	{
		"id": 102,
		"name": "Mimic",
		"type": "move_learner_tools"
	},
	{
		"id": 92,
		"name": "Toxic",
		"type": "move_learner_tools"
	}
],
"types": [
	"GROUND",
	"GROUND"
],
"stats": {
	"hp": 45,
	"attack": 100,
	"defense": 45,
	"speed": 10,
	"sp_attack": 45,
	"sp_defense": 45
},
"yields": {
	"exp": 58,
	"ev_hp": 0,
	"ev_attack": 1,
	"ev_defense": 0,
	"ev_speed": 0,
	"ev_sp_attack": 0,
	"ev_sp_defense": 0
},
"tiers": [
	"Untiered"
],
"held_items": [
	{
		"id": 5237,
		"name": "Soft Sand"
	}
],
"locations": [
	{
		"type": "Cave",
		"region_id": 1,
		"region_name": "Hoenn",
		"location": "MIRAGE TOWER",
		"min_level": 18,
		"max_level": 20,
		"rarity": "Horde"
	},
	{
		"type": "Cave",
		"region_id": 1,
		"region_name": "Hoenn",
		"location": "MIRAGE TOWER",
		"min_level": 20,
		"max_level": 22,
		"rarity": "Common"
	},
	{
		"type": "Grass",
		"region_id": 1,
		"region_name": "Hoenn",
		"location": "ROUTE 111",
		"min_level": 18,
		"max_level": 20,
		"rarity": "Horde"
	},
	{
		"type": "Grass",
		"region_id": 1,
		"region_name": "Hoenn",
		"location": "ROUTE 111",
		"min_level": 20,
		"max_level": 22,
		"rarity": "Common"
	}
]
}