{
"id": 334,
"name": "Altaria",
"exp_type": "ERRATIC",
"obtainable": true,
"gender_ratio": 127,
"height": 11,
"weight": 206,
"egg_groups": [
	"flying",
	"dragon"
],
"abilities": [
	{
		"id": 30,
		"name": "Natural Cure"
	},
	{
		"id": 30,
		"name": "Natural Cure"
	},
	{
		"id": 13,
		"name": "Cloud Nine"
	}
],
"forms": [
	{
		"form_id": 0,
		"id": 334,
		"name": "Altaria"
	}
],
"evolutions": [],
"moves": [
	{
		"id": 45,
		"name": "Growl",
		"type": "level",
		"level": 1
	},
	{
		"id": 47,
		"name": "Sing",
		"type": "level",
		"level": 1
	},
	{
		"id": 54,
		"name": "Mist",
		"type": "level",
		"level": 1
	},
	{
		"id": 64,
		"name": "Peck",
		"type": "level",
		"level": 1
	},
	{
		"id": 143,
		"name": "Sky Attack",
		"type": "level",
		"level": 1
	},
	{
		"id": 310,
		"name": "Astonish",
		"type": "level",
		"level": 1
	},
	{
		"id": 365,
		"name": "Pluck",
		"type": "level",
		"level": 1
	},
	{
		"id": 406,
		"name": "Dragon Pulse",
		"type": "level",
		"level": 1
	},
	{
		"id": 542,
		"name": "Hurricane",
		"type": "level",
		"level": 1
	},
	{
		"id": 310,
		"name": "Astonish",
		"type": "level",
		"level": 3
	},
	{
		"id": 31,
		"name": "Fury Attack",
		"type": "level",
		"level": 12
	},
	{
		"id": 54,
		"name": "Mist",
		"type": "level",
		"level": 14
	},
	{
		"id": 496,
		"name": "Round",
		"type": "level",
		"level": 16
	},
	{
		"id": 225,
		"name": "DragonBreath",
		"type": "level",
		"level": 20
	},
	{
		"id": 363,
		"name": "Natural Gift",
		"type": "level",
		"level": 20
	},
	{
		"id": 219,
		"name": "Safeguard",
		"type": "level",
		"level": 24
	},
	{
		"id": 287,
		"name": "Refresh",
		"type": "level",
		"level": 26
	},
	{
		"id": 47,
		"name": "Sing",
		"type": "level",
		"level": 28
	},
	{
		"id": 349,
		"name": "Dragon Dance",
		"type": "level",
		"level": 30
	},
	{
		"id": 538,
		"name": "Cotton Guard",
		"type": "level",
		"level": 32
	},
	{
		"id": 36,
		"name": "Take Down",
		"type": "level",
		"level": 38
	},
	{
		"id": 406,
		"name": "Dragon Pulse",
		"type": "level",
		"level": 40
	},
	{
		"id": 195,
		"name": "Perish Song",
		"type": "level",
		"level": 50
	},
	{
		"id": 143,
		"name": "Sky Attack",
		"type": "level",
		"level": 56
	},
	{
		"id": 472,
		"name": "Wonder Room",
		"type": "move_tutor"
	},
	{
		"id": 239,
		"name": "Twister",
		"type": "move_tutor"
	},
	{
		"id": 215,
		"name": "Heal Bell",
		"type": "move_tutor"
	},
	{
		"id": 466,
		"name": "Ominous Wind",
		"type": "move_tutor"
	},
	{
		"id": 143,
		"name": "Sky Attack",
		"type": "move_tutor"
	},
	{
		"id": 173,
		"name": "Snore",
		"type": "move_tutor"
	},
	{
		"id": 119,
		"name": "Mirror Move",
		"type": "prevo_moves"
	},
	{
		"id": 104,
		"name": "Double Team",
		"type": "move_learner_tools"
	},
	{
		"id": 253,
		"name": "Uproar",
		"type": "move_learner_tools"
	},
	{
		"id": 349,
		"name": "Dragon Dance",
		"type": "move_learner_tools"
	},
	{
		"id": 156,
		"name": "Rest",
		"type": "move_learner_tools"
	},
	{
		"id": 314,
		"name": "Air Cutter",
		"type": "move_learner_tools"
	},
	{
		"id": 311,
		"name": "Weather Ball",
		"type": "move_learner_tools"
	},
	{
		"id": 468,
		"name": "Hone Claws",
		"type": "move_learner_tools"
	},
	{
		"id": 304,
		"name": "Hyper Voice",
		"type": "move_learner_tools"
	},
	{
		"id": 138,
		"name": "Dream Eater",
		"type": "move_learner_tools"
	},
	{
		"id": 129,
		"name": "Swift",
		"type": "move_learner_tools"
	},
	{
		"id": 290,
		"name": "Secret Power",
		"type": "move_learner_tools"
	},
	{
		"id": 126,
		"name": "Fire Blast",
		"type": "move_learner_tools"
	},
	{
		"id": 19,
		"name": "Fly",
		"type": "move_learner_tools"
	},
	{
		"id": 200,
		"name": "Outrage",
		"type": "move_learner_tools"
	},
	{
		"id": 445,
		"name": "Captivate",
		"type": "move_learner_tools"
	},
	{
		"id": 203,
		"name": "Endure",
		"type": "move_learner_tools"
	},
	{
		"id": 114,
		"name": "Haze",
		"type": "move_learner_tools"
	},
	{
		"id": 434,
		"name": "Draco Meteor",
		"type": "move_learner_tools"
	},
	{
		"id": 270,
		"name": "Helping Hand",
		"type": "move_learner_tools"
	},
	{
		"id": 432,
		"name": "Defog",
		"type": "move_learner_tools"
	},
	{
		"id": 216,
		"name": "Return",
		"type": "move_learner_tools"
	},
	{
		"id": 58,
		"name": "Ice Beam",
		"type": "move_learner_tools"
	},
	{
		"id": 102,
		"name": "Mimic",
		"type": "move_learner_tools"
	},
	{
		"id": 263,
		"name": "Facade",
		"type": "move_learner_tools"
	},
	{
		"id": 99,
		"name": "Rage",
		"type": "move_learner_tools"
	},
	{
		"id": 261,
		"name": "Will-O-Wisp",
		"type": "move_learner_tools"
	},
	{
		"id": 97,
		"name": "Agility",
		"type": "move_learner_tools"
	},
	{
		"id": 258,
		"name": "Snowscape",
		"type": "move_learner_tools"
	},
	{
		"id": 257,
		"name": "Heat Wave",
		"type": "move_learner_tools"
	},
	{
		"id": 92,
		"name": "Toxic",
		"type": "move_learner_tools"
	},
	{
		"id": 416,
		"name": "Giga Impact",
		"type": "move_learner_tools"
	},
	{
		"id": 89,
		"name": "Earthquake",
		"type": "move_learner_tools"
	},
	{
		"id": 413,
		"name": "Brave Bird",
		"type": "move_learner_tools"
	},
	{
		"id": 249,
		"name": "Rock Smash",
		"type": "move_learner_tools"
	},
	{
		"id": 83,
		"name": "Fire Spin",
		"type": "move_learner_tools"
	},
	{
		"id": 244,
		"name": "Psych Up",
		"type": "move_learner_tools"
	},
	{
		"id": 406,
		"name": "Dragon Pulse",
		"type": "move_learner_tools"
	},
	{
		"id": 241,
		"name": "Sunny Day",
		"type": "move_learner_tools"
	},
	{
		"id": 240,
		"name": "Rain Dance",
		"type": "move_learner_tools"
	},
	{
		"id": 76,
		"name": "SolarBeam",
		"type": "move_learner_tools"
	},
	{
		"id": 237,
		"name": "Hidden Power",
		"type": "move_learner_tools"
	},
	{
		"id": 231,
		"name": "Iron Tail",
		"type": "move_learner_tools"
	},
	{
		"id": 63,
		"name": "Hyper Beam",
		"type": "move_learner_tools"
	},
	{
		"id": 225,
		"name": "DragonBreath",
		"type": "move_learner_tools"
	},
	{
		"id": 384,
		"name": "Power Swap",
		"type": "move_learner_tools"
	},
	{
		"id": 34,
		"name": "Body Slam",
		"type": "move_learner_tools"
	},
	{
		"id": 219,
		"name": "Safeguard",
		"type": "move_learner_tools"
	},
	{
		"id": 218,
		"name": "Frustration",
		"type": "move_learner_tools"
	},
	{
		"id": 53,
		"name": "Flamethrower",
		"type": "move_learner_tools"
	},
	{
		"id": 542,
		"name": "Hurricane",
		"type": "move_learner_tools"
	},
	{
		"id": 214,
		"name": "Sleep Talk",
		"type": "move_learner_tools"
	},
	{
		"id": 213,
		"name": "Attract",
		"type": "move_learner_tools"
	},
	{
		"id": 211,
		"name": "Steel Wing",
		"type": "move_learner_tools"
	},
	{
		"id": 46,
		"name": "Roar",
		"type": "move_learner_tools"
	},
	{
		"id": 207,
		"name": "Swagger",
		"type": "move_learner_tools"
	},
	{
		"id": 206,
		"name": "False Swipe",
		"type": "move_learner_tools"
	},
	{
		"id": 366,
		"name": "Tailwind",
		"type": "move_learner_tools"
	},
	{
		"id": 365,
		"name": "Pluck",
		"type": "move_learner_tools"
	},
	{
		"id": 38,
		"name": "Double-Edge",
		"type": "move_learner_tools"
	},
	{
		"id": 363,
		"name": "Natural Gift",
		"type": "move_learner_tools"
	},
	{
		"id": 36,
		"name": "Take Down",
		"type": "move_learner_tools"
	},
	{
		"id": 523,
		"name": "Bulldoze",
		"type": "move_learner_tools"
	},
	{
		"id": 355,
		"name": "Roost",
		"type": "move_learner_tools"
	},
	{
		"id": 189,
		"name": "Mud-Slap",
		"type": "move_learner_tools"
	},
	{
		"id": 512,
		"name": "Acrobatics",
		"type": "move_learner_tools"
	},
	{
		"id": 510,
		"name": "Incinerate",
		"type": "move_learner_tools"
	},
	{
		"id": 182,
		"name": "Protect",
		"type": "move_learner_tools"
	},
	{
		"id": 337,
		"name": "Dragon Claw",
		"type": "move_learner_tools"
	},
	{
		"id": 497,
		"name": "Echoed Voice",
		"type": "move_learner_tools"
	},
	{
		"id": 496,
		"name": "Round",
		"type": "move_learner_tools"
	},
	{
		"id": 332,
		"name": "Aerial Ace",
		"type": "move_learner_tools"
	},
	{
		"id": 168,
		"name": "Thief",
		"type": "move_learner_tools"
	},
	{
		"id": 164,
		"name": "Substitute",
		"type": "move_learner_tools"
	},
	{
		"id": 225,
		"name": "DragonBreath",
		"type": "on_evolution"
	},
	{
		"id": 406,
		"name": "Dragon Pulse",
		"type": "on_evolution"
	}
],
"types": [
	"DRAGON",
	"FLYING"
],
"stats": {
	"hp": 75,
	"attack": 70,
	"defense": 90,
	"speed": 80,
	"sp_attack": 70,
	"sp_defense": 105
},
"yields": {
	"exp": 172,
	"ev_hp": 0,
	"ev_attack": 0,
	"ev_defense": 0,
	"ev_speed": 0,
	"ev_sp_attack": 0,
	"ev_sp_defense": 2
},
"tiers": [
	"Never Used"
],
"held_items": [],
"locations": [
	{
		"type": "Cave",
		"region_id": 1,
		"region_name": "Hoenn",
		"location": "SKY PILLAR",
		"min_level": 35,
		"max_level": 37,
		"rarity": "Horde"
	},
	{
		"type": "Cave",
		"region_id": 1,
		"region_name": "Hoenn",
		"location": "SKY PILLAR",
		"min_level": 37,
		"max_level": 39,
		"rarity": "Very Rare"
	},
	{
		"type": "Shadow",
		"region_id": 2,
		"region_name": "Unova",
		"location": "Abundant Shrine",
		"min_level": 60,
		"max_level": 65,
		"rarity": "Special"
	},
	{
		"type": "Grass",
		"region_id": 2,
		"region_name": "Unova",
		"location": "Dragonspiral Tower",
		"min_level": 36,
		"max_level": 36,
		"rarity": "Lure"
	},
	{
		"type": "Inside",
		"region_id": 2,
		"region_name": "Unova",
		"location": "Dragonspiral Tower",
		"min_level": 36,
		"max_level": 36,
		"rarity": "Lure"
	},
	{
		"type": "Shadow",
		"region_id": 2,
		"region_name": "Unova",
		"location": "Dragonspiral Tower",
		"min_level": 39,
		"max_level": 40,
		"rarity": "Special"
	},
	{
		"type": "Shadow",
		"region_id": 2,
		"region_name": "Unova",
		"location": "Route 10",
		"min_level": 43,
		"max_level": 44,
		"rarity": "Special"
	},
	{
		"type": "Grass",
		"region_id": 2,
		"region_name": "Unova",
		"location": "Route 14",
		"min_level": 49,
		"max_level": 49,
		"rarity": "Uncommon"
	},
	{
		"type": "Dark Grass",
		"region_id": 2,
		"region_name": "Unova",
		"location": "Route 14",
		"min_level": 54,
		"max_level": 54,
		"rarity": "Uncommon"
	},
	{
		"type": "Shadow",
		"region_id": 2,
		"region_name": "Unova",
		"location": "Victory Road",
		"min_level": 45,
		"max_level": 48,
		"rarity": "Special"
	},
	{
		"type": "Shadow",
		"region_id": 2,
		"region_name": "Unova",
		"location": "Village Bridge",
		"min_level": 60,
		"max_level": 65,
		"rarity": "Special"
	}
]
}