{
"id": 338,
"name": "Solrock",
"exp_type": "FAST",
"obtainable": true,
"gender_ratio": 255,
"height": 12,
"weight": 1540,
"egg_groups": [
	"genderless"
],
"abilities": [
	{
		"id": 26,
		"name": "Levitate"
	},
	{
		"id": 26,
		"name": "Levitate"
	},
	{
		"id": 0,
		"name": "--"
	}
],
"forms": [
	{
		"form_id": 0,
		"id": 338,
		"name": "Solrock"
	}
],
"evolutions": [],
"moves": [
	{
		"id": 33,
		"name": "Tackle",
		"type": "level",
		"level": 1
	},
	{
		"id": 88,
		"name": "Rock Throw",
		"type": "level",
		"level": 1
	},
	{
		"id": 93,
		"name": "Confusion",
		"type": "level",
		"level": 1
	},
	{
		"id": 106,
		"name": "Harden",
		"type": "level",
		"level": 1
	},
	{
		"id": 234,
		"name": "Morning Sun",
		"type": "level",
		"level": 1
	},
	{
		"id": 394,
		"name": "Flare Blitz",
		"type": "level",
		"level": 1
	},
	{
		"id": 83,
		"name": "Fire Spin",
		"type": "level",
		"level": 5
	},
	{
		"id": 95,
		"name": "Hypnosis",
		"type": "level",
		"level": 5
	},
	{
		"id": 397,
		"name": "Rock Polish",
		"type": "level",
		"level": 10
	},
	{
		"id": 149,
		"name": "Psywave",
		"type": "level",
		"level": 13
	},
	{
		"id": 157,
		"name": "Rock Slide",
		"type": "level",
		"level": 15
	},
	{
		"id": 373,
		"name": "Embargo",
		"type": "level",
		"level": 17
	},
	{
		"id": 428,
		"name": "Zen Headbutt",
		"type": "level",
		"level": 20
	},
	{
		"id": 322,
		"name": "Cosmic Power",
		"type": "level",
		"level": 25
	},
	{
		"id": 94,
		"name": "Psychic",
		"type": "level",
		"level": 30
	},
	{
		"id": 377,
		"name": "Heal Block",
		"type": "level",
		"level": 33
	},
	{
		"id": 444,
		"name": "Stone Edge",
		"type": "level",
		"level": 35
	},
	{
		"id": 76,
		"name": "SolarBeam",
		"type": "level",
		"level": 40
	},
	{
		"id": 472,
		"name": "Wonder Room",
		"type": "level",
		"level": 45
	},
	{
		"id": 153,
		"name": "Explosion",
		"type": "level",
		"level": 50
	},
	{
		"id": 111,
		"name": "Defense Curl",
		"type": "move_tutor"
	},
	{
		"id": 246,
		"name": "AncientPower",
		"type": "move_tutor"
	},
	{
		"id": 220,
		"name": "Pain Split",
		"type": "move_tutor"
	},
	{
		"id": 472,
		"name": "Wonder Room",
		"type": "move_tutor"
	},
	{
		"id": 173,
		"name": "Snore",
		"type": "move_tutor"
	},
	{
		"id": 95,
		"name": "Hypnosis",
		"type": "move_tutor"
	},
	{
		"id": 324,
		"name": "Signal Beam",
		"type": "move_tutor"
	},
	{
		"id": 277,
		"name": "Magic Coat",
		"type": "move_tutor"
	},
	{
		"id": 153,
		"name": "Explosion",
		"type": "move_learner_tools"
	},
	{
		"id": 270,
		"name": "Helping Hand",
		"type": "move_learner_tools"
	},
	{
		"id": 322,
		"name": "Cosmic Power",
		"type": "move_learner_tools"
	},
	{
		"id": 360,
		"name": "Gyro Ball",
		"type": "move_learner_tools"
	},
	{
		"id": 157,
		"name": "Rock Slide",
		"type": "move_learner_tools"
	},
	{
		"id": 156,
		"name": "Rest",
		"type": "move_learner_tools"
	},
	{
		"id": 317,
		"name": "Rock Tomb",
		"type": "move_learner_tools"
	},
	{
		"id": 479,
		"name": "Smack Down",
		"type": "move_learner_tools"
	},
	{
		"id": 315,
		"name": "Overheat",
		"type": "move_learner_tools"
	},
	{
		"id": 477,
		"name": "Telekinesis",
		"type": "move_learner_tools"
	},
	{
		"id": 149,
		"name": "Psywave",
		"type": "move_learner_tools"
	},
	{
		"id": 311,
		"name": "Weather Ball",
		"type": "move_learner_tools"
	},
	{
		"id": 473,
		"name": "Psyshock",
		"type": "move_learner_tools"
	},
	{
		"id": 138,
		"name": "Dream Eater",
		"type": "move_learner_tools"
	},
	{
		"id": 63,
		"name": "Hyper Beam",
		"type": "move_learner_tools"
	},
	{
		"id": 347,
		"name": "Calm Mind",
		"type": "move_learner_tools"
	},
	{
		"id": 129,
		"name": "Swift",
		"type": "move_learner_tools"
	},
	{
		"id": 290,
		"name": "Secret Power",
		"type": "move_learner_tools"
	},
	{
		"id": 126,
		"name": "Fire Blast",
		"type": "move_learner_tools"
	},
	{
		"id": 451,
		"name": "Charge Beam",
		"type": "move_learner_tools"
	},
	{
		"id": 38,
		"name": "Double-Edge",
		"type": "move_learner_tools"
	},
	{
		"id": 285,
		"name": "Skill Swap",
		"type": "move_learner_tools"
	},
	{
		"id": 447,
		"name": "Grass Knot",
		"type": "move_learner_tools"
	},
	{
		"id": 446,
		"name": "Stealth Rock",
		"type": "move_learner_tools"
	},
	{
		"id": 444,
		"name": "Stone Edge",
		"type": "move_learner_tools"
	},
	{
		"id": 442,
		"name": "Iron Head",
		"type": "move_learner_tools"
	},
	{
		"id": 278,
		"name": "Recycle",
		"type": "move_learner_tools"
	},
	{
		"id": 113,
		"name": "Light Screen",
		"type": "move_learner_tools"
	},
	{
		"id": 53,
		"name": "Flamethrower",
		"type": "move_learner_tools"
	},
	{
		"id": 433,
		"name": "Trick Room",
		"type": "move_learner_tools"
	},
	{
		"id": 104,
		"name": "Double Team",
		"type": "move_learner_tools"
	},
	{
		"id": 428,
		"name": "Zen Headbutt",
		"type": "move_learner_tools"
	},
	{
		"id": 263,
		"name": "Facade",
		"type": "move_learner_tools"
	},
	{
		"id": 261,
		"name": "Will-O-Wisp",
		"type": "move_learner_tools"
	},
	{
		"id": 257,
		"name": "Heat Wave",
		"type": "move_learner_tools"
	},
	{
		"id": 92,
		"name": "Toxic",
		"type": "move_learner_tools"
	},
	{
		"id": 416,
		"name": "Giga Impact",
		"type": "move_learner_tools"
	},
	{
		"id": 89,
		"name": "Earthquake",
		"type": "move_learner_tools"
	},
	{
		"id": 414,
		"name": "Earth Power",
		"type": "move_learner_tools"
	},
	{
		"id": 247,
		"name": "Shadow Ball",
		"type": "move_learner_tools"
	},
	{
		"id": 83,
		"name": "Fire Spin",
		"type": "move_learner_tools"
	},
	{
		"id": 244,
		"name": "Psych Up",
		"type": "move_learner_tools"
	},
	{
		"id": 241,
		"name": "Sunny Day",
		"type": "move_learner_tools"
	},
	{
		"id": 240,
		"name": "Rain Dance",
		"type": "move_learner_tools"
	},
	{
		"id": 76,
		"name": "SolarBeam",
		"type": "move_learner_tools"
	},
	{
		"id": 237,
		"name": "Hidden Power",
		"type": "move_learner_tools"
	},
	{
		"id": 397,
		"name": "Rock Polish",
		"type": "move_learner_tools"
	},
	{
		"id": 394,
		"name": "Flare Blitz",
		"type": "move_learner_tools"
	},
	{
		"id": 94,
		"name": "Psychic",
		"type": "move_learner_tools"
	},
	{
		"id": 226,
		"name": "Baton Pass",
		"type": "move_learner_tools"
	},
	{
		"id": 102,
		"name": "Mimic",
		"type": "move_learner_tools"
	},
	{
		"id": 384,
		"name": "Power Swap",
		"type": "move_learner_tools"
	},
	{
		"id": 34,
		"name": "Body Slam",
		"type": "move_learner_tools"
	},
	{
		"id": 219,
		"name": "Safeguard",
		"type": "move_learner_tools"
	},
	{
		"id": 218,
		"name": "Frustration",
		"type": "move_learner_tools"
	},
	{
		"id": 216,
		"name": "Return",
		"type": "move_learner_tools"
	},
	{
		"id": 214,
		"name": "Sleep Talk",
		"type": "move_learner_tools"
	},
	{
		"id": 373,
		"name": "Embargo",
		"type": "move_learner_tools"
	},
	{
		"id": 115,
		"name": "Reflect",
		"type": "move_learner_tools"
	},
	{
		"id": 207,
		"name": "Swagger",
		"type": "move_learner_tools"
	},
	{
		"id": 205,
		"name": "Rollout",
		"type": "move_learner_tools"
	},
	{
		"id": 120,
		"name": "Selfdestruct",
		"type": "move_learner_tools"
	},
	{
		"id": 203,
		"name": "Endure",
		"type": "move_learner_tools"
	},
	{
		"id": 201,
		"name": "Sandstorm",
		"type": "move_learner_tools"
	},
	{
		"id": 363,
		"name": "Natural Gift",
		"type": "move_learner_tools"
	},
	{
		"id": 523,
		"name": "Bulldoze",
		"type": "move_learner_tools"
	},
	{
		"id": 356,
		"name": "Gravity",
		"type": "move_learner_tools"
	},
	{
		"id": 148,
		"name": "Flash",
		"type": "move_learner_tools"
	},
	{
		"id": 350,
		"name": "Rock Blast",
		"type": "move_learner_tools"
	},
	{
		"id": 512,
		"name": "Acrobatics",
		"type": "move_learner_tools"
	},
	{
		"id": 510,
		"name": "Incinerate",
		"type": "move_learner_tools"
	},
	{
		"id": 182,
		"name": "Protect",
		"type": "move_learner_tools"
	},
	{
		"id": 14,
		"name": "Swords Dance",
		"type": "move_learner_tools"
	},
	{
		"id": 502,
		"name": "Ally Switch",
		"type": "move_learner_tools"
	},
	{
		"id": 500,
		"name": "Stored Power",
		"type": "move_learner_tools"
	},
	{
		"id": 334,
		"name": "Iron Defense",
		"type": "move_learner_tools"
	},
	{
		"id": 496,
		"name": "Round",
		"type": "move_learner_tools"
	},
	{
		"id": 328,
		"name": "Sand Tomb",
		"type": "move_learner_tools"
	},
	{
		"id": 164,
		"name": "Substitute",
		"type": "move_learner_tools"
	}
],
"types": [
	"ROCK",
	"PSYCHIC"
],
"stats": {
	"hp": 90,
	"attack": 95,
	"defense": 85,
	"speed": 70,
	"sp_attack": 55,
	"sp_defense": 65
},
"yields": {
	"exp": 154,
	"ev_hp": 0,
	"ev_attack": 2,
	"ev_defense": 0,
	"ev_speed": 0,
	"ev_sp_attack": 0,
	"ev_sp_defense": 0
},
"tiers": [
	"Untiered"
],
"held_items": [
	{
		"id": 5080,
		"name": "Sun Stone"
	},
	{
		"id": 5090,
		"name": "Stardust"
	},
	{
		"id": 5583,
		"name": "Comet Shard"
	}
],
"locations": [
	{
		"type": "Cave",
		"region_id": 1,
		"region_name": "Hoenn",
		"location": "METEOR FALLS",
		"min_level": 14,
		"max_level": 45,
		"rarity": "Horde"
	},
	{
		"type": "Cave",
		"region_id": 1,
		"region_name": "Hoenn",
		"location": "METEOR FALLS",
		"min_level": 16,
		"max_level": 45,
		"rarity": "Common"
	},
	{
		"type": "Water",
		"region_id": 1,
		"region_name": "Hoenn",
		"location": "METEOR FALLS",
		"min_level": 20,
		"max_level": 40,
		"rarity": "Uncommon"
	},
	{
		"type": "Water",
		"region_id": 1,
		"region_name": "Hoenn",
		"location": "METEOR FALLS (Day/Morning)",
		"min_level": 20,
		"max_level": 40,
		"rarity": "Horde"
	},
	{
		"type": "Grass",
		"region_id": 2,
		"region_name": "Unova",
		"location": "Giant Chasm",
		"min_level": 48,
		"max_level": 55,
		"rarity": "Uncommon"
	},
	{
		"type": "Cave",
		"region_id": 2,
		"region_name": "Unova",
		"location": "Giant Chasm",
		"min_level": 50,
		"max_level": 50,
		"rarity": "Uncommon"
	},
	{
		"type": "Cave",
		"region_id": 2,
		"region_name": "Unova",
		"location": "Giant Chasm",
		"min_level": 50,
		"max_level": 50,
		"rarity": "Uncommon"
	},
	{
		"type": "Cave",
		"region_id": 2,
		"region_name": "Unova",
		"location": "Giant Chasm",
		"min_level": 50,
		"max_level": 50,
		"rarity": "Uncommon"
	},
	{
		"type": "Cave",
		"region_id": 2,
		"region_name": "Unova",
		"location": "Giant Chasm",
		"min_level": 50,
		"max_level": 50,
		"rarity": "Uncommon"
	},
	{
		"type": "Grass",
		"region_id": 2,
		"region_name": "Unova",
		"location": "Giant Chasm (Day/Morning)",
		"min_level": 50,
		"max_level": 52,
		"rarity": "Horde"
	},
	{
		"type": "Dark Grass",
		"region_id": 2,
		"region_name": "Unova",
		"location": "Giant Chasm",
		"min_level": 53,
		"max_level": 60,
		"rarity": "Uncommon"
	},
	{
		"type": "Grass",
		"region_id": 2,
		"region_name": "Unova",
		"location": "Route 13",
		"min_level": 48,
		"max_level": 48,
		"rarity": "Uncommon"
	},
	{
		"type": "Grass",
		"region_id": 2,
		"region_name": "Unova",
		"location": "Route 13 (Day/Morning)",
		"min_level": 46,
		"max_level": 47,
		"rarity": "Horde"
	},
	{
		"type": "Dark Grass",
		"region_id": 2,
		"region_name": "Unova",
		"location": "Route 13",
		"min_level": 53,
		"max_level": 53,
		"rarity": "Uncommon"
	},
	{
		"type": "Dark Grass",
		"region_id": 2,
		"region_name": "Unova",
		"location": "Route 13 (Day/Morning)",
		"min_level": 50,
		"max_level": 52,
		"rarity": "Horde"
	}
]
}