{
"id": 350,
"name": "Milotic",
"exp_type": "ERRATIC",
"obtainable": true,
"gender_ratio": 127,
"height": 62,
"weight": 1620,
"egg_groups": [
	"water a",
	"dragon"
],
"abilities": [
	{
		"id": 63,
		"name": "Marvel Scale"
	},
	{
		"id": 545,
		"name": "Competitive"
	},
	{
		"id": 56,
		"name": "Cute Charm"
	}
],
"forms": [
	{
		"form_id": 0,
		"id": 350,
		"name": "Milotic"
	}
],
"evolutions": [],
"moves": [
	{
		"id": 33,
		"name": "Tackle",
		"type": "level",
		"level": 1
	},
	{
		"id": 35,
		"name": "Wrap",
		"type": "level",
		"level": 1
	},
	{
		"id": 55,
		"name": "Water Gun",
		"type": "level",
		"level": 1
	},
	{
		"id": 150,
		"name": "Splash",
		"type": "level",
		"level": 1
	},
	{
		"id": 175,
		"name": "Flail",
		"type": "level",
		"level": 1
	},
	{
		"id": 287,
		"name": "Refresh",
		"type": "level",
		"level": 1
	},
	{
		"id": 346,
		"name": "Water Sport",
		"type": "level",
		"level": 1
	},
	{
		"id": 352,
		"name": "Water Pulse",
		"type": "level",
		"level": 1
	},
	{
		"id": 346,
		"name": "Water Sport",
		"type": "level",
		"level": 4
	},
	{
		"id": 287,
		"name": "Refresh",
		"type": "level",
		"level": 7
	},
	{
		"id": 239,
		"name": "Twister",
		"type": "level",
		"level": 8
	},
	{
		"id": 392,
		"name": "Aqua Ring",
		"type": "level",
		"level": 12
	},
	{
		"id": 213,
		"name": "Attract",
		"type": "level",
		"level": 16
	},
	{
		"id": 445,
		"name": "Captivate",
		"type": "level",
		"level": 21
	},
	{
		"id": 525,
		"name": "Dragon Tail",
		"type": "level",
		"level": 24
	},
	{
		"id": 105,
		"name": "Recover",
		"type": "level",
		"level": 28
	},
	{
		"id": 401,
		"name": "Aqua Tail",
		"type": "level",
		"level": 32
	},
	{
		"id": 219,
		"name": "Safeguard",
		"type": "level",
		"level": 36
	},
	{
		"id": 352,
		"name": "Water Pulse",
		"type": "level",
		"level": 36
	},
	{
		"id": 57,
		"name": "Surf",
		"type": "level",
		"level": 40
	},
	{
		"id": 240,
		"name": "Rain Dance",
		"type": "level",
		"level": 44
	},
	{
		"id": 489,
		"name": "Coil",
		"type": "level",
		"level": 48
	},
	{
		"id": 56,
		"name": "Hydro Pump",
		"type": "level",
		"level": 52
	},
	{
		"id": 20,
		"name": "Bind",
		"type": "move_tutor"
	},
	{
		"id": 173,
		"name": "Snore",
		"type": "move_tutor"
	},
	{
		"id": 401,
		"name": "Aqua Tail",
		"type": "move_tutor"
	},
	{
		"id": 239,
		"name": "Twister",
		"type": "move_tutor"
	},
	{
		"id": 95,
		"name": "Hypnosis",
		"type": "move_tutor"
	},
	{
		"id": 277,
		"name": "Magic Coat",
		"type": "move_tutor"
	},
	{
		"id": 114,
		"name": "Haze",
		"type": "move_learner_tools"
	},
	{
		"id": 225,
		"name": "DragonBreath",
		"type": "move_learner_tools"
	},
	{
		"id": 270,
		"name": "Helping Hand",
		"type": "move_learner_tools"
	},
	{
		"id": 406,
		"name": "Dragon Pulse",
		"type": "move_learner_tools"
	},
	{
		"id": 129,
		"name": "Swift",
		"type": "move_learner_tools"
	},
	{
		"id": 127,
		"name": "Waterfall",
		"type": "move_learner_tools"
	},
	{
		"id": 263,
		"name": "Facade",
		"type": "move_learner_tools"
	},
	{
		"id": 56,
		"name": "Hydro Pump",
		"type": "move_learner_tools"
	},
	{
		"id": 258,
		"name": "Snowscape",
		"type": "move_learner_tools"
	},
	{
		"id": 525,
		"name": "Dragon Tail",
		"type": "move_learner_tools"
	},
	{
		"id": 250,
		"name": "Whirlpool",
		"type": "move_learner_tools"
	},
	{
		"id": 523,
		"name": "Bulldoze",
		"type": "move_learner_tools"
	},
	{
		"id": 109,
		"name": "Confuse Ray",
		"type": "move_learner_tools"
	},
	{
		"id": 244,
		"name": "Psych Up",
		"type": "move_learner_tools"
	},
	{
		"id": 104,
		"name": "Double Team",
		"type": "move_learner_tools"
	},
	{
		"id": 240,
		"name": "Rain Dance",
		"type": "move_learner_tools"
	},
	{
		"id": 102,
		"name": "Mimic",
		"type": "move_learner_tools"
	},
	{
		"id": 34,
		"name": "Body Slam",
		"type": "move_learner_tools"
	},
	{
		"id": 237,
		"name": "Hidden Power",
		"type": "move_learner_tools"
	},
	{
		"id": 231,
		"name": "Iron Tail",
		"type": "move_learner_tools"
	},
	{
		"id": 59,
		"name": "Blizzard",
		"type": "move_learner_tools"
	},
	{
		"id": 503,
		"name": "Scald",
		"type": "move_learner_tools"
	},
	{
		"id": 363,
		"name": "Natural Gift",
		"type": "move_learner_tools"
	},
	{
		"id": 362,
		"name": "Brine",
		"type": "move_learner_tools"
	},
	{
		"id": 496,
		"name": "Round",
		"type": "move_learner_tools"
	},
	{
		"id": 219,
		"name": "Safeguard",
		"type": "move_learner_tools"
	},
	{
		"id": 218,
		"name": "Frustration",
		"type": "move_learner_tools"
	},
	{
		"id": 216,
		"name": "Return",
		"type": "move_learner_tools"
	},
	{
		"id": 352,
		"name": "Water Pulse",
		"type": "move_learner_tools"
	},
	{
		"id": 214,
		"name": "Sleep Talk",
		"type": "move_learner_tools"
	},
	{
		"id": 213,
		"name": "Attract",
		"type": "move_learner_tools"
	},
	{
		"id": 349,
		"name": "Dragon Dance",
		"type": "move_learner_tools"
	},
	{
		"id": 207,
		"name": "Swagger",
		"type": "move_learner_tools"
	},
	{
		"id": 341,
		"name": "Mud Shot",
		"type": "move_learner_tools"
	},
	{
		"id": 203,
		"name": "Endure",
		"type": "move_learner_tools"
	},
	{
		"id": 63,
		"name": "Hyper Beam",
		"type": "move_learner_tools"
	},
	{
		"id": 196,
		"name": "Icy Wind",
		"type": "move_learner_tools"
	},
	{
		"id": 58,
		"name": "Ice Beam",
		"type": "move_learner_tools"
	},
	{
		"id": 57,
		"name": "Surf",
		"type": "move_learner_tools"
	},
	{
		"id": 330,
		"name": "Muddy Water",
		"type": "move_learner_tools"
	},
	{
		"id": 55,
		"name": "Water Gun",
		"type": "move_learner_tools"
	},
	{
		"id": 189,
		"name": "Mud-Slap",
		"type": "move_learner_tools"
	},
	{
		"id": 182,
		"name": "Protect",
		"type": "move_learner_tools"
	},
	{
		"id": 92,
		"name": "Toxic",
		"type": "move_learner_tools"
	},
	{
		"id": 38,
		"name": "Double-Edge",
		"type": "move_learner_tools"
	},
	{
		"id": 311,
		"name": "Weather Ball",
		"type": "move_learner_tools"
	},
	{
		"id": 36,
		"name": "Take Down",
		"type": "move_learner_tools"
	},
	{
		"id": 445,
		"name": "Captivate",
		"type": "move_learner_tools"
	},
	{
		"id": 442,
		"name": "Iron Head",
		"type": "move_learner_tools"
	},
	{
		"id": 164,
		"name": "Substitute",
		"type": "move_learner_tools"
	},
	{
		"id": 113,
		"name": "Light Screen",
		"type": "move_learner_tools"
	},
	{
		"id": 156,
		"name": "Rest",
		"type": "move_learner_tools"
	},
	{
		"id": 291,
		"name": "Dive",
		"type": "move_learner_tools"
	},
	{
		"id": 290,
		"name": "Secret Power",
		"type": "move_learner_tools"
	},
	{
		"id": 286,
		"name": "Imprison",
		"type": "move_learner_tools"
	},
	{
		"id": 419,
		"name": "Avalanche",
		"type": "move_learner_tools"
	},
	{
		"id": 416,
		"name": "Giga Impact",
		"type": "move_learner_tools"
	},
	{
		"id": 352,
		"name": "Water Pulse",
		"type": "on_evolution"
	}
],
"types": [
	"WATER",
	"WATER"
],
"stats": {
	"hp": 95,
	"attack": 60,
	"defense": 79,
	"speed": 81,
	"sp_attack": 100,
	"sp_defense": 125
},
"yields": {
	"exp": 189,
	"ev_hp": 0,
	"ev_attack": 0,
	"ev_defense": 0,
	"ev_speed": 0,
	"ev_sp_attack": 0,
	"ev_sp_defense": 2
},
"tiers": [
	"Never Used"
],
"held_items": [],
"locations": []
}