{
"id": 355,
"name": "Duskull",
"exp_type": "FAST",
"obtainable": true,
"gender_ratio": 127,
"height": 8,
"weight": 150,
"egg_groups": [
	"chaos"
],
"abilities": [
	{
		"id": 26,
		"name": "Levitate"
	},
	{
		"id": 26,
		"name": "Levitate"
	},
	{
		"id": 119,
		"name": "Frisk"
	}
],
"forms": [
	{
		"form_id": 0,
		"id": 355,
		"name": "Duskull"
	}
],
"evolutions": [
	{
		"id": 356,
		"name": "Dusclops",
		"type": "LEVEL",
		"val": 37
	}
],
"moves": [
	{
		"id": 43,
		"name": "Leer",
		"type": "level",
		"level": 1
	},
	{
		"id": 101,
		"name": "Night Shade",
		"type": "level",
		"level": 1
	},
	{
		"id": 310,
		"name": "Astonish",
		"type": "level",
		"level": 1
	},
	{
		"id": 71,
		"name": "Absorb",
		"type": "level",
		"level": 1
	},
	{
		"id": 50,
		"name": "Disable",
		"type": "level",
		"level": 4
	},
	{
		"id": 425,
		"name": "Shadow Sneak",
		"type": "level",
		"level": 8
	},
	{
		"id": 310,
		"name": "Astonish",
		"type": "level",
		"level": 9
	},
	{
		"id": 109,
		"name": "Confuse Ray",
		"type": "level",
		"level": 12
	},
	{
		"id": 193,
		"name": "Foresight",
		"type": "level",
		"level": 14
	},
	{
		"id": 101,
		"name": "Night Shade",
		"type": "level",
		"level": 16
	},
	{
		"id": 141,
		"name": "Leech Life",
		"type": "level",
		"level": 18
	},
	{
		"id": 371,
		"name": "Payback",
		"type": "level",
		"level": 20
	},
	{
		"id": 228,
		"name": "Pursuit",
		"type": "level",
		"level": 22
	},
	{
		"id": 261,
		"name": "Will-O-Wisp",
		"type": "level",
		"level": 24
	},
	{
		"id": 399,
		"name": "Dark Pulse",
		"type": "level",
		"level": 25
	},
	{
		"id": 212,
		"name": "Mean Look",
		"type": "level",
		"level": 28
	},
	{
		"id": 506,
		"name": "Hex",
		"type": "level",
		"level": 32
	},
	{
		"id": 174,
		"name": "Curse",
		"type": "level",
		"level": 36
	},
	{
		"id": 247,
		"name": "Shadow Ball",
		"type": "level",
		"level": 40
	},
	{
		"id": 94,
		"name": "Psychic",
		"type": "level",
		"level": 43
	},
	{
		"id": 248,
		"name": "Future Sight",
		"type": "level",
		"level": 44
	},
	{
		"id": 288,
		"name": "Grudge",
		"type": "egg_moves"
	},
	{
		"id": 194,
		"name": "Destiny Bond",
		"type": "egg_moves"
	},
	{
		"id": 262,
		"name": "Memento",
		"type": "egg_moves"
	},
	{
		"id": 389,
		"name": "Sucker Punch",
		"type": "move_tutor"
	},
	{
		"id": 220,
		"name": "Pain Split",
		"type": "move_tutor"
	},
	{
		"id": 472,
		"name": "Wonder Room",
		"type": "move_tutor"
	},
	{
		"id": 171,
		"name": "Nightmare",
		"type": "move_tutor"
	},
	{
		"id": 466,
		"name": "Ominous Wind",
		"type": "move_tutor"
	},
	{
		"id": 185,
		"name": "Faint Attack",
		"type": "move_tutor"
	},
	{
		"id": 173,
		"name": "Snore",
		"type": "move_tutor"
	},
	{
		"id": 104,
		"name": "Double Team",
		"type": "move_learner_tools"
	},
	{
		"id": 271,
		"name": "Trick",
		"type": "move_learner_tools"
	},
	{
		"id": 270,
		"name": "Helping Hand",
		"type": "move_learner_tools"
	},
	{
		"id": 269,
		"name": "Taunt",
		"type": "move_learner_tools"
	},
	{
		"id": 263,
		"name": "Facade",
		"type": "move_learner_tools"
	},
	{
		"id": 399,
		"name": "Dark Pulse",
		"type": "move_learner_tools"
	},
	{
		"id": 261,
		"name": "Will-O-Wisp",
		"type": "move_learner_tools"
	},
	{
		"id": 259,
		"name": "Torment",
		"type": "move_learner_tools"
	},
	{
		"id": 148,
		"name": "Flash",
		"type": "move_learner_tools"
	},
	{
		"id": 114,
		"name": "Haze",
		"type": "move_learner_tools"
	},
	{
		"id": 248,
		"name": "Future Sight",
		"type": "move_learner_tools"
	},
	{
		"id": 247,
		"name": "Shadow Ball",
		"type": "move_learner_tools"
	},
	{
		"id": 109,
		"name": "Confuse Ray",
		"type": "move_learner_tools"
	},
	{
		"id": 244,
		"name": "Psych Up",
		"type": "move_learner_tools"
	},
	{
		"id": 241,
		"name": "Sunny Day",
		"type": "move_learner_tools"
	},
	{
		"id": 240,
		"name": "Rain Dance",
		"type": "move_learner_tools"
	},
	{
		"id": 102,
		"name": "Mimic",
		"type": "move_learner_tools"
	},
	{
		"id": 101,
		"name": "Night Shade",
		"type": "move_learner_tools"
	},
	{
		"id": 374,
		"name": "Fling",
		"type": "move_learner_tools"
	},
	{
		"id": 373,
		"name": "Embargo",
		"type": "move_learner_tools"
	},
	{
		"id": 34,
		"name": "Body Slam",
		"type": "move_learner_tools"
	},
	{
		"id": 371,
		"name": "Payback",
		"type": "move_learner_tools"
	},
	{
		"id": 506,
		"name": "Hex",
		"type": "move_learner_tools"
	},
	{
		"id": 94,
		"name": "Psychic",
		"type": "move_learner_tools"
	},
	{
		"id": 59,
		"name": "Blizzard",
		"type": "move_learner_tools"
	},
	{
		"id": 92,
		"name": "Toxic",
		"type": "move_learner_tools"
	},
	{
		"id": 502,
		"name": "Ally Switch",
		"type": "move_learner_tools"
	},
	{
		"id": 363,
		"name": "Natural Gift",
		"type": "move_learner_tools"
	},
	{
		"id": 496,
		"name": "Round",
		"type": "move_learner_tools"
	},
	{
		"id": 356,
		"name": "Gravity",
		"type": "move_learner_tools"
	},
	{
		"id": 218,
		"name": "Frustration",
		"type": "move_learner_tools"
	},
	{
		"id": 216,
		"name": "Return",
		"type": "move_learner_tools"
	},
	{
		"id": 214,
		"name": "Sleep Talk",
		"type": "move_learner_tools"
	},
	{
		"id": 213,
		"name": "Attract",
		"type": "move_learner_tools"
	},
	{
		"id": 347,
		"name": "Calm Mind",
		"type": "move_learner_tools"
	},
	{
		"id": 207,
		"name": "Swagger",
		"type": "move_learner_tools"
	},
	{
		"id": 477,
		"name": "Telekinesis",
		"type": "move_learner_tools"
	},
	{
		"id": 203,
		"name": "Endure",
		"type": "move_learner_tools"
	},
	{
		"id": 196,
		"name": "Icy Wind",
		"type": "move_learner_tools"
	},
	{
		"id": 58,
		"name": "Ice Beam",
		"type": "move_learner_tools"
	},
	{
		"id": 182,
		"name": "Protect",
		"type": "move_learner_tools"
	},
	{
		"id": 180,
		"name": "Spite",
		"type": "move_learner_tools"
	},
	{
		"id": 451,
		"name": "Charge Beam",
		"type": "move_learner_tools"
	},
	{
		"id": 38,
		"name": "Double-Edge",
		"type": "move_learner_tools"
	},
	{
		"id": 174,
		"name": "Curse",
		"type": "move_learner_tools"
	},
	{
		"id": 445,
		"name": "Captivate",
		"type": "move_learner_tools"
	},
	{
		"id": 168,
		"name": "Thief",
		"type": "move_learner_tools"
	},
	{
		"id": 237,
		"name": "Hidden Power",
		"type": "move_learner_tools"
	},
	{
		"id": 29,
		"name": "Headbutt",
		"type": "move_learner_tools"
	},
	{
		"id": 164,
		"name": "Substitute",
		"type": "move_learner_tools"
	},
	{
		"id": 433,
		"name": "Trick Room",
		"type": "move_learner_tools"
	},
	{
		"id": 156,
		"name": "Rest",
		"type": "move_learner_tools"
	},
	{
		"id": 290,
		"name": "Secret Power",
		"type": "move_learner_tools"
	},
	{
		"id": 289,
		"name": "Snatch",
		"type": "move_learner_tools"
	},
	{
		"id": 286,
		"name": "Imprison",
		"type": "move_learner_tools"
	},
	{
		"id": 285,
		"name": "Skill Swap",
		"type": "move_learner_tools"
	},
	{
		"id": 279,
		"name": "Revenge",
		"type": "move_learner_tools"
	},
	{
		"id": 141,
		"name": "Leech Life",
		"type": "move_learner_tools"
	},
	{
		"id": 138,
		"name": "Dream Eater",
		"type": "move_learner_tools"
	}
],
"types": [
	"GHOST",
	"GHOST"
],
"stats": {
	"hp": 20,
	"attack": 40,
	"defense": 90,
	"speed": 25,
	"sp_attack": 30,
	"sp_defense": 90
},
"yields": {
	"exp": 59,
	"ev_hp": 0,
	"ev_attack": 0,
	"ev_defense": 0,
	"ev_speed": 0,
	"ev_sp_attack": 0,
	"ev_sp_defense": 1
},
"tiers": [
	"Untiered"
],
"held_items": [
	{
		"id": 5325,
		"name": "Reaper Cloth"
	},
	{
		"id": 5247,
		"name": "Spell Tag"
	},
	{
		"id": 5196,
		"name": "Kasib Berry"
	}
],
"locations": [
	{
		"type": "Cave",
		"region_id": 0,
		"region_name": "Kanto",
		"location": "ALTERING CAVE",
		"min_level": 12,
		"max_level": 20,
		"rarity": "Very Rare"
	},
	{
		"type": "Cave",
		"region_id": 1,
		"region_name": "Hoenn",
		"location": "ALTERING CAVE",
		"min_level": 12,
		"max_level": 20,
		"rarity": "Very Rare"
	},
	{
		"type": "Inside",
		"region_id": 1,
		"region_name": "Hoenn",
		"location": "MT. PYRE",
		"min_level": 25,
		"max_level": 29,
		"rarity": "Horde"
	},
	{
		"type": "Inside",
		"region_id": 1,
		"region_name": "Hoenn",
		"location": "MT. PYRE",
		"min_level": 28,
		"max_level": 31,
		"rarity": "Very Common"
	},
	{
		"type": "Grass",
		"region_id": 1,
		"region_name": "Hoenn",
		"location": "MT. PYRE",
		"min_level": 28,
		"max_level": 31,
		"rarity": "Uncommon"
	},
	{
		"type": "Grass",
		"region_id": 1,
		"region_name": "Hoenn",
		"location": "ROUTE 121",
		"min_level": 27,
		"max_level": 29,
		"rarity": "Rare"
	},
	{
		"type": "Grass",
		"region_id": 1,
		"region_name": "Hoenn",
		"location": "ROUTE 123",
		"min_level": 28,
		"max_level": 30,
		"rarity": "Uncommon"
	},
	{
		"type": "Cave",
		"region_id": 3,
		"region_name": "Sinnoh",
		"location": "Route 209 (Night)",
		"min_level": 17,
		"max_level": 21,
		"rarity": "Uncommon"
	},
	{
		"type": "Grass",
		"region_id": 3,
		"region_name": "Sinnoh",
		"location": "Route 209 (Night)",
		"min_level": 18,
		"max_level": 19,
		"rarity": "Rare"
	},
	{
		"type": "Cave",
		"region_id": 3,
		"region_name": "Sinnoh",
		"location": "Route 209 (Night)",
		"min_level": 18,
		"max_level": 20,
		"rarity": "Horde"
	},
	{
		"type": "Inside",
		"region_id": 3,
		"region_name": "Sinnoh",
		"location": "Turnback Cave",
		"min_level": 44,
		"max_level": 64,
		"rarity": "Rare"
	}
]
}