{
"id": 358,
"name": "Chimecho",
"exp_type": "FAST",
"obtainable": true,
"gender_ratio": 127,
"height": 6,
"weight": 10,
"egg_groups": [
	"chaos"
],
"abilities": [
	{
		"id": 26,
		"name": "Levitate"
	},
	{
		"id": 26,
		"name": "Levitate"
	},
	{
		"id": 0,
		"name": "--"
	}
],
"forms": [
	{
		"form_id": 0,
		"id": 358,
		"name": "Chimecho"
	}
],
"evolutions": [],
"moves": [
	{
		"id": 35,
		"name": "Wrap",
		"type": "level",
		"level": 1
	},
	{
		"id": 45,
		"name": "Growl",
		"type": "level",
		"level": 1
	},
	{
		"id": 93,
		"name": "Confusion",
		"type": "level",
		"level": 1
	},
	{
		"id": 310,
		"name": "Astonish",
		"type": "level",
		"level": 1
	},
	{
		"id": 361,
		"name": "Healing Wish",
		"type": "level",
		"level": 1
	},
	{
		"id": 485,
		"name": "Synchronoise",
		"type": "level",
		"level": 1
	},
	{
		"id": 33,
		"name": "Tackle",
		"type": "level",
		"level": 1
	},
	{
		"id": 45,
		"name": "Growl",
		"type": "level",
		"level": 4
	},
	{
		"id": 310,
		"name": "Astonish",
		"type": "level",
		"level": 7
	},
	{
		"id": 93,
		"name": "Confusion",
		"type": "level",
		"level": 10
	},
	{
		"id": 466,
		"name": "Ominous Wind",
		"type": "level",
		"level": 11
	},
	{
		"id": 281,
		"name": "Yawn",
		"type": "level",
		"level": 13
	},
	{
		"id": 149,
		"name": "Psywave",
		"type": "level",
		"level": 16
	},
	{
		"id": 113,
		"name": "Light Screen",
		"type": "level",
		"level": 16
	},
	{
		"id": 500,
		"name": "Stored Power",
		"type": "level",
		"level": 16
	},
	{
		"id": 95,
		"name": "Hypnosis",
		"type": "level",
		"level": 18
	},
	{
		"id": 36,
		"name": "Take Down",
		"type": "level",
		"level": 19
	},
	{
		"id": 326,
		"name": "Extrasensory",
		"type": "level",
		"level": 22
	},
	{
		"id": 215,
		"name": "Heal Bell",
		"type": "level",
		"level": 27
	},
	{
		"id": 253,
		"name": "Uproar",
		"type": "level",
		"level": 32
	},
	{
		"id": 105,
		"name": "Recover",
		"type": "level",
		"level": 34
	},
	{
		"id": 219,
		"name": "Safeguard",
		"type": "level",
		"level": 37
	},
	{
		"id": 38,
		"name": "Double-Edge",
		"type": "level",
		"level": 42
	},
	{
		"id": 505,
		"name": "Heal Pulse",
		"type": "level",
		"level": 47
	},
	{
		"id": 485,
		"name": "Synchronoise",
		"type": "level",
		"level": 52
	},
	{
		"id": 94,
		"name": "Psychic",
		"type": "level",
		"level": 52
	},
	{
		"id": 361,
		"name": "Healing Wish",
		"type": "level",
		"level": 57
	},
	{
		"id": 273,
		"name": "Wish",
		"type": "egg_moves"
	},
	{
		"id": 195,
		"name": "Perish Song",
		"type": "egg_moves"
	},
	{
		"id": 50,
		"name": "Disable",
		"type": "egg_moves"
	},
	{
		"id": 20,
		"name": "Bind",
		"type": "move_tutor"
	},
	{
		"id": 387,
		"name": "Last Resort",
		"type": "move_tutor"
	},
	{
		"id": 173,
		"name": "Snore",
		"type": "move_tutor"
	},
	{
		"id": 171,
		"name": "Nightmare",
		"type": "move_tutor"
	},
	{
		"id": 215,
		"name": "Heal Bell",
		"type": "move_tutor"
	},
	{
		"id": 466,
		"name": "Ominous Wind",
		"type": "move_tutor"
	},
	{
		"id": 111,
		"name": "Defense Curl",
		"type": "move_tutor"
	},
	{
		"id": 95,
		"name": "Hypnosis",
		"type": "move_tutor"
	},
	{
		"id": 324,
		"name": "Signal Beam",
		"type": "move_tutor"
	},
	{
		"id": 277,
		"name": "Magic Coat",
		"type": "move_tutor"
	},
	{
		"id": 387,
		"name": "Last Resort",
		"type": "prevo_moves"
	},
	{
		"id": 494,
		"name": "Entrainment",
		"type": "prevo_moves"
	},
	{
		"id": 115,
		"name": "Reflect",
		"type": "move_learner_tools"
	},
	{
		"id": 282,
		"name": "Knock Off",
		"type": "move_learner_tools"
	},
	{
		"id": 322,
		"name": "Cosmic Power",
		"type": "move_learner_tools"
	},
	{
		"id": 156,
		"name": "Rest",
		"type": "move_learner_tools"
	},
	{
		"id": 477,
		"name": "Telekinesis",
		"type": "move_learner_tools"
	},
	{
		"id": 313,
		"name": "Fake Tears",
		"type": "move_learner_tools"
	},
	{
		"id": 149,
		"name": "Psywave",
		"type": "move_learner_tools"
	},
	{
		"id": 148,
		"name": "Flash",
		"type": "move_learner_tools"
	},
	{
		"id": 473,
		"name": "Psyshock",
		"type": "move_learner_tools"
	},
	{
		"id": 174,
		"name": "Curse",
		"type": "move_learner_tools"
	},
	{
		"id": 304,
		"name": "Hyper Voice",
		"type": "move_learner_tools"
	},
	{
		"id": 138,
		"name": "Dream Eater",
		"type": "move_learner_tools"
	},
	{
		"id": 129,
		"name": "Swift",
		"type": "move_learner_tools"
	},
	{
		"id": 290,
		"name": "Secret Power",
		"type": "move_learner_tools"
	},
	{
		"id": 289,
		"name": "Snatch",
		"type": "move_learner_tools"
	},
	{
		"id": 451,
		"name": "Charge Beam",
		"type": "move_learner_tools"
	},
	{
		"id": 286,
		"name": "Imprison",
		"type": "move_learner_tools"
	},
	{
		"id": 285,
		"name": "Skill Swap",
		"type": "move_learner_tools"
	},
	{
		"id": 447,
		"name": "Grass Knot",
		"type": "move_learner_tools"
	},
	{
		"id": 445,
		"name": "Captivate",
		"type": "move_learner_tools"
	},
	{
		"id": 278,
		"name": "Recycle",
		"type": "move_learner_tools"
	},
	{
		"id": 113,
		"name": "Light Screen",
		"type": "move_learner_tools"
	},
	{
		"id": 271,
		"name": "Trick",
		"type": "move_learner_tools"
	},
	{
		"id": 433,
		"name": "Trick Room",
		"type": "move_learner_tools"
	},
	{
		"id": 432,
		"name": "Defog",
		"type": "move_learner_tools"
	},
	{
		"id": 104,
		"name": "Double Team",
		"type": "move_learner_tools"
	},
	{
		"id": 428,
		"name": "Zen Headbutt",
		"type": "move_learner_tools"
	},
	{
		"id": 263,
		"name": "Facade",
		"type": "move_learner_tools"
	},
	{
		"id": 259,
		"name": "Torment",
		"type": "move_learner_tools"
	},
	{
		"id": 94,
		"name": "Psychic",
		"type": "move_learner_tools"
	},
	{
		"id": 92,
		"name": "Toxic",
		"type": "move_learner_tools"
	},
	{
		"id": 253,
		"name": "Uproar",
		"type": "move_learner_tools"
	},
	{
		"id": 412,
		"name": "Energy Ball",
		"type": "move_learner_tools"
	},
	{
		"id": 248,
		"name": "Future Sight",
		"type": "move_learner_tools"
	},
	{
		"id": 247,
		"name": "Shadow Ball",
		"type": "move_learner_tools"
	},
	{
		"id": 244,
		"name": "Psych Up",
		"type": "move_learner_tools"
	},
	{
		"id": 241,
		"name": "Sunny Day",
		"type": "move_learner_tools"
	},
	{
		"id": 240,
		"name": "Rain Dance",
		"type": "move_learner_tools"
	},
	{
		"id": 86,
		"name": "Thunder Wave",
		"type": "move_learner_tools"
	},
	{
		"id": 237,
		"name": "Hidden Power",
		"type": "move_learner_tools"
	},
	{
		"id": 555,
		"name": "Snarl",
		"type": "move_learner_tools"
	},
	{
		"id": 227,
		"name": "Encore",
		"type": "move_learner_tools"
	},
	{
		"id": 226,
		"name": "Baton Pass",
		"type": "move_learner_tools"
	},
	{
		"id": 60,
		"name": "Psybeam",
		"type": "move_learner_tools"
	},
	{
		"id": 102,
		"name": "Mimic",
		"type": "move_learner_tools"
	},
	{
		"id": 219,
		"name": "Safeguard",
		"type": "move_learner_tools"
	},
	{
		"id": 218,
		"name": "Frustration",
		"type": "move_learner_tools"
	},
	{
		"id": 213,
		"name": "Attract",
		"type": "move_learner_tools"
	},
	{
		"id": 216,
		"name": "Return",
		"type": "move_learner_tools"
	},
	{
		"id": 214,
		"name": "Sleep Talk",
		"type": "move_learner_tools"
	},
	{
		"id": 269,
		"name": "Taunt",
		"type": "move_learner_tools"
	},
	{
		"id": 270,
		"name": "Helping Hand",
		"type": "move_learner_tools"
	},
	{
		"id": 207,
		"name": "Swagger",
		"type": "move_learner_tools"
	},
	{
		"id": 205,
		"name": "Rollout",
		"type": "move_learner_tools"
	},
	{
		"id": 204,
		"name": "Charm",
		"type": "move_learner_tools"
	},
	{
		"id": 203,
		"name": "Endure",
		"type": "move_learner_tools"
	},
	{
		"id": 38,
		"name": "Double-Edge",
		"type": "move_learner_tools"
	},
	{
		"id": 363,
		"name": "Natural Gift",
		"type": "move_learner_tools"
	},
	{
		"id": 36,
		"name": "Take Down",
		"type": "move_learner_tools"
	},
	{
		"id": 196,
		"name": "Icy Wind",
		"type": "move_learner_tools"
	},
	{
		"id": 356,
		"name": "Gravity",
		"type": "move_learner_tools"
	},
	{
		"id": 351,
		"name": "Shock Wave",
		"type": "move_learner_tools"
	},
	{
		"id": 347,
		"name": "Calm Mind",
		"type": "move_learner_tools"
	},
	{
		"id": 182,
		"name": "Protect",
		"type": "move_learner_tools"
	},
	{
		"id": 502,
		"name": "Ally Switch",
		"type": "move_learner_tools"
	},
	{
		"id": 500,
		"name": "Stored Power",
		"type": "move_learner_tools"
	},
	{
		"id": 497,
		"name": "Echoed Voice",
		"type": "move_learner_tools"
	},
	{
		"id": 496,
		"name": "Round",
		"type": "move_learner_tools"
	},
	{
		"id": 164,
		"name": "Substitute",
		"type": "move_learner_tools"
	}
],
"types": [
	"PSYCHIC",
	"PSYCHIC"
],
"stats": {
	"hp": 75,
	"attack": 50,
	"defense": 80,
	"speed": 65,
	"sp_attack": 95,
	"sp_defense": 90
},
"yields": {
	"exp": 149,
	"ev_hp": 0,
	"ev_attack": 0,
	"ev_defense": 0,
	"ev_speed": 0,
	"ev_sp_attack": 1,
	"ev_sp_defense": 1
},
"tiers": [
	"Untiered"
],
"held_items": [
	{
		"id": 5224,
		"name": "Cleanse Tag"
	},
	{
		"id": 5218,
		"name": "Soothe Bell"
	},
	{
		"id": 5198,
		"name": "Colbur Berry"
	}
],
"locations": [
	{
		"type": "Grass",
		"region_id": 1,
		"region_name": "Hoenn",
		"location": "MT. PYRE",
		"min_level": 30,
		"max_level": 30,
		"rarity": "Very Rare"
	},
	{
		"type": "Grass",
		"region_id": 2,
		"region_name": "Unova",
		"location": "Abundant Shrine",
		"min_level": 47,
		"max_level": 49,
		"rarity": "Rare"
	},
	{
		"type": "Dark Grass",
		"region_id": 2,
		"region_name": "Unova",
		"location": "Abundant Shrine",
		"min_level": 52,
		"max_level": 54,
		"rarity": "Rare"
	},
	{
		"type": "Inside",
		"region_id": 2,
		"region_name": "Unova",
		"location": "Celestial Tower",
		"min_level": 32,
		"max_level": 32,
		"rarity": "Lure"
	},
	{
		"type": "Grass",
		"region_id": 2,
		"region_name": "Unova",
		"location": "Celestial Tower",
		"min_level": 32,
		"max_level": 32,
		"rarity": "Lure"
	},
	{
		"type": "Grass",
		"region_id": 3,
		"region_name": "Sinnoh",
		"location": "Lake Acuity",
		"min_level": 38,
		"max_level": 40,
		"rarity": "Rare"
	},
	{
		"type": "Grass",
		"region_id": 3,
		"region_name": "Sinnoh",
		"location": "Lake Valor",
		"min_level": 39,
		"max_level": 41,
		"rarity": "Rare"
	},
	{
		"type": "Cave",
		"region_id": 3,
		"region_name": "Sinnoh",
		"location": "Mt. Coronet",
		"min_level": 13,
		"max_level": 42,
		"rarity": "Rare"
	},
	{
		"type": "Grass",
		"region_id": 3,
		"region_name": "Sinnoh",
		"location": "Mt. Coronet",
		"min_level": 37,
		"max_level": 40,
		"rarity": "Rare"
	},
	{
		"type": "Cave",
		"region_id": 3,
		"region_name": "Sinnoh",
		"location": "Mt. Coronet",
		"min_level": 37,
		"max_level": 37,
		"rarity": "Horde"
	},
	{
		"type": "Grass",
		"region_id": 3,
		"region_name": "Sinnoh",
		"location": "Route 211",
		"min_level": 13,
		"max_level": 30,
		"rarity": "Rare"
	},
	{
		"type": "Grass",
		"region_id": 3,
		"region_name": "Sinnoh",
		"location": "Sendoff Spring",
		"min_level": 37,
		"max_level": 39,
		"rarity": "Rare"
	},
	{
		"type": "Inside",
		"region_id": 3,
		"region_name": "Sinnoh",
		"location": "Turnback Cave",
		"min_level": 44,
		"max_level": 66,
		"rarity": "Rare"
	}
]
}