{
"id": 361,
"name": "Snorunt",
"exp_type": "MEDIUM_FAST",
"obtainable": true,
"gender_ratio": 127,
"height": 7,
"weight": 168,
"egg_groups": [
	"fairy",
	"mineral"
],
"abilities": [
	{
		"id": 39,
		"name": "Inner Focus"
	},
	{
		"id": 115,
		"name": "Ice Body"
	},
	{
		"id": 141,
		"name": "Moody"
	}
],
"forms": [
	{
		"form_id": 0,
		"id": 361,
		"name": "Snorunt"
	}
],
"evolutions": [
	{
		"id": 362,
		"name": "Glalie",
		"type": "LEVEL",
		"val": 42
	},
	{
		"id": 478,
		"name": "Froslass",
		"type": "ITEM_FEMALE",
		"val": 5109,
		"item_name": "Dawn Stone"
	}
],
"moves": [
	{
		"id": 43,
		"name": "Leer",
		"type": "level",
		"level": 1
	},
	{
		"id": 181,
		"name": "Powder Snow",
		"type": "level",
		"level": 1
	},
	{
		"id": 310,
		"name": "Astonish",
		"type": "level",
		"level": 1
	},
	{
		"id": 29,
		"name": "Headbutt",
		"type": "level",
		"level": 1
	},
	{
		"id": 43,
		"name": "Leer",
		"type": "level",
		"level": 5
	},
	{
		"id": 104,
		"name": "Double Team",
		"type": "level",
		"level": 10
	},
	{
		"id": 420,
		"name": "Ice Shard",
		"type": "level",
		"level": 15
	},
	{
		"id": 182,
		"name": "Protect",
		"type": "level",
		"level": 20
	},
	{
		"id": 196,
		"name": "Icy Wind",
		"type": "level",
		"level": 25
	},
	{
		"id": 524,
		"name": "Frost Breath",
		"type": "level",
		"level": 30
	},
	{
		"id": 58,
		"name": "Ice Beam",
		"type": "level",
		"level": 34
	},
	{
		"id": 556,
		"name": "Icicle Crash",
		"type": "level",
		"level": 34
	},
	{
		"id": 44,
		"name": "Bite",
		"type": "level",
		"level": 35
	},
	{
		"id": 423,
		"name": "Ice Fang",
		"type": "level",
		"level": 40
	},
	{
		"id": 258,
		"name": "Snowscape",
		"type": "level",
		"level": 45
	},
	{
		"id": 29,
		"name": "Headbutt",
		"type": "level",
		"level": 50
	},
	{
		"id": 311,
		"name": "Weather Ball",
		"type": "level",
		"level": 50
	},
	{
		"id": 242,
		"name": "Crunch",
		"type": "level",
		"level": 55
	},
	{
		"id": 59,
		"name": "Blizzard",
		"type": "level",
		"level": 60
	},
	{
		"id": 50,
		"name": "Disable",
		"type": "egg_moves"
	},
	{
		"id": 415,
		"name": "Switcheroo",
		"type": "egg_moves"
	},
	{
		"id": 335,
		"name": "Block",
		"type": "move_tutor"
	},
	{
		"id": 173,
		"name": "Snore",
		"type": "move_tutor"
	},
	{
		"id": 47,
		"name": "Sing",
		"type": "special_moves"
	},
	{
		"id": 290,
		"name": "Secret Power",
		"type": "move_learner_tools"
	},
	{
		"id": 191,
		"name": "Spikes",
		"type": "move_learner_tools"
	},
	{
		"id": 216,
		"name": "Return",
		"type": "move_learner_tools"
	},
	{
		"id": 182,
		"name": "Protect",
		"type": "move_learner_tools"
	},
	{
		"id": 180,
		"name": "Spite",
		"type": "move_learner_tools"
	},
	{
		"id": 36,
		"name": "Take Down",
		"type": "move_learner_tools"
	},
	{
		"id": 270,
		"name": "Helping Hand",
		"type": "move_learner_tools"
	},
	{
		"id": 363,
		"name": "Natural Gift",
		"type": "move_learner_tools"
	},
	{
		"id": 117,
		"name": "Bide",
		"type": "move_learner_tools"
	},
	{
		"id": 263,
		"name": "Facade",
		"type": "move_learner_tools"
	},
	{
		"id": 214,
		"name": "Sleep Talk",
		"type": "move_learner_tools"
	},
	{
		"id": 258,
		"name": "Snowscape",
		"type": "move_learner_tools"
	},
	{
		"id": 352,
		"name": "Water Pulse",
		"type": "move_learner_tools"
	},
	{
		"id": 205,
		"name": "Rollout",
		"type": "move_learner_tools"
	},
	{
		"id": 156,
		"name": "Rest",
		"type": "move_learner_tools"
	},
	{
		"id": 58,
		"name": "Ice Beam",
		"type": "move_learner_tools"
	},
	{
		"id": 445,
		"name": "Captivate",
		"type": "move_learner_tools"
	},
	{
		"id": 247,
		"name": "Shadow Ball",
		"type": "move_learner_tools"
	},
	{
		"id": 164,
		"name": "Substitute",
		"type": "move_learner_tools"
	},
	{
		"id": 242,
		"name": "Crunch",
		"type": "move_learner_tools"
	},
	{
		"id": 240,
		"name": "Rain Dance",
		"type": "move_learner_tools"
	},
	{
		"id": 237,
		"name": "Hidden Power",
		"type": "move_learner_tools"
	},
	{
		"id": 333,
		"name": "Icicle Spear",
		"type": "move_learner_tools"
	},
	{
		"id": 148,
		"name": "Flash",
		"type": "move_learner_tools"
	},
	{
		"id": 524,
		"name": "Frost Breath",
		"type": "move_learner_tools"
	},
	{
		"id": 38,
		"name": "Double-Edge",
		"type": "move_learner_tools"
	},
	{
		"id": 59,
		"name": "Blizzard",
		"type": "move_learner_tools"
	},
	{
		"id": 423,
		"name": "Ice Fang",
		"type": "move_learner_tools"
	},
	{
		"id": 34,
		"name": "Body Slam",
		"type": "move_learner_tools"
	},
	{
		"id": 419,
		"name": "Avalanche",
		"type": "move_learner_tools"
	},
	{
		"id": 29,
		"name": "Headbutt",
		"type": "move_learner_tools"
	},
	{
		"id": 219,
		"name": "Safeguard",
		"type": "move_learner_tools"
	},
	{
		"id": 218,
		"name": "Frustration",
		"type": "move_learner_tools"
	},
	{
		"id": 313,
		"name": "Fake Tears",
		"type": "move_learner_tools"
	},
	{
		"id": 506,
		"name": "Hex",
		"type": "move_learner_tools"
	},
	{
		"id": 311,
		"name": "Weather Ball",
		"type": "move_learner_tools"
	},
	{
		"id": 213,
		"name": "Attract",
		"type": "move_learner_tools"
	},
	{
		"id": 113,
		"name": "Light Screen",
		"type": "move_learner_tools"
	},
	{
		"id": 207,
		"name": "Swagger",
		"type": "move_learner_tools"
	},
	{
		"id": 496,
		"name": "Round",
		"type": "move_learner_tools"
	},
	{
		"id": 203,
		"name": "Endure",
		"type": "move_learner_tools"
	},
	{
		"id": 104,
		"name": "Double Team",
		"type": "move_learner_tools"
	},
	{
		"id": 102,
		"name": "Mimic",
		"type": "move_learner_tools"
	},
	{
		"id": 92,
		"name": "Toxic",
		"type": "move_learner_tools"
	},
	{
		"id": 196,
		"name": "Icy Wind",
		"type": "move_learner_tools"
	}
],
"types": [
	"ICE",
	"ICE"
],
"stats": {
	"hp": 50,
	"attack": 50,
	"defense": 50,
	"speed": 50,
	"sp_attack": 50,
	"sp_defense": 50
},
"yields": {
	"exp": 60,
	"ev_hp": 1,
	"ev_attack": 0,
	"ev_defense": 0,
	"ev_speed": 0,
	"ev_sp_attack": 0,
	"ev_sp_defense": 0
},
"tiers": [
	"Untiered"
],
"held_items": [
	{
		"id": 5109,
		"name": "Dawn Stone"
	},
	{
		"id": 5199,
		"name": "Babiri Berry"
	}
],
"locations": [
	{
		"type": "Cave",
		"region_id": 1,
		"region_name": "Hoenn",
		"location": "SHOAL CAVE",
		"min_level": 31,
		"max_level": 34,
		"rarity": "Rare"
	},
	{
		"type": "Cave",
		"region_id": 1,
		"region_name": "Hoenn",
		"location": "SHOAL CAVE",
		"min_level": 31,
		"max_level": 34,
		"rarity": "Rare"
	},
	{
		"type": "Cave",
		"region_id": 1,
		"region_name": "Hoenn",
		"location": "SHOAL CAVE",
		"min_level": 31,
		"max_level": 34,
		"rarity": "Uncommon"
	},
	{
		"type": "Cave",
		"region_id": 1,
		"region_name": "Hoenn",
		"location": "SHOAL CAVE",
		"min_level": 31,
		"max_level": 32,
		"rarity": "Horde"
	},
	{
		"type": "Cave",
		"region_id": 1,
		"region_name": "Hoenn",
		"location": "SHOAL CAVE",
		"min_level": 31,
		"max_level": 32,
		"rarity": "Horde"
	},
	{
		"type": "Cave",
		"region_id": 1,
		"region_name": "Hoenn",
		"location": "SHOAL CAVE",
		"min_level": 31,
		"max_level": 32,
		"rarity": "Horde"
	},
	{
		"type": "Cave",
		"region_id": 1,
		"region_name": "Hoenn",
		"location": "SHOAL CAVE (Night/SEASON1)",
		"min_level": 31,
		"max_level": 34,
		"rarity": "Very Rare"
	},
	{
		"type": "Cave",
		"region_id": 1,
		"region_name": "Hoenn",
		"location": "SHOAL CAVE (Night/SEASON1)",
		"min_level": 31,
		"max_level": 32,
		"rarity": "Horde"
	},
	{
		"type": "Grass",
		"region_id": 3,
		"region_name": "Sinnoh",
		"location": "Acuity Lakefront (Night/SEASON0)",
		"min_level": 32,
		"max_level": 33,
		"rarity": "Uncommon"
	},
	{
		"type": "Grass",
		"region_id": 3,
		"region_name": "Sinnoh",
		"location": "Acuity Lakefront (Night/SEASON1)",
		"min_level": 32,
		"max_level": 33,
		"rarity": "Uncommon"
	},
	{
		"type": "Grass",
		"region_id": 3,
		"region_name": "Sinnoh",
		"location": "Acuity Lakefront (Night/SEASON2)",
		"min_level": 32,
		"max_level": 33,
		"rarity": "Uncommon"
	},
	{
		"type": "Grass",
		"region_id": 3,
		"region_name": "Sinnoh",
		"location": "Acuity Lakefront (Night/SEASON3)",
		"min_level": 32,
		"max_level": 33,
		"rarity": "Uncommon"
	},
	{
		"type": "Grass",
		"region_id": 3,
		"region_name": "Sinnoh",
		"location": "Lake Acuity (Night)",
		"min_level": 36,
		"max_level": 38,
		"rarity": "Horde"
	},
	{
		"type": "Grass",
		"region_id": 3,
		"region_name": "Sinnoh",
		"location": "Lake Acuity (Night/SEASON0)",
		"min_level": 39,
		"max_level": 40,
		"rarity": "Uncommon"
	},
	{
		"type": "Grass",
		"region_id": 3,
		"region_name": "Sinnoh",
		"location": "Lake Acuity (Night/SEASON1)",
		"min_level": 39,
		"max_level": 40,
		"rarity": "Uncommon"
	},
	{
		"type": "Grass",
		"region_id": 3,
		"region_name": "Sinnoh",
		"location": "Lake Acuity (Night/SEASON2)",
		"min_level": 39,
		"max_level": 40,
		"rarity": "Uncommon"
	},
	{
		"type": "Grass",
		"region_id": 3,
		"region_name": "Sinnoh",
		"location": "Lake Acuity (Night/SEASON3)",
		"min_level": 39,
		"max_level": 40,
		"rarity": "Uncommon"
	},
	{
		"type": "Grass",
		"region_id": 3,
		"region_name": "Sinnoh",
		"location": "Route 216 (Night/SEASON0)",
		"min_level": 33,
		"max_level": 33,
		"rarity": "Uncommon"
	},
	{
		"type": "Grass",
		"region_id": 3,
		"region_name": "Sinnoh",
		"location": "Route 216 (Night/SEASON1)",
		"min_level": 33,
		"max_level": 33,
		"rarity": "Uncommon"
	},
	{
		"type": "Grass",
		"region_id": 3,
		"region_name": "Sinnoh",
		"location": "Route 216 (Night/SEASON2)",
		"min_level": 33,
		"max_level": 33,
		"rarity": "Uncommon"
	},
	{
		"type": "Grass",
		"region_id": 3,
		"region_name": "Sinnoh",
		"location": "Route 216 (Night/SEASON3)",
		"min_level": 33,
		"max_level": 33,
		"rarity": "Uncommon"
	},
	{
		"type": "Grass",
		"region_id": 3,
		"region_name": "Sinnoh",
		"location": "Route 217 (Night/SEASON0)",
		"min_level": 32,
		"max_level": 33,
		"rarity": "Uncommon"
	},
	{
		"type": "Grass",
		"region_id": 3,
		"region_name": "Sinnoh",
		"location": "Route 217 (Night/SEASON1)",
		"min_level": 32,
		"max_level": 33,
		"rarity": "Uncommon"
	},
	{
		"type": "Grass",
		"region_id": 3,
		"region_name": "Sinnoh",
		"location": "Route 217 (Night/SEASON2)",
		"min_level": 32,
		"max_level": 33,
		"rarity": "Uncommon"
	},
	{
		"type": "Grass",
		"region_id": 3,
		"region_name": "Sinnoh",
		"location": "Route 217 (Night/SEASON3)",
		"min_level": 32,
		"max_level": 33,
		"rarity": "Uncommon"
	}
]
}