{
"id": 370,
"name": "Luvdisc",
"exp_type": "FAST",
"obtainable": true,
"gender_ratio": 191,
"height": 6,
"weight": 87,
"egg_groups": [
	"water b"
],
"abilities": [
	{
		"id": 33,
		"name": "Swift Swim"
	},
	{
		"id": 33,
		"name": "Swift Swim"
	},
	{
		"id": 93,
		"name": "Hydration"
	}
],
"forms": [
	{
		"form_id": 0,
		"id": 370,
		"name": "Luvdisc"
	}
],
"evolutions": [],
"moves": [
	{
		"id": 33,
		"name": "Tackle",
		"type": "level",
		"level": 1
	},
	{
		"id": 204,
		"name": "Charm",
		"type": "level",
		"level": 1
	},
	{
		"id": 55,
		"name": "Water Gun",
		"type": "level",
		"level": 4
	},
	{
		"id": 97,
		"name": "Agility",
		"type": "level",
		"level": 7
	},
	{
		"id": 381,
		"name": "Lucky Chant",
		"type": "level",
		"level": 13
	},
	{
		"id": 273,
		"name": "Wish",
		"type": "level",
		"level": 13
	},
	{
		"id": 352,
		"name": "Water Pulse",
		"type": "level",
		"level": 17
	},
	{
		"id": 213,
		"name": "Attract",
		"type": "level",
		"level": 20
	},
	{
		"id": 531,
		"name": "Heart Stamp",
		"type": "level",
		"level": 22
	},
	{
		"id": 362,
		"name": "Brine",
		"type": "level",
		"level": 22
	},
	{
		"id": 175,
		"name": "Flail",
		"type": "level",
		"level": 26
	},
	{
		"id": 186,
		"name": "Sweet Kiss",
		"type": "level",
		"level": 31
	},
	{
		"id": 36,
		"name": "Take Down",
		"type": "level",
		"level": 34
	},
	{
		"id": 445,
		"name": "Captivate",
		"type": "level",
		"level": 37
	},
	{
		"id": 392,
		"name": "Aqua Ring",
		"type": "level",
		"level": 40
	},
	{
		"id": 487,
		"name": "Soak",
		"type": "level",
		"level": 42
	},
	{
		"id": 56,
		"name": "Hydro Pump",
		"type": "level",
		"level": 46
	},
	{
		"id": 219,
		"name": "Safeguard",
		"type": "level",
		"level": 49
	},
	{
		"id": 505,
		"name": "Heal Pulse",
		"type": "egg_moves"
	},
	{
		"id": 300,
		"name": "Mud Sport",
		"type": "egg_moves"
	},
	{
		"id": 453,
		"name": "Aqua Jet",
		"type": "egg_moves"
	},
	{
		"id": 150,
		"name": "Splash",
		"type": "egg_moves"
	},
	{
		"id": 494,
		"name": "Entrainment",
		"type": "egg_moves"
	},
	{
		"id": 48,
		"name": "Supersonic",
		"type": "egg_moves"
	},
	{
		"id": 346,
		"name": "Water Sport",
		"type": "egg_moves"
	},
	{
		"id": 340,
		"name": "Bounce",
		"type": "move_tutor"
	},
	{
		"id": 173,
		"name": "Snore",
		"type": "move_tutor"
	},
	{
		"id": 58,
		"name": "Ice Beam",
		"type": "move_learner_tools"
	},
	{
		"id": 156,
		"name": "Rest",
		"type": "move_learner_tools"
	},
	{
		"id": 129,
		"name": "Swift",
		"type": "move_learner_tools"
	},
	{
		"id": 204,
		"name": "Charm",
		"type": "move_learner_tools"
	},
	{
		"id": 55,
		"name": "Water Gun",
		"type": "move_learner_tools"
	},
	{
		"id": 219,
		"name": "Safeguard",
		"type": "move_learner_tools"
	},
	{
		"id": 218,
		"name": "Frustration",
		"type": "move_learner_tools"
	},
	{
		"id": 59,
		"name": "Blizzard",
		"type": "move_learner_tools"
	},
	{
		"id": 216,
		"name": "Return",
		"type": "move_learner_tools"
	},
	{
		"id": 57,
		"name": "Surf",
		"type": "move_learner_tools"
	},
	{
		"id": 214,
		"name": "Sleep Talk",
		"type": "move_learner_tools"
	},
	{
		"id": 213,
		"name": "Attract",
		"type": "move_learner_tools"
	},
	{
		"id": 291,
		"name": "Dive",
		"type": "move_learner_tools"
	},
	{
		"id": 290,
		"name": "Secret Power",
		"type": "move_learner_tools"
	},
	{
		"id": 445,
		"name": "Captivate",
		"type": "move_learner_tools"
	},
	{
		"id": 207,
		"name": "Swagger",
		"type": "move_learner_tools"
	},
	{
		"id": 127,
		"name": "Waterfall",
		"type": "move_learner_tools"
	},
	{
		"id": 363,
		"name": "Natural Gift",
		"type": "move_learner_tools"
	},
	{
		"id": 362,
		"name": "Brine",
		"type": "move_learner_tools"
	},
	{
		"id": 203,
		"name": "Endure",
		"type": "move_learner_tools"
	},
	{
		"id": 56,
		"name": "Hydro Pump",
		"type": "move_learner_tools"
	},
	{
		"id": 36,
		"name": "Take Down",
		"type": "move_learner_tools"
	},
	{
		"id": 38,
		"name": "Double-Edge",
		"type": "move_learner_tools"
	},
	{
		"id": 196,
		"name": "Icy Wind",
		"type": "move_learner_tools"
	},
	{
		"id": 352,
		"name": "Water Pulse",
		"type": "move_learner_tools"
	},
	{
		"id": 503,
		"name": "Scald",
		"type": "move_learner_tools"
	},
	{
		"id": 263,
		"name": "Facade",
		"type": "move_learner_tools"
	},
	{
		"id": 104,
		"name": "Double Team",
		"type": "move_learner_tools"
	},
	{
		"id": 182,
		"name": "Protect",
		"type": "move_learner_tools"
	},
	{
		"id": 102,
		"name": "Mimic",
		"type": "move_learner_tools"
	},
	{
		"id": 496,
		"name": "Round",
		"type": "move_learner_tools"
	},
	{
		"id": 258,
		"name": "Snowscape",
		"type": "move_learner_tools"
	},
	{
		"id": 97,
		"name": "Agility",
		"type": "move_learner_tools"
	},
	{
		"id": 92,
		"name": "Toxic",
		"type": "move_learner_tools"
	},
	{
		"id": 244,
		"name": "Psych Up",
		"type": "move_learner_tools"
	},
	{
		"id": 164,
		"name": "Substitute",
		"type": "move_learner_tools"
	},
	{
		"id": 240,
		"name": "Rain Dance",
		"type": "move_learner_tools"
	},
	{
		"id": 237,
		"name": "Hidden Power",
		"type": "move_learner_tools"
	}
],
"types": [
	"WATER",
	"WATER"
],
"stats": {
	"hp": 43,
	"attack": 30,
	"defense": 55,
	"speed": 97,
	"sp_attack": 40,
	"sp_defense": 65
},
"yields": {
	"exp": 116,
	"ev_hp": 0,
	"ev_attack": 0,
	"ev_defense": 0,
	"ev_speed": 1,
	"ev_sp_attack": 0,
	"ev_sp_defense": 0
},
"tiers": [
	"Untiered"
],
"held_items": [
	{
		"id": 5093,
		"name": "Heart Scale"
	}
],
"locations": [
	{
		"type": "Good Rod",
		"region_id": 0,
		"region_name": "Kanto",
		"location": "ROUTE 19",
		"min_level": 10,
		"max_level": 25,
		"rarity": "Uncommon"
	},
	{
		"type": "Super Rod",
		"region_id": 0,
		"region_name": "Kanto",
		"location": "ROUTE 19",
		"min_level": 25,
		"max_level": 40,
		"rarity": "Very Common"
	},
	{
		"type": "Good Rod",
		"region_id": 1,
		"region_name": "Hoenn",
		"location": "EVER GRANDE CITY",
		"min_level": 15,
		"max_level": 30,
		"rarity": "Common"
	},
	{
		"type": "Super Rod",
		"region_id": 1,
		"region_name": "Hoenn",
		"location": "EVER GRANDE CITY",
		"min_level": 30,
		"max_level": 40,
		"rarity": "Very Common"
	},
	{
		"type": "Good Rod",
		"region_id": 1,
		"region_name": "Hoenn",
		"location": "ROUTE 128",
		"min_level": 15,
		"max_level": 30,
		"rarity": "Common"
	},
	{
		"type": "Super Rod",
		"region_id": 1,
		"region_name": "Hoenn",
		"location": "ROUTE 128",
		"min_level": 30,
		"max_level": 40,
		"rarity": "Very Common"
	},
	{
		"type": "Old Rod",
		"region_id": 2,
		"region_name": "Unova",
		"location": "Driftveil City",
		"min_level": 35,
		"max_level": 55,
		"rarity": "Uncommon"
	},
	{
		"type": "Fishing",
		"region_id": 2,
		"region_name": "Unova",
		"location": "Driftveil City",
		"min_level": 35,
		"max_level": 60,
		"rarity": "Special"
	},
	{
		"type": "Old Rod",
		"region_id": 2,
		"region_name": "Unova",
		"location": "Route 4",
		"min_level": 35,
		"max_level": 55,
		"rarity": "Uncommon"
	},
	{
		"type": "Fishing",
		"region_id": 2,
		"region_name": "Unova",
		"location": "Route 4",
		"min_level": 55,
		"max_level": 60,
		"rarity": "Special"
	},
	{
		"type": "Old Rod",
		"region_id": 2,
		"region_name": "Unova",
		"location": "Route 13",
		"min_level": 35,
		"max_level": 55,
		"rarity": "Very Common"
	},
	{
		"type": "Fishing",
		"region_id": 2,
		"region_name": "Unova",
		"location": "Route 13",
		"min_level": 55,
		"max_level": 60,
		"rarity": "Special"
	},
	{
		"type": "Old Rod",
		"region_id": 2,
		"region_name": "Unova",
		"location": "Undella Bay",
		"min_level": 35,
		"max_level": 55,
		"rarity": "Very Common"
	},
	{
		"type": "Fishing",
		"region_id": 2,
		"region_name": "Unova",
		"location": "Undella Bay",
		"min_level": 55,
		"max_level": 60,
		"rarity": "Special"
	},
	{
		"type": "Old Rod",
		"region_id": 2,
		"region_name": "Unova",
		"location": "Undella Town",
		"min_level": 35,
		"max_level": 55,
		"rarity": "Very Common"
	},
	{
		"type": "Fishing",
		"region_id": 2,
		"region_name": "Unova",
		"location": "Undella Town",
		"min_level": 55,
		"max_level": 60,
		"rarity": "Special"
	},
	{
		"type": "Super Rod",
		"region_id": 3,
		"region_name": "Sinnoh",
		"location": "Pokémon League",
		"min_level": 40,
		"max_level": 55,
		"rarity": "Very Common"
	},
	{
		"type": "Super Rod",
		"region_id": 3,
		"region_name": "Sinnoh",
		"location": "Route 224",
		"min_level": 40,
		"max_level": 55,
		"rarity": "Very Common"
	},
	{
		"type": "Good Rod",
		"region_id": 4,
		"region_name": "Johto",
		"location": "Route 47",
		"min_level": 20,
		"max_level": 20,
		"rarity": "Common"
	},
	{
		"type": "Good Rod",
		"region_id": 4,
		"region_name": "Johto",
		"location": "Route 47",
		"min_level": 20,
		"max_level": 20,
		"rarity": "Common"
	},
	{
		"type": "Good Rod",
		"region_id": 4,
		"region_name": "Johto",
		"location": "Route 47",
		"min_level": 20,
		"max_level": 20,
		"rarity": "Common"
	},
	{
		"type": "Super Rod",
		"region_id": 4,
		"region_name": "Johto",
		"location": "Route 47",
		"min_level": 40,
		"max_level": 40,
		"rarity": "Very Common"
	},
	{
		"type": "Super Rod",
		"region_id": 4,
		"region_name": "Johto",
		"location": "Route 47",
		"min_level": 40,
		"max_level": 40,
		"rarity": "Very Common"
	},
	{
		"type": "Super Rod",
		"region_id": 4,
		"region_name": "Johto",
		"location": "Route 47",
		"min_level": 40,
		"max_level": 40,
		"rarity": "Very Common"
	}
]
}