{
"id": 374,
"name": "Beldum",
"exp_type": "SLOW",
"obtainable": true,
"gender_ratio": 255,
"height": 6,
"weight": 952,
"egg_groups": [
	"genderless"
],
"abilities": [
	{
		"id": 29,
		"name": "Clear Body"
	},
	{
		"id": 29,
		"name": "Clear Body"
	},
	{
		"id": 135,
		"name": "Light Metal"
	}
],
"forms": [
	{
		"form_id": 0,
		"id": 374,
		"name": "Beldum"
	}
],
"evolutions": [
	{
		"id": 375,
		"name": "Metang",
		"type": "LEVEL",
		"val": 20
	}
],
"moves": [
	{
		"id": 33,
		"name": "Tackle",
		"type": "level",
		"level": 1
	},
	{
		"id": 36,
		"name": "Take Down",
		"type": "level",
		"level": 1
	},
	{
		"id": 428,
		"name": "Zen Headbutt",
		"type": "move_learner_tools"
	},
	{
		"id": 36,
		"name": "Take Down",
		"type": "move_learner_tools"
	},
	{
		"id": 334,
		"name": "Iron Defense",
		"type": "move_learner_tools"
	},
	{
		"id": 29,
		"name": "Headbutt",
		"type": "move_learner_tools"
	},
	{
		"id": 442,
		"name": "Iron Head",
		"type": "move_learner_tools"
	}
],
"types": [
	"STEEL",
	"PSYCHIC"
],
"stats": {
	"hp": 40,
	"attack": 55,
	"defense": 80,
	"speed": 30,
	"sp_attack": 35,
	"sp_defense": 60
},
"yields": {
	"exp": 60,
	"ev_hp": 0,
	"ev_attack": 0,
	"ev_defense": 1,
	"ev_speed": 0,
	"ev_sp_attack": 0,
	"ev_sp_defense": 0
},
"tiers": [
	"Untiered"
],
"held_items": [
	{
		"id": 5233,
		"name": "Metal Coat"
	}
],
"locations": [
	{
		"type": "Cave",
		"region_id": 1,
		"region_name": "Hoenn",
		"location": "METEOR FALLS",
		"min_level": 37,
		"max_level": 45,
		"rarity": "Very Rare"
	}
]
}