{
"id": 39,
"name": "Jigglypuff",
"exp_type": "FAST",
"obtainable": true,
"gender_ratio": 191,
"height": 5,
"weight": 55,
"egg_groups": [
	"fairy"
],
"abilities": [
	{
		"id": 56,
		"name": "Cute Charm"
	},
	{
		"id": 545,
		"name": "Competitive"
	},
	{
		"id": 132,
		"name": "Friend Guard"
	}
],
"forms": [
	{
		"form_id": 0,
		"id": 39,
		"name": "Jigglypuff"
	}
],
"evolutions": [
	{
		"id": 40,
		"name": "Wigglytuff",
		"type": "ITEM",
		"val": 5081,
		"item_name": "Moon Stone"
	}
],
"moves": [
	{
		"id": 1,
		"name": "Pound",
		"type": "level",
		"level": 1
	},
	{
		"id": 47,
		"name": "Sing",
		"type": "level",
		"level": 1
	},
	{
		"id": 50,
		"name": "Disable",
		"type": "level",
		"level": 1
	},
	{
		"id": 111,
		"name": "Defense Curl",
		"type": "level",
		"level": 1
	},
	{
		"id": 186,
		"name": "Sweet Kiss",
		"type": "level",
		"level": 1
	},
	{
		"id": 204,
		"name": "Charm",
		"type": "level",
		"level": 1
	},
	{
		"id": 383,
		"name": "Copycat",
		"type": "level",
		"level": 1
	},
	{
		"id": 111,
		"name": "Defense Curl",
		"type": "level",
		"level": 3
	},
	{
		"id": 497,
		"name": "Echoed Voice",
		"type": "level",
		"level": 4
	},
	{
		"id": 1,
		"name": "Pound",
		"type": "level",
		"level": 4
	},
	{
		"id": 343,
		"name": "Covet",
		"type": "level",
		"level": 8
	},
	{
		"id": 117,
		"name": "Bide",
		"type": "level",
		"level": 10
	},
	{
		"id": 254,
		"name": "Stockpile",
		"type": "level",
		"level": 12
	},
	{
		"id": 255,
		"name": "Spit Up",
		"type": "level",
		"level": 12
	},
	{
		"id": 256,
		"name": "Swallow",
		"type": "level",
		"level": 12
	},
	{
		"id": 3,
		"name": "DoubleSlap",
		"type": "level",
		"level": 12
	},
	{
		"id": 50,
		"name": "Disable",
		"type": "level",
		"level": 14
	},
	{
		"id": 496,
		"name": "Round",
		"type": "level",
		"level": 16
	},
	{
		"id": 156,
		"name": "Rest",
		"type": "level",
		"level": 18
	},
	{
		"id": 205,
		"name": "Rollout",
		"type": "level",
		"level": 20
	},
	{
		"id": 34,
		"name": "Body Slam",
		"type": "level",
		"level": 22
	},
	{
		"id": 102,
		"name": "Mimic",
		"type": "level",
		"level": 24
	},
	{
		"id": 358,
		"name": "Wake-Up Slap",
		"type": "level",
		"level": 27
	},
	{
		"id": 38,
		"name": "Double-Edge",
		"type": "level",
		"level": 28
	},
	{
		"id": 360,
		"name": "Gyro Ball",
		"type": "level",
		"level": 32
	},
	{
		"id": 304,
		"name": "Hyper Voice",
		"type": "level",
		"level": 36
	},
	{
		"id": 340,
		"name": "Bounce",
		"type": "move_tutor"
	},
	{
		"id": 277,
		"name": "Magic Coat",
		"type": "move_tutor"
	},
	{
		"id": 171,
		"name": "Nightmare",
		"type": "move_tutor"
	},
	{
		"id": 272,
		"name": "Role Play",
		"type": "move_tutor"
	},
	{
		"id": 173,
		"name": "Snore",
		"type": "move_tutor"
	},
	{
		"id": 185,
		"name": "Faint Attack",
		"type": "move_tutor"
	},
	{
		"id": 215,
		"name": "Heal Bell",
		"type": "move_tutor"
	},
	{
		"id": 387,
		"name": "Last Resort",
		"type": "move_tutor"
	},
	{
		"id": 111,
		"name": "Defense Curl",
		"type": "move_tutor"
	},
	{
		"id": 283,
		"name": "Endeavor",
		"type": "move_tutor"
	},
	{
		"id": 220,
		"name": "Pain Split",
		"type": "move_tutor"
	},
	{
		"id": 343,
		"name": "Covet",
		"type": "move_tutor"
	},
	{
		"id": 321,
		"name": "Tickle",
		"type": "special_moves"
	},
	{
		"id": 80,
		"name": "Petal Dance",
		"type": "special_moves"
	},
	{
		"id": 146,
		"name": "Dizzy Punch",
		"type": "special_moves"
	},
	{
		"id": 237,
		"name": "Hidden Power",
		"type": "move_learner_tools"
	},
	{
		"id": 270,
		"name": "Helping Hand",
		"type": "move_learner_tools"
	},
	{
		"id": 269,
		"name": "Taunt",
		"type": "move_learner_tools"
	},
	{
		"id": 8,
		"name": "Ice Punch",
		"type": "move_learner_tools"
	},
	{
		"id": 264,
		"name": "Focus Punch",
		"type": "move_learner_tools"
	},
	{
		"id": 263,
		"name": "Facade",
		"type": "move_learner_tools"
	},
	{
		"id": 5,
		"name": "Mega Punch",
		"type": "move_learner_tools"
	},
	{
		"id": 253,
		"name": "Uproar",
		"type": "move_learner_tools"
	},
	{
		"id": 528,
		"name": "Wild Charge",
		"type": "move_learner_tools"
	},
	{
		"id": 526,
		"name": "Work Up",
		"type": "move_learner_tools"
	},
	{
		"id": 247,
		"name": "Shadow Ball",
		"type": "move_learner_tools"
	},
	{
		"id": 244,
		"name": "Psych Up",
		"type": "move_learner_tools"
	},
	{
		"id": 241,
		"name": "Sunny Day",
		"type": "move_learner_tools"
	},
	{
		"id": 240,
		"name": "Rain Dance",
		"type": "move_learner_tools"
	},
	{
		"id": 36,
		"name": "Take Down",
		"type": "move_learner_tools"
	},
	{
		"id": 514,
		"name": "Retaliate",
		"type": "move_learner_tools"
	},
	{
		"id": 510,
		"name": "Incinerate",
		"type": "move_learner_tools"
	},
	{
		"id": 227,
		"name": "Encore",
		"type": "move_learner_tools"
	},
	{
		"id": 226,
		"name": "Baton Pass",
		"type": "move_learner_tools"
	},
	{
		"id": 502,
		"name": "Ally Switch",
		"type": "move_learner_tools"
	},
	{
		"id": 500,
		"name": "Stored Power",
		"type": "move_learner_tools"
	},
	{
		"id": 497,
		"name": "Echoed Voice",
		"type": "move_learner_tools"
	},
	{
		"id": 496,
		"name": "Round",
		"type": "move_learner_tools"
	},
	{
		"id": 218,
		"name": "Frustration",
		"type": "move_learner_tools"
	},
	{
		"id": 216,
		"name": "Return",
		"type": "move_learner_tools"
	},
	{
		"id": 214,
		"name": "Sleep Talk",
		"type": "move_learner_tools"
	},
	{
		"id": 213,
		"name": "Attract",
		"type": "move_learner_tools"
	},
	{
		"id": 207,
		"name": "Swagger",
		"type": "move_learner_tools"
	},
	{
		"id": 205,
		"name": "Rollout",
		"type": "move_learner_tools"
	},
	{
		"id": 204,
		"name": "Charm",
		"type": "move_learner_tools"
	},
	{
		"id": 203,
		"name": "Endure",
		"type": "move_learner_tools"
	},
	{
		"id": 201,
		"name": "Sandstorm",
		"type": "move_learner_tools"
	},
	{
		"id": 477,
		"name": "Telekinesis",
		"type": "move_learner_tools"
	},
	{
		"id": 197,
		"name": "Detect",
		"type": "move_learner_tools"
	},
	{
		"id": 473,
		"name": "Psyshock",
		"type": "move_learner_tools"
	},
	{
		"id": 192,
		"name": "Zap Cannon",
		"type": "move_learner_tools"
	},
	{
		"id": 189,
		"name": "Mud-Slap",
		"type": "move_learner_tools"
	},
	{
		"id": 184,
		"name": "Scary Face",
		"type": "move_learner_tools"
	},
	{
		"id": 182,
		"name": "Protect",
		"type": "move_learner_tools"
	},
	{
		"id": 451,
		"name": "Charge Beam",
		"type": "move_learner_tools"
	},
	{
		"id": 447,
		"name": "Grass Knot",
		"type": "move_learner_tools"
	},
	{
		"id": 446,
		"name": "Stealth Rock",
		"type": "move_learner_tools"
	},
	{
		"id": 445,
		"name": "Captivate",
		"type": "move_learner_tools"
	},
	{
		"id": 164,
		"name": "Substitute",
		"type": "move_learner_tools"
	},
	{
		"id": 161,
		"name": "Tri Attack",
		"type": "move_learner_tools"
	},
	{
		"id": 196,
		"name": "Icy Wind",
		"type": "move_learner_tools"
	},
	{
		"id": 156,
		"name": "Rest",
		"type": "move_learner_tools"
	},
	{
		"id": 428,
		"name": "Zen Headbutt",
		"type": "move_learner_tools"
	},
	{
		"id": 149,
		"name": "Psywave",
		"type": "move_learner_tools"
	},
	{
		"id": 148,
		"name": "Flash",
		"type": "move_learner_tools"
	},
	{
		"id": 417,
		"name": "Nasty Plot",
		"type": "move_learner_tools"
	},
	{
		"id": 138,
		"name": "Dream Eater",
		"type": "move_learner_tools"
	},
	{
		"id": 412,
		"name": "Energy Ball",
		"type": "move_learner_tools"
	},
	{
		"id": 70,
		"name": "Strength",
		"type": "move_learner_tools"
	},
	{
		"id": 133,
		"name": "Amnesia",
		"type": "move_learner_tools"
	},
	{
		"id": 409,
		"name": "Drain Punch",
		"type": "move_learner_tools"
	},
	{
		"id": 130,
		"name": "Skull Bash",
		"type": "move_learner_tools"
	},
	{
		"id": 129,
		"name": "Swift",
		"type": "move_learner_tools"
	},
	{
		"id": 126,
		"name": "Fire Blast",
		"type": "move_learner_tools"
	},
	{
		"id": 399,
		"name": "Dark Pulse",
		"type": "move_learner_tools"
	},
	{
		"id": 120,
		"name": "Selfdestruct",
		"type": "move_learner_tools"
	},
	{
		"id": 118,
		"name": "Metronome",
		"type": "move_learner_tools"
	},
	{
		"id": 117,
		"name": "Bide",
		"type": "move_learner_tools"
	},
	{
		"id": 115,
		"name": "Reflect",
		"type": "move_learner_tools"
	},
	{
		"id": 113,
		"name": "Light Screen",
		"type": "move_learner_tools"
	},
	{
		"id": 168,
		"name": "Thief",
		"type": "move_learner_tools"
	},
	{
		"id": 104,
		"name": "Double Team",
		"type": "move_learner_tools"
	},
	{
		"id": 103,
		"name": "Screech",
		"type": "move_learner_tools"
	},
	{
		"id": 102,
		"name": "Mimic",
		"type": "move_learner_tools"
	},
	{
		"id": 174,
		"name": "Curse",
		"type": "move_learner_tools"
	},
	{
		"id": 100,
		"name": "Teleport",
		"type": "move_learner_tools"
	},
	{
		"id": 99,
		"name": "Rage",
		"type": "move_learner_tools"
	},
	{
		"id": 374,
		"name": "Fling",
		"type": "move_learner_tools"
	},
	{
		"id": 94,
		"name": "Psychic",
		"type": "move_learner_tools"
	},
	{
		"id": 92,
		"name": "Toxic",
		"type": "move_learner_tools"
	},
	{
		"id": 91,
		"name": "Dig",
		"type": "move_learner_tools"
	},
	{
		"id": 87,
		"name": "Thunder",
		"type": "move_learner_tools"
	},
	{
		"id": 363,
		"name": "Natural Gift",
		"type": "move_learner_tools"
	},
	{
		"id": 85,
		"name": "Thunderbolt",
		"type": "move_learner_tools"
	},
	{
		"id": 360,
		"name": "Gyro Ball",
		"type": "move_learner_tools"
	},
	{
		"id": 356,
		"name": "Gravity",
		"type": "move_learner_tools"
	},
	{
		"id": 76,
		"name": "SolarBeam",
		"type": "move_learner_tools"
	},
	{
		"id": 352,
		"name": "Water Pulse",
		"type": "move_learner_tools"
	},
	{
		"id": 351,
		"name": "Shock Wave",
		"type": "move_learner_tools"
	},
	{
		"id": 347,
		"name": "Calm Mind",
		"type": "move_learner_tools"
	},
	{
		"id": 69,
		"name": "Seismic Toss",
		"type": "move_learner_tools"
	},
	{
		"id": 345,
		"name": "Magical Leaf",
		"type": "move_learner_tools"
	},
	{
		"id": 66,
		"name": "Submission",
		"type": "move_learner_tools"
	},
	{
		"id": 61,
		"name": "BubbleBeam",
		"type": "move_learner_tools"
	},
	{
		"id": 59,
		"name": "Blizzard",
		"type": "move_learner_tools"
	},
	{
		"id": 58,
		"name": "Ice Beam",
		"type": "move_learner_tools"
	},
	{
		"id": 219,
		"name": "Safeguard",
		"type": "move_learner_tools"
	},
	{
		"id": 55,
		"name": "Water Gun",
		"type": "move_learner_tools"
	},
	{
		"id": 53,
		"name": "Flamethrower",
		"type": "move_learner_tools"
	},
	{
		"id": 223,
		"name": "DynamicPunch",
		"type": "move_learner_tools"
	},
	{
		"id": 38,
		"name": "Double-Edge",
		"type": "move_learner_tools"
	},
	{
		"id": 313,
		"name": "Fake Tears",
		"type": "move_learner_tools"
	},
	{
		"id": 34,
		"name": "Body Slam",
		"type": "move_learner_tools"
	},
	{
		"id": 29,
		"name": "Headbutt",
		"type": "move_learner_tools"
	},
	{
		"id": 304,
		"name": "Hyper Voice",
		"type": "move_learner_tools"
	},
	{
		"id": 25,
		"name": "Mega Kick",
		"type": "move_learner_tools"
	},
	{
		"id": 86,
		"name": "Thunder Wave",
		"type": "move_learner_tools"
	},
	{
		"id": 290,
		"name": "Secret Power",
		"type": "move_learner_tools"
	},
	{
		"id": 289,
		"name": "Snatch",
		"type": "move_learner_tools"
	},
	{
		"id": 9,
		"name": "ThunderPunch",
		"type": "move_learner_tools"
	},
	{
		"id": 285,
		"name": "Skill Swap",
		"type": "move_learner_tools"
	},
	{
		"id": 7,
		"name": "Fire Punch",
		"type": "move_learner_tools"
	},
	{
		"id": 282,
		"name": "Knock Off",
		"type": "move_learner_tools"
	},
	{
		"id": 280,
		"name": "Brick Break",
		"type": "move_learner_tools"
	},
	{
		"id": 278,
		"name": "Recycle",
		"type": "move_learner_tools"
	},
	{
		"id": 68,
		"name": "Counter",
		"type": "move_learner_tools"
	}
],
"types": [
	"NORMAL",
	"NORMAL"
],
"stats": {
	"hp": 115,
	"attack": 45,
	"defense": 20,
	"speed": 20,
	"sp_attack": 45,
	"sp_defense": 25
},
"yields": {
	"exp": 95,
	"ev_hp": 2,
	"ev_attack": 0,
	"ev_defense": 0,
	"ev_speed": 0,
	"ev_sp_attack": 0,
	"ev_sp_defense": 0
},
"tiers": [
	"Untiered"
],
"held_items": [
	{
		"id": 5155,
		"name": "Oran Berry"
	},
	{
		"id": 5081,
		"name": "Moon Stone"
	}
],
"locations": [
	{
		"type": "Grass",
		"region_id": 0,
		"region_name": "Kanto",
		"location": "ROUTE 3",
		"min_level": 5,
		"max_level": 7,
		"rarity": "Rare"
	},
	{
		"type": "Grass",
		"region_id": 0,
		"region_name": "Kanto",
		"location": "ROUTE 4",
		"min_level": 8,
		"max_level": 12,
		"rarity": "Rare"
	},
	{
		"type": "Grass",
		"region_id": 0,
		"region_name": "Kanto",
		"location": "ROUTE 5",
		"min_level": 12,
		"max_level": 15,
		"rarity": "Rare"
	},
	{
		"type": "Grass",
		"region_id": 0,
		"region_name": "Kanto",
		"location": "ROUTE 6",
		"min_level": 12,
		"max_level": 15,
		"rarity": "Rare"
	},
	{
		"type": "Grass",
		"region_id": 0,
		"region_name": "Kanto",
		"location": "ROUTE 7",
		"min_level": 17,
		"max_level": 18,
		"rarity": "Rare"
	},
	{
		"type": "Grass",
		"region_id": 0,
		"region_name": "Kanto",
		"location": "ROUTE 8",
		"min_level": 17,
		"max_level": 18,
		"rarity": "Rare"
	},
	{
		"type": "Grass",
		"region_id": 1,
		"region_name": "Hoenn",
		"location": "ROUTE 101",
		"min_level": 6,
		"max_level": 6,
		"rarity": "Lure"
	},
	{
		"type": "Grass",
		"region_id": 1,
		"region_name": "Hoenn",
		"location": "ROUTE 115",
		"min_level": 22,
		"max_level": 23,
		"rarity": "Horde"
	},
	{
		"type": "Grass",
		"region_id": 1,
		"region_name": "Hoenn",
		"location": "ROUTE 115",
		"min_level": 24,
		"max_level": 25,
		"rarity": "Common"
	},
	{
		"type": "Grass",
		"region_id": 1,
		"region_name": "Hoenn",
		"location": "ROUTE 115",
		"min_level": 24,
		"max_level": 25,
		"rarity": "Common"
	},
	{
		"type": "Grass",
		"region_id": 1,
		"region_name": "Hoenn",
		"location": "ROUTE 115",
		"min_level": 24,
		"max_level": 25,
		"rarity": "Common"
	},
	{
		"type": "Grass",
		"region_id": 1,
		"region_name": "Hoenn",
		"location": "ROUTE 115",
		"min_level": 24,
		"max_level": 25,
		"rarity": "Very Common"
	},
	{
		"type": "Grass",
		"region_id": 2,
		"region_name": "Unova",
		"location": "Dreamyard",
		"min_level": 10,
		"max_level": 12,
		"rarity": "Special"
	},
	{
		"type": "Grass",
		"region_id": 2,
		"region_name": "Unova",
		"location": "Route 2",
		"min_level": 6,
		"max_level": 7,
		"rarity": "Special"
	},
	{
		"type": "Grass",
		"region_id": 2,
		"region_name": "Unova",
		"location": "Route 14",
		"min_level": 48,
		"max_level": 48,
		"rarity": "Common"
	},
	{
		"type": "Dark Grass",
		"region_id": 2,
		"region_name": "Unova",
		"location": "Route 14",
		"min_level": 50,
		"max_level": 52,
		"rarity": "Horde"
	},
	{
		"type": "Dark Grass",
		"region_id": 2,
		"region_name": "Unova",
		"location": "Route 14",
		"min_level": 53,
		"max_level": 53,
		"rarity": "Common"
	},
	{
		"type": "Grass",
		"region_id": 4,
		"region_name": "Johto",
		"location": "Route 34",
		"min_level": 13,
		"max_level": 14,
		"rarity": "Rare"
	},
	{
		"type": "Grass",
		"region_id": 4,
		"region_name": "Johto",
		"location": "Route 35",
		"min_level": 15,
		"max_level": 17,
		"rarity": "Rare"
	},
	{
		"type": "Grass",
		"region_id": 4,
		"region_name": "Johto",
		"location": "Route 46",
		"min_level": 4,
		"max_level": 5,
		"rarity": "Rare"
	},
	{
		"type": "Cave",
		"region_id": 4,
		"region_name": "Johto",
		"location": "Safari Zone",
		"min_level": 28,
		"max_level": 31,
		"rarity": "Uncommon"
	}
]
}