{
"id": 402,
"name": "Kricketune",
"exp_type": "MEDIUM_SLOW",
"obtainable": true,
"gender_ratio": 127,
"height": 10,
"weight": 255,
"egg_groups": [
	"bug"
],
"abilities": [
	{
		"id": 68,
		"name": "Swarm"
	},
	{
		"id": 68,
		"name": "Swarm"
	},
	{
		"id": 101,
		"name": "Technician"
	}
],
"forms": [
	{
		"form_id": 0,
		"id": 402,
		"name": "Kricketune"
	}
],
"evolutions": [],
"moves": [
	{
		"id": 45,
		"name": "Growl",
		"type": "level",
		"level": 1
	},
	{
		"id": 117,
		"name": "Bide",
		"type": "level",
		"level": 1
	},
	{
		"id": 210,
		"name": "Fury Cutter",
		"type": "level",
		"level": 1
	},
	{
		"id": 1,
		"name": "Pound",
		"type": "level",
		"level": 1
	},
	{
		"id": 71,
		"name": "Absorb",
		"type": "level",
		"level": 1
	},
	{
		"id": 33,
		"name": "Tackle",
		"type": "level",
		"level": 1
	},
	{
		"id": 33,
		"name": "Tackle",
		"type": "level",
		"level": 5
	},
	{
		"id": 332,
		"name": "Aerial Ace",
		"type": "level",
		"level": 9
	},
	{
		"id": 210,
		"name": "Fury Cutter",
		"type": "level",
		"level": 10
	},
	{
		"id": 71,
		"name": "Absorb",
		"type": "level",
		"level": 14
	},
	{
		"id": 47,
		"name": "Sing",
		"type": "level",
		"level": 18
	},
	{
		"id": 116,
		"name": "Focus Energy",
		"type": "level",
		"level": 22
	},
	{
		"id": 141,
		"name": "Leech Life",
		"type": "level",
		"level": 24
	},
	{
		"id": 163,
		"name": "Slash",
		"type": "level",
		"level": 26
	},
	{
		"id": 404,
		"name": "X-Scissor",
		"type": "level",
		"level": 30
	},
	{
		"id": 103,
		"name": "Screech",
		"type": "level",
		"level": 34
	},
	{
		"id": 14,
		"name": "Swords Dance",
		"type": "level",
		"level": 37
	},
	{
		"id": 269,
		"name": "Taunt",
		"type": "level",
		"level": 38
	},
	{
		"id": 400,
		"name": "Night Slash",
		"type": "level",
		"level": 42
	},
	{
		"id": 405,
		"name": "Bug Buzz",
		"type": "level",
		"level": 46
	},
	{
		"id": 195,
		"name": "Perish Song",
		"type": "level",
		"level": 50
	},
	{
		"id": 81,
		"name": "String Shot",
		"type": "move_tutor"
	},
	{
		"id": 173,
		"name": "Snore",
		"type": "move_tutor"
	},
	{
		"id": 215,
		"name": "Heal Bell",
		"type": "move_tutor"
	},
	{
		"id": 283,
		"name": "Endeavor",
		"type": "move_tutor"
	},
	{
		"id": 522,
		"name": "Struggle Bug",
		"type": "prevo_moves"
	},
	{
		"id": 450,
		"name": "Bug Bite",
		"type": "prevo_moves"
	},
	{
		"id": 116,
		"name": "Focus Energy",
		"type": "move_learner_tools"
	},
	{
		"id": 226,
		"name": "Baton Pass",
		"type": "move_learner_tools"
	},
	{
		"id": 270,
		"name": "Helping Hand",
		"type": "move_learner_tools"
	},
	{
		"id": 269,
		"name": "Taunt",
		"type": "move_learner_tools"
	},
	{
		"id": 405,
		"name": "Bug Buzz",
		"type": "move_learner_tools"
	},
	{
		"id": 404,
		"name": "X-Scissor",
		"type": "move_learner_tools"
	},
	{
		"id": 263,
		"name": "Facade",
		"type": "move_learner_tools"
	},
	{
		"id": 117,
		"name": "Bide",
		"type": "move_learner_tools"
	},
	{
		"id": 253,
		"name": "Uproar",
		"type": "move_learner_tools"
	},
	{
		"id": 249,
		"name": "Rock Smash",
		"type": "move_learner_tools"
	},
	{
		"id": 522,
		"name": "Struggle Bug",
		"type": "move_learner_tools"
	},
	{
		"id": 241,
		"name": "Sunny Day",
		"type": "move_learner_tools"
	},
	{
		"id": 240,
		"name": "Rain Dance",
		"type": "move_learner_tools"
	},
	{
		"id": 237,
		"name": "Hidden Power",
		"type": "move_learner_tools"
	},
	{
		"id": 92,
		"name": "Toxic",
		"type": "move_learner_tools"
	},
	{
		"id": 363,
		"name": "Natural Gift",
		"type": "move_learner_tools"
	},
	{
		"id": 497,
		"name": "Echoed Voice",
		"type": "move_learner_tools"
	},
	{
		"id": 496,
		"name": "Round",
		"type": "move_learner_tools"
	},
	{
		"id": 218,
		"name": "Frustration",
		"type": "move_learner_tools"
	},
	{
		"id": 216,
		"name": "Return",
		"type": "move_learner_tools"
	},
	{
		"id": 214,
		"name": "Sleep Talk",
		"type": "move_learner_tools"
	},
	{
		"id": 213,
		"name": "Attract",
		"type": "move_learner_tools"
	},
	{
		"id": 210,
		"name": "Fury Cutter",
		"type": "move_learner_tools"
	},
	{
		"id": 207,
		"name": "Swagger",
		"type": "move_learner_tools"
	},
	{
		"id": 206,
		"name": "False Swipe",
		"type": "move_learner_tools"
	},
	{
		"id": 203,
		"name": "Endure",
		"type": "move_learner_tools"
	},
	{
		"id": 202,
		"name": "Giga Drain",
		"type": "move_learner_tools"
	},
	{
		"id": 63,
		"name": "Hyper Beam",
		"type": "move_learner_tools"
	},
	{
		"id": 70,
		"name": "Strength",
		"type": "move_learner_tools"
	},
	{
		"id": 332,
		"name": "Aerial Ace",
		"type": "move_learner_tools"
	},
	{
		"id": 468,
		"name": "Hone Claws",
		"type": "move_learner_tools"
	},
	{
		"id": 189,
		"name": "Mud-Slap",
		"type": "move_learner_tools"
	},
	{
		"id": 182,
		"name": "Protect",
		"type": "move_learner_tools"
	},
	{
		"id": 318,
		"name": "Silver Wind",
		"type": "move_learner_tools"
	},
	{
		"id": 450,
		"name": "Bug Bite",
		"type": "move_learner_tools"
	},
	{
		"id": 36,
		"name": "Take Down",
		"type": "move_learner_tools"
	},
	{
		"id": 445,
		"name": "Captivate",
		"type": "move_learner_tools"
	},
	{
		"id": 103,
		"name": "Screech",
		"type": "move_learner_tools"
	},
	{
		"id": 104,
		"name": "Double Team",
		"type": "move_learner_tools"
	},
	{
		"id": 304,
		"name": "Hyper Voice",
		"type": "move_learner_tools"
	},
	{
		"id": 164,
		"name": "Substitute",
		"type": "move_learner_tools"
	},
	{
		"id": 156,
		"name": "Rest",
		"type": "move_learner_tools"
	},
	{
		"id": 290,
		"name": "Secret Power",
		"type": "move_learner_tools"
	},
	{
		"id": 15,
		"name": "Cut",
		"type": "move_learner_tools"
	},
	{
		"id": 14,
		"name": "Swords Dance",
		"type": "move_learner_tools"
	},
	{
		"id": 148,
		"name": "Flash",
		"type": "move_learner_tools"
	},
	{
		"id": 282,
		"name": "Knock Off",
		"type": "move_learner_tools"
	},
	{
		"id": 280,
		"name": "Brick Break",
		"type": "move_learner_tools"
	},
	{
		"id": 416,
		"name": "Giga Impact",
		"type": "move_learner_tools"
	},
	{
		"id": 141,
		"name": "Leech Life",
		"type": "move_learner_tools"
	},
	{
		"id": 210,
		"name": "Fury Cutter",
		"type": "on_evolution"
	}
],
"types": [
	"BUG",
	"BUG"
],
"stats": {
	"hp": 77,
	"attack": 85,
	"defense": 51,
	"speed": 65,
	"sp_attack": 55,
	"sp_defense": 51
},
"yields": {
	"exp": 134,
	"ev_hp": 0,
	"ev_attack": 2,
	"ev_defense": 0,
	"ev_speed": 0,
	"ev_sp_attack": 0,
	"ev_sp_defense": 0
},
"tiers": [
	"Untiered"
],
"held_items": [
	{
		"id": 5277,
		"name": "Metronome"
	}
],
"locations": [
	{
		"type": "Dark Grass",
		"region_id": 2,
		"region_name": "Unova",
		"location": "Dreamyard (Night/Morning)",
		"min_level": 46,
		"max_level": 47,
		"rarity": "Horde"
	},
	{
		"type": "Dark Grass",
		"region_id": 2,
		"region_name": "Unova",
		"location": "Dreamyard (Night/Morning)",
		"min_level": 47,
		"max_level": 50,
		"rarity": "Uncommon"
	},
	{
		"type": "Grass",
		"region_id": 3,
		"region_name": "Sinnoh",
		"location": "Route 206 (Night/Morning)",
		"min_level": 17,
		"max_level": 18,
		"rarity": "Rare"
	},
	{
		"type": "Grass",
		"region_id": 3,
		"region_name": "Sinnoh",
		"location": "Route 210",
		"min_level": 19,
		"max_level": 21,
		"rarity": "Uncommon"
	},
	{
		"type": "Grass",
		"region_id": 3,
		"region_name": "Sinnoh",
		"location": "Route 210 (Night)",
		"min_level": 17,
		"max_level": 19,
		"rarity": "Horde"
	},
	{
		"type": "Grass",
		"region_id": 3,
		"region_name": "Sinnoh",
		"location": "Route 212",
		"min_level": 22,
		"max_level": 25,
		"rarity": "Common"
	},
	{
		"type": "Grass",
		"region_id": 3,
		"region_name": "Sinnoh",
		"location": "Route 212 (Night)",
		"min_level": 21,
		"max_level": 22,
		"rarity": "Horde"
	},
	{
		"type": "Grass",
		"region_id": 3,
		"region_name": "Sinnoh",
		"location": "Route 214",
		"min_level": 23,
		"max_level": 24,
		"rarity": "Uncommon"
	},
	{
		"type": "Grass",
		"region_id": 3,
		"region_name": "Sinnoh",
		"location": "Route 215",
		"min_level": 20,
		"max_level": 22,
		"rarity": "Uncommon"
	},
	{
		"type": "Grass",
		"region_id": 3,
		"region_name": "Sinnoh",
		"location": "Trophy Garden",
		"min_level": 22,
		"max_level": 23,
		"rarity": "Common"
	},
	{
		"type": "Grass",
		"region_id": 3,
		"region_name": "Sinnoh",
		"location": "Valor Lakefront",
		"min_level": 27,
		"max_level": 27,
		"rarity": "Uncommon"
	}
]
}