{
"id": 407,
"name": "Roserade",
"exp_type": "MEDIUM_SLOW",
"obtainable": true,
"gender_ratio": 127,
"height": 9,
"weight": 145,
"egg_groups": [
	"fairy",
	"plant"
],
"abilities": [
	{
		"id": 30,
		"name": "Natural Cure"
	},
	{
		"id": 38,
		"name": "Poison Point"
	},
	{
		"id": 101,
		"name": "Technician"
	}
],
"forms": [
	{
		"form_id": 0,
		"id": 407,
		"name": "Roserade"
	}
],
"evolutions": [],
"moves": [
	{
		"id": 40,
		"name": "Poison Sting",
		"type": "level",
		"level": 1
	},
	{
		"id": 71,
		"name": "Absorb",
		"type": "level",
		"level": 1
	},
	{
		"id": 72,
		"name": "Mega Drain",
		"type": "level",
		"level": 1
	},
	{
		"id": 73,
		"name": "Leech Seed",
		"type": "level",
		"level": 1
	},
	{
		"id": 74,
		"name": "Growth",
		"type": "level",
		"level": 1
	},
	{
		"id": 78,
		"name": "Stun Spore",
		"type": "level",
		"level": 1
	},
	{
		"id": 80,
		"name": "Petal Dance",
		"type": "level",
		"level": 1
	},
	{
		"id": 92,
		"name": "Toxic",
		"type": "level",
		"level": 1
	},
	{
		"id": 202,
		"name": "Giga Drain",
		"type": "level",
		"level": 1
	},
	{
		"id": 230,
		"name": "Sweet Scent",
		"type": "level",
		"level": 1
	},
	{
		"id": 235,
		"name": "Synthesis",
		"type": "level",
		"level": 1
	},
	{
		"id": 275,
		"name": "Ingrain",
		"type": "level",
		"level": 1
	},
	{
		"id": 311,
		"name": "Weather Ball",
		"type": "level",
		"level": 1
	},
	{
		"id": 312,
		"name": "Aromatherapy",
		"type": "level",
		"level": 1
	},
	{
		"id": 345,
		"name": "Magical Leaf",
		"type": "level",
		"level": 1
	},
	{
		"id": 388,
		"name": "Worry Seed",
		"type": "level",
		"level": 1
	},
	{
		"id": 390,
		"name": "Toxic Spikes",
		"type": "level",
		"level": 1
	},
	{
		"id": 71,
		"name": "Absorb",
		"type": "level",
		"level": 6
	},
	{
		"id": 77,
		"name": "PoisonPowder",
		"type": "level",
		"level": 11
	},
	{
		"id": 78,
		"name": "Stun Spore",
		"type": "level",
		"level": 18
	},
	{
		"id": 474,
		"name": "Venoshock",
		"type": "level",
		"level": 25
	},
	{
		"id": 398,
		"name": "Poison Jab",
		"type": "level",
		"level": 34
	},
	{
		"id": 412,
		"name": "Energy Ball",
		"type": "level",
		"level": 43
	},
	{
		"id": 80,
		"name": "Petal Dance",
		"type": "level",
		"level": 52
	},
	{
		"id": 343,
		"name": "Covet",
		"type": "move_tutor"
	},
	{
		"id": 388,
		"name": "Worry Seed",
		"type": "move_tutor"
	},
	{
		"id": 173,
		"name": "Snore",
		"type": "move_tutor"
	},
	{
		"id": 171,
		"name": "Nightmare",
		"type": "move_tutor"
	},
	{
		"id": 235,
		"name": "Synthesis",
		"type": "move_tutor"
	},
	{
		"id": 186,
		"name": "Sweet Kiss",
		"type": "special_moves"
	},
	{
		"id": 320,
		"name": "GrassWhistle",
		"type": "prevo_moves"
	},
	{
		"id": 346,
		"name": "Water Sport",
		"type": "prevo_moves"
	},
	{
		"id": 104,
		"name": "Double Team",
		"type": "move_learner_tools"
	},
	{
		"id": 253,
		"name": "Uproar",
		"type": "move_learner_tools"
	},
	{
		"id": 267,
		"name": "Nature Power",
		"type": "move_learner_tools"
	},
	{
		"id": 129,
		"name": "Swift",
		"type": "move_learner_tools"
	},
	{
		"id": 402,
		"name": "Seed Bomb",
		"type": "move_learner_tools"
	},
	{
		"id": 263,
		"name": "Facade",
		"type": "move_learner_tools"
	},
	{
		"id": 398,
		"name": "Poison Jab",
		"type": "move_learner_tools"
	},
	{
		"id": 390,
		"name": "Toxic Spikes",
		"type": "move_learner_tools"
	},
	{
		"id": 247,
		"name": "Shadow Ball",
		"type": "move_learner_tools"
	},
	{
		"id": 244,
		"name": "Psych Up",
		"type": "move_learner_tools"
	},
	{
		"id": 241,
		"name": "Sunny Day",
		"type": "move_learner_tools"
	},
	{
		"id": 240,
		"name": "Rain Dance",
		"type": "move_learner_tools"
	},
	{
		"id": 102,
		"name": "Mimic",
		"type": "move_learner_tools"
	},
	{
		"id": 34,
		"name": "Body Slam",
		"type": "move_learner_tools"
	},
	{
		"id": 237,
		"name": "Hidden Power",
		"type": "move_learner_tools"
	},
	{
		"id": 230,
		"name": "Sweet Scent",
		"type": "move_learner_tools"
	},
	{
		"id": 92,
		"name": "Toxic",
		"type": "move_learner_tools"
	},
	{
		"id": 363,
		"name": "Natural Gift",
		"type": "move_learner_tools"
	},
	{
		"id": 496,
		"name": "Round",
		"type": "move_learner_tools"
	},
	{
		"id": 218,
		"name": "Frustration",
		"type": "move_learner_tools"
	},
	{
		"id": 216,
		"name": "Return",
		"type": "move_learner_tools"
	},
	{
		"id": 214,
		"name": "Sleep Talk",
		"type": "move_learner_tools"
	},
	{
		"id": 213,
		"name": "Attract",
		"type": "move_learner_tools"
	},
	{
		"id": 164,
		"name": "Substitute",
		"type": "move_learner_tools"
	},
	{
		"id": 210,
		"name": "Fury Cutter",
		"type": "move_learner_tools"
	},
	{
		"id": 72,
		"name": "Mega Drain",
		"type": "move_learner_tools"
	},
	{
		"id": 345,
		"name": "Magical Leaf",
		"type": "move_learner_tools"
	},
	{
		"id": 207,
		"name": "Swagger",
		"type": "move_learner_tools"
	},
	{
		"id": 203,
		"name": "Endure",
		"type": "move_learner_tools"
	},
	{
		"id": 202,
		"name": "Giga Drain",
		"type": "move_learner_tools"
	},
	{
		"id": 474,
		"name": "Venoshock",
		"type": "move_learner_tools"
	},
	{
		"id": 76,
		"name": "SolarBeam",
		"type": "move_learner_tools"
	},
	{
		"id": 331,
		"name": "Bullet Seed",
		"type": "move_learner_tools"
	},
	{
		"id": 191,
		"name": "Spikes",
		"type": "move_learner_tools"
	},
	{
		"id": 189,
		"name": "Mud-Slap",
		"type": "move_learner_tools"
	},
	{
		"id": 188,
		"name": "Sludge Bomb",
		"type": "move_learner_tools"
	},
	{
		"id": 182,
		"name": "Protect",
		"type": "move_learner_tools"
	},
	{
		"id": 42,
		"name": "Pin Missile",
		"type": "move_learner_tools"
	},
	{
		"id": 38,
		"name": "Double-Edge",
		"type": "move_learner_tools"
	},
	{
		"id": 311,
		"name": "Weather Ball",
		"type": "move_learner_tools"
	},
	{
		"id": 447,
		"name": "Grass Knot",
		"type": "move_learner_tools"
	},
	{
		"id": 445,
		"name": "Captivate",
		"type": "move_learner_tools"
	},
	{
		"id": 438,
		"name": "Power Whip",
		"type": "move_learner_tools"
	},
	{
		"id": 437,
		"name": "Leaf Storm",
		"type": "move_learner_tools"
	},
	{
		"id": 156,
		"name": "Rest",
		"type": "move_learner_tools"
	},
	{
		"id": 290,
		"name": "Secret Power",
		"type": "move_learner_tools"
	},
	{
		"id": 15,
		"name": "Cut",
		"type": "move_learner_tools"
	},
	{
		"id": 14,
		"name": "Swords Dance",
		"type": "move_learner_tools"
	},
	{
		"id": 148,
		"name": "Flash",
		"type": "move_learner_tools"
	},
	{
		"id": 63,
		"name": "Hyper Beam",
		"type": "move_learner_tools"
	},
	{
		"id": 416,
		"name": "Giga Impact",
		"type": "move_learner_tools"
	},
	{
		"id": 412,
		"name": "Energy Ball",
		"type": "move_learner_tools"
	}
],
"types": [
	"GRASS",
	"POISON"
],
"stats": {
	"hp": 60,
	"attack": 70,
	"defense": 65,
	"speed": 90,
	"sp_attack": 125,
	"sp_defense": 105
},
"yields": {
	"exp": 227,
	"ev_hp": 0,
	"ev_attack": 0,
	"ev_defense": 0,
	"ev_speed": 0,
	"ev_sp_attack": 3,
	"ev_sp_defense": 0
},
"tiers": [
	"Under Used"
],
"held_items": [
	{
		"id": 5245,
		"name": "Poison Barb"
	},
	{
		"id": 5545,
		"name": "Absorb Bulb"
	},
	{
		"id": 5107,
		"name": "Shiny Stone"
	}
],
"locations": [
	{
		"type": "Grass",
		"region_id": 1,
		"region_name": "Hoenn",
		"location": "ROUTE 117",
		"min_level": 17,
		"max_level": 17,
		"rarity": "Lure"
	},
	{
		"type": "Grass",
		"region_id": 2,
		"region_name": "Unova",
		"location": "Route 12",
		"min_level": 60,
		"max_level": 65,
		"rarity": "Special"
	}
]
}