{
"id": 412,
"name": "Burmy",
"exp_type": "MEDIUM_FAST",
"obtainable": true,
"gender_ratio": 127,
"height": 2,
"weight": 34,
"egg_groups": [
	"bug"
],
"abilities": [
	{
		"id": 61,
		"name": "Shed Skin"
	},
	{
		"id": 61,
		"name": "Shed Skin"
	},
	{
		"id": 142,
		"name": "Overcoat"
	}
],
"forms": [
	{
		"form_id": 0,
		"id": 412,
		"name": "Burmy"
	},
	{
		"form_id": 1,
		"id": 412,
		"name": "Burmy"
	},
	{
		"form_id": 2,
		"id": 412,
		"name": "Burmy"
	}
],
"evolutions": [
	{
		"id": 413,
		"name": "Wormadam",
		"type": "LEVEL_FEMALE",
		"val": 20
	},
	{
		"id": 414,
		"name": "Mothim",
		"type": "LEVEL_MALE",
		"val": 20
	}
],
"moves": [
	{
		"id": 182,
		"name": "Protect",
		"type": "level",
		"level": 1
	},
	{
		"id": 522,
		"name": "Struggle Bug",
		"type": "level",
		"level": 1
	},
	{
		"id": 33,
		"name": "Tackle",
		"type": "level",
		"level": 10
	},
	{
		"id": 450,
		"name": "Bug Bite",
		"type": "level",
		"level": 15
	},
	{
		"id": 237,
		"name": "Hidden Power",
		"type": "level",
		"level": 20
	},
	{
		"id": 81,
		"name": "String Shot",
		"type": "level",
		"level": 20
	},
	{
		"id": 527,
		"name": "Electroweb",
		"type": "move_tutor"
	},
	{
		"id": 81,
		"name": "String Shot",
		"type": "move_tutor"
	},
	{
		"id": 173,
		"name": "Snore",
		"type": "move_tutor"
	},
	{
		"id": 182,
		"name": "Protect",
		"type": "move_learner_tools"
	},
	{
		"id": 522,
		"name": "Struggle Bug",
		"type": "move_learner_tools"
	},
	{
		"id": 450,
		"name": "Bug Bite",
		"type": "move_learner_tools"
	},
	{
		"id": 237,
		"name": "Hidden Power",
		"type": "move_learner_tools"
	}
],
"types": [
	"BUG",
	"BUG"
],
"stats": {
	"hp": 40,
	"attack": 29,
	"defense": 45,
	"speed": 36,
	"sp_attack": 29,
	"sp_defense": 45
},
"yields": {
	"exp": 45,
	"ev_hp": 0,
	"ev_attack": 0,
	"ev_defense": 0,
	"ev_speed": 0,
	"ev_sp_attack": 0,
	"ev_sp_defense": 1
},
"tiers": [
	"Untiered"
],
"held_items": [],
"locations": [
	{
		"type": "Honey Tree",
		"region_id": 3,
		"region_name": "Sinnoh",
		"location": "Honey Tree",
		"min_level": 15,
		"max_level": 20,
		"rarity": "Uncommon"
	}
]
}