{
"id": 413,
"name": "Wormadam",
"exp_type": "MEDIUM_FAST",
"obtainable": true,
"gender_ratio": 254,
"height": 5,
"weight": 65,
"egg_groups": [
	"bug"
],
"abilities": [
	{
		"id": 107,
		"name": "Anticipation"
	},
	{
		"id": 107,
		"name": "Anticipation"
	},
	{
		"id": 142,
		"name": "Overcoat"
	}
],
"forms": [
	{
		"form_id": 0,
		"id": 413,
		"name": "Wormadam"
	},
	{
		"form_id": 1,
		"id": 653,
		"name": "Wormadam [Sandy Cloak]"
	},
	{
		"form_id": 2,
		"id": 654,
		"name": "Wormadam [Trash Cloak]"
	}
],
"evolutions": [],
"moves": [
	{
		"id": 33,
		"name": "Tackle",
		"type": "level",
		"level": 1
	},
	{
		"id": 182,
		"name": "Protect",
		"type": "level",
		"level": 1
	},
	{
		"id": 389,
		"name": "Sucker Punch",
		"type": "level",
		"level": 1
	},
	{
		"id": 450,
		"name": "Bug Bite",
		"type": "level",
		"level": 1
	},
	{
		"id": 483,
		"name": "Quiver Dance",
		"type": "level",
		"level": 1
	},
	{
		"id": 522,
		"name": "Struggle Bug",
		"type": "level",
		"level": 1
	},
	{
		"id": 16,
		"name": "Gust",
		"type": "level",
		"level": 6
	},
	{
		"id": 182,
		"name": "Protect",
		"type": "level",
		"level": 10
	},
	{
		"id": 450,
		"name": "Bug Bite",
		"type": "level",
		"level": 15
	},
	{
		"id": 318,
		"name": "Silver Wind",
		"type": "level",
		"level": 18
	},
	{
		"id": 237,
		"name": "Hidden Power",
		"type": "level",
		"level": 20
	},
	{
		"id": 81,
		"name": "String Shot",
		"type": "level",
		"level": 20
	},
	{
		"id": 93,
		"name": "Confusion",
		"type": "level",
		"level": 23
	},
	{
		"id": 412,
		"name": "Energy Ball",
		"type": "level",
		"level": 25
	},
	{
		"id": 75,
		"name": "Razor Leaf",
		"type": "level",
		"level": 26
	},
	{
		"id": 74,
		"name": "Growth",
		"type": "level",
		"level": 29
	},
	{
		"id": 60,
		"name": "Psybeam",
		"type": "level",
		"level": 32
	},
	{
		"id": 445,
		"name": "Captivate",
		"type": "level",
		"level": 35
	},
	{
		"id": 175,
		"name": "Flail",
		"type": "level",
		"level": 38
	},
	{
		"id": 213,
		"name": "Attract",
		"type": "level",
		"level": 41
	},
	{
		"id": 94,
		"name": "Psychic",
		"type": "level",
		"level": 44
	},
	{
		"id": 437,
		"name": "Leaf Storm",
		"type": "level",
		"level": 47
	},
	{
		"id": 405,
		"name": "Bug Buzz",
		"type": "level",
		"level": 50
	},
	{
		"id": 527,
		"name": "Electroweb",
		"type": "move_tutor"
	},
	{
		"id": 388,
		"name": "Worry Seed",
		"type": "move_tutor"
	},
	{
		"id": 81,
		"name": "String Shot",
		"type": "move_tutor"
	},
	{
		"id": 173,
		"name": "Snore",
		"type": "move_tutor"
	},
	{
		"id": 389,
		"name": "Sucker Punch",
		"type": "move_tutor"
	},
	{
		"id": 283,
		"name": "Endeavor",
		"type": "move_tutor"
	},
	{
		"id": 235,
		"name": "Synthesis",
		"type": "move_tutor"
	},
	{
		"id": 324,
		"name": "Signal Beam",
		"type": "move_tutor"
	},
	{
		"id": 290,
		"name": "Secret Power",
		"type": "move_learner_tools"
	},
	{
		"id": 156,
		"name": "Rest",
		"type": "move_learner_tools"
	},
	{
		"id": 253,
		"name": "Uproar",
		"type": "move_learner_tools"
	},
	{
		"id": 285,
		"name": "Skill Swap",
		"type": "move_learner_tools"
	},
	{
		"id": 477,
		"name": "Telekinesis",
		"type": "move_learner_tools"
	},
	{
		"id": 405,
		"name": "Bug Buzz",
		"type": "move_learner_tools"
	},
	{
		"id": 474,
		"name": "Venoshock",
		"type": "move_learner_tools"
	},
	{
		"id": 182,
		"name": "Protect",
		"type": "move_learner_tools"
	},
	{
		"id": 76,
		"name": "SolarBeam",
		"type": "move_learner_tools"
	},
	{
		"id": 363,
		"name": "Natural Gift",
		"type": "move_learner_tools"
	},
	{
		"id": 168,
		"name": "Thief",
		"type": "move_learner_tools"
	},
	{
		"id": 263,
		"name": "Facade",
		"type": "move_learner_tools"
	},
	{
		"id": 164,
		"name": "Substitute",
		"type": "move_learner_tools"
	},
	{
		"id": 218,
		"name": "Frustration",
		"type": "move_learner_tools"
	},
	{
		"id": 450,
		"name": "Bug Bite",
		"type": "move_learner_tools"
	},
	{
		"id": 60,
		"name": "Psybeam",
		"type": "move_learner_tools"
	},
	{
		"id": 447,
		"name": "Grass Knot",
		"type": "move_learner_tools"
	},
	{
		"id": 445,
		"name": "Captivate",
		"type": "move_learner_tools"
	},
	{
		"id": 345,
		"name": "Magical Leaf",
		"type": "move_learner_tools"
	},
	{
		"id": 247,
		"name": "Shadow Ball",
		"type": "move_learner_tools"
	},
	{
		"id": 148,
		"name": "Flash",
		"type": "move_learner_tools"
	},
	{
		"id": 244,
		"name": "Psych Up",
		"type": "move_learner_tools"
	},
	{
		"id": 437,
		"name": "Leaf Storm",
		"type": "move_learner_tools"
	},
	{
		"id": 241,
		"name": "Sunny Day",
		"type": "move_learner_tools"
	},
	{
		"id": 240,
		"name": "Rain Dance",
		"type": "move_learner_tools"
	},
	{
		"id": 237,
		"name": "Hidden Power",
		"type": "move_learner_tools"
	},
	{
		"id": 138,
		"name": "Dream Eater",
		"type": "move_learner_tools"
	},
	{
		"id": 331,
		"name": "Bullet Seed",
		"type": "move_learner_tools"
	},
	{
		"id": 523,
		"name": "Bulldoze",
		"type": "move_learner_tools"
	},
	{
		"id": 522,
		"name": "Struggle Bug",
		"type": "move_learner_tools"
	},
	{
		"id": 63,
		"name": "Hyper Beam",
		"type": "move_learner_tools"
	},
	{
		"id": 416,
		"name": "Giga Impact",
		"type": "move_learner_tools"
	},
	{
		"id": 318,
		"name": "Silver Wind",
		"type": "move_learner_tools"
	},
	{
		"id": 219,
		"name": "Safeguard",
		"type": "move_learner_tools"
	},
	{
		"id": 412,
		"name": "Energy Ball",
		"type": "move_learner_tools"
	},
	{
		"id": 216,
		"name": "Return",
		"type": "move_learner_tools"
	},
	{
		"id": 214,
		"name": "Sleep Talk",
		"type": "move_learner_tools"
	},
	{
		"id": 213,
		"name": "Attract",
		"type": "move_learner_tools"
	},
	{
		"id": 502,
		"name": "Ally Switch",
		"type": "move_learner_tools"
	},
	{
		"id": 402,
		"name": "Seed Bomb",
		"type": "move_learner_tools"
	},
	{
		"id": 207,
		"name": "Swagger",
		"type": "move_learner_tools"
	},
	{
		"id": 496,
		"name": "Round",
		"type": "move_learner_tools"
	},
	{
		"id": 203,
		"name": "Endure",
		"type": "move_learner_tools"
	},
	{
		"id": 202,
		"name": "Giga Drain",
		"type": "move_learner_tools"
	},
	{
		"id": 104,
		"name": "Double Team",
		"type": "move_learner_tools"
	},
	{
		"id": 91,
		"name": "Dig",
		"type": "move_learner_tools"
	},
	{
		"id": 92,
		"name": "Toxic",
		"type": "move_learner_tools"
	},
	{
		"id": 94,
		"name": "Psychic",
		"type": "move_learner_tools"
	},
	{
		"id": 483,
		"name": "Quiver Dance",
		"type": "on_evolution"
	}
],
"types": [
	"BUG",
	"GRASS"
],
"stats": {
	"hp": 60,
	"attack": 59,
	"defense": 85,
	"speed": 36,
	"sp_attack": 79,
	"sp_defense": 105
},
"yields": {
	"exp": 148,
	"ev_hp": 0,
	"ev_attack": 0,
	"ev_defense": 0,
	"ev_speed": 0,
	"ev_sp_attack": 0,
	"ev_sp_defense": 2
},
"tiers": [
	"Untiered"
],
"held_items": [
	{
		"id": 5222,
		"name": "SilverPowder"
	}
],
"locations": []
}