{
"id": 414,
"name": "Mothim",
"exp_type": "MEDIUM_FAST",
"obtainable": true,
"gender_ratio": 0,
"height": 9,
"weight": 233,
"egg_groups": [
	"bug"
],
"abilities": [
	{
		"id": 68,
		"name": "Swarm"
	},
	{
		"id": 68,
		"name": "Swarm"
	},
	{
		"id": 110,
		"name": "Tinted Lens"
	}
],
"forms": [
	{
		"form_id": 0,
		"id": 414,
		"name": "Mothim"
	}
],
"evolutions": [],
"moves": [
	{
		"id": 33,
		"name": "Tackle",
		"type": "level",
		"level": 1
	},
	{
		"id": 182,
		"name": "Protect",
		"type": "level",
		"level": 1
	},
	{
		"id": 450,
		"name": "Bug Bite",
		"type": "level",
		"level": 1
	},
	{
		"id": 483,
		"name": "Quiver Dance",
		"type": "level",
		"level": 1
	},
	{
		"id": 522,
		"name": "Struggle Bug",
		"type": "level",
		"level": 1
	},
	{
		"id": 182,
		"name": "Protect",
		"type": "level",
		"level": 10
	},
	{
		"id": 450,
		"name": "Bug Bite",
		"type": "level",
		"level": 15
	},
	{
		"id": 237,
		"name": "Hidden Power",
		"type": "level",
		"level": 20
	},
	{
		"id": 81,
		"name": "String Shot",
		"type": "level",
		"level": 20
	},
	{
		"id": 93,
		"name": "Confusion",
		"type": "level",
		"level": 23
	},
	{
		"id": 16,
		"name": "Gust",
		"type": "level",
		"level": 26
	},
	{
		"id": 77,
		"name": "PoisonPowder",
		"type": "level",
		"level": 29
	},
	{
		"id": 60,
		"name": "Psybeam",
		"type": "level",
		"level": 32
	},
	{
		"id": 293,
		"name": "Camouflage",
		"type": "level",
		"level": 35
	},
	{
		"id": 355,
		"name": "Roost",
		"type": "level",
		"level": 35
	},
	{
		"id": 318,
		"name": "Silver Wind",
		"type": "level",
		"level": 38
	},
	{
		"id": 522,
		"name": "Struggle Bug",
		"type": "level",
		"level": 38
	},
	{
		"id": 403,
		"name": "Air Slash",
		"type": "level",
		"level": 41
	},
	{
		"id": 94,
		"name": "Psychic",
		"type": "level",
		"level": 44
	},
	{
		"id": 483,
		"name": "Quiver Dance",
		"type": "level",
		"level": 50
	},
	{
		"id": 405,
		"name": "Bug Buzz",
		"type": "level",
		"level": 50
	},
	{
		"id": 527,
		"name": "Electroweb",
		"type": "move_tutor"
	},
	{
		"id": 81,
		"name": "String Shot",
		"type": "move_tutor"
	},
	{
		"id": 173,
		"name": "Snore",
		"type": "move_tutor"
	},
	{
		"id": 239,
		"name": "Twister",
		"type": "move_tutor"
	},
	{
		"id": 466,
		"name": "Ominous Wind",
		"type": "move_tutor"
	},
	{
		"id": 324,
		"name": "Signal Beam",
		"type": "move_tutor"
	},
	{
		"id": 290,
		"name": "Secret Power",
		"type": "move_learner_tools"
	},
	{
		"id": 189,
		"name": "Mud-Slap",
		"type": "move_learner_tools"
	},
	{
		"id": 218,
		"name": "Frustration",
		"type": "move_learner_tools"
	},
	{
		"id": 285,
		"name": "Skill Swap",
		"type": "move_learner_tools"
	},
	{
		"id": 318,
		"name": "Silver Wind",
		"type": "move_learner_tools"
	},
	{
		"id": 474,
		"name": "Venoshock",
		"type": "move_learner_tools"
	},
	{
		"id": 182,
		"name": "Protect",
		"type": "move_learner_tools"
	},
	{
		"id": 369,
		"name": "U-turn",
		"type": "move_learner_tools"
	},
	{
		"id": 76,
		"name": "SolarBeam",
		"type": "move_learner_tools"
	},
	{
		"id": 366,
		"name": "Tailwind",
		"type": "move_learner_tools"
	},
	{
		"id": 363,
		"name": "Natural Gift",
		"type": "move_learner_tools"
	},
	{
		"id": 168,
		"name": "Thief",
		"type": "move_learner_tools"
	},
	{
		"id": 263,
		"name": "Facade",
		"type": "move_learner_tools"
	},
	{
		"id": 164,
		"name": "Substitute",
		"type": "move_learner_tools"
	},
	{
		"id": 355,
		"name": "Roost",
		"type": "move_learner_tools"
	},
	{
		"id": 63,
		"name": "Hyper Beam",
		"type": "move_learner_tools"
	},
	{
		"id": 450,
		"name": "Bug Bite",
		"type": "move_learner_tools"
	},
	{
		"id": 60,
		"name": "Psybeam",
		"type": "move_learner_tools"
	},
	{
		"id": 156,
		"name": "Rest",
		"type": "move_learner_tools"
	},
	{
		"id": 445,
		"name": "Captivate",
		"type": "move_learner_tools"
	},
	{
		"id": 247,
		"name": "Shadow Ball",
		"type": "move_learner_tools"
	},
	{
		"id": 148,
		"name": "Flash",
		"type": "move_learner_tools"
	},
	{
		"id": 244,
		"name": "Psych Up",
		"type": "move_learner_tools"
	},
	{
		"id": 241,
		"name": "Sunny Day",
		"type": "move_learner_tools"
	},
	{
		"id": 240,
		"name": "Rain Dance",
		"type": "move_learner_tools"
	},
	{
		"id": 432,
		"name": "Defog",
		"type": "move_learner_tools"
	},
	{
		"id": 237,
		"name": "Hidden Power",
		"type": "move_learner_tools"
	},
	{
		"id": 332,
		"name": "Aerial Ace",
		"type": "move_learner_tools"
	},
	{
		"id": 522,
		"name": "Struggle Bug",
		"type": "move_learner_tools"
	},
	{
		"id": 129,
		"name": "Swift",
		"type": "move_learner_tools"
	},
	{
		"id": 416,
		"name": "Giga Impact",
		"type": "move_learner_tools"
	},
	{
		"id": 512,
		"name": "Acrobatics",
		"type": "move_learner_tools"
	},
	{
		"id": 219,
		"name": "Safeguard",
		"type": "move_learner_tools"
	},
	{
		"id": 412,
		"name": "Energy Ball",
		"type": "move_learner_tools"
	},
	{
		"id": 314,
		"name": "Air Cutter",
		"type": "move_learner_tools"
	},
	{
		"id": 216,
		"name": "Return",
		"type": "move_learner_tools"
	},
	{
		"id": 214,
		"name": "Sleep Talk",
		"type": "move_learner_tools"
	},
	{
		"id": 213,
		"name": "Attract",
		"type": "move_learner_tools"
	},
	{
		"id": 405,
		"name": "Bug Buzz",
		"type": "move_learner_tools"
	},
	{
		"id": 403,
		"name": "Air Slash",
		"type": "move_learner_tools"
	},
	{
		"id": 207,
		"name": "Swagger",
		"type": "move_learner_tools"
	},
	{
		"id": 496,
		"name": "Round",
		"type": "move_learner_tools"
	},
	{
		"id": 203,
		"name": "Endure",
		"type": "move_learner_tools"
	},
	{
		"id": 202,
		"name": "Giga Drain",
		"type": "move_learner_tools"
	},
	{
		"id": 104,
		"name": "Double Team",
		"type": "move_learner_tools"
	},
	{
		"id": 138,
		"name": "Dream Eater",
		"type": "move_learner_tools"
	},
	{
		"id": 92,
		"name": "Toxic",
		"type": "move_learner_tools"
	},
	{
		"id": 94,
		"name": "Psychic",
		"type": "move_learner_tools"
	},
	{
		"id": 483,
		"name": "Quiver Dance",
		"type": "on_evolution"
	}
],
"types": [
	"BUG",
	"FLYING"
],
"stats": {
	"hp": 70,
	"attack": 94,
	"defense": 50,
	"speed": 66,
	"sp_attack": 94,
	"sp_defense": 50
},
"yields": {
	"exp": 148,
	"ev_hp": 0,
	"ev_attack": 1,
	"ev_defense": 0,
	"ev_speed": 0,
	"ev_sp_attack": 1,
	"ev_sp_defense": 0
},
"tiers": [
	"Untiered"
],
"held_items": [
	{
		"id": 5222,
		"name": "SilverPowder"
	}
],
"locations": [
	{
		"type": "Grass",
		"region_id": 3,
		"region_name": "Sinnoh",
		"location": "Route 214",
		"min_level": 28,
		"max_level": 28,
		"rarity": "Lure"
	}
]
}