{
"id": 415,
"name": "Combee",
"exp_type": "MEDIUM_SLOW",
"obtainable": true,
"gender_ratio": 31,
"height": 3,
"weight": 55,
"egg_groups": [
	"bug"
],
"abilities": [
	{
		"id": 118,
		"name": "Honey Gather"
	},
	{
		"id": 118,
		"name": "Honey Gather"
	},
	{
		"id": 55,
		"name": "Hustle"
	}
],
"forms": [
	{
		"form_id": 0,
		"id": 415,
		"name": "Combee"
	}
],
"evolutions": [
	{
		"id": 416,
		"name": "Vespiquen",
		"type": "LEVEL_FEMALE",
		"val": 21
	}
],
"moves": [
	{
		"id": 16,
		"name": "Gust",
		"type": "level",
		"level": 1
	},
	{
		"id": 230,
		"name": "Sweet Scent",
		"type": "level",
		"level": 1
	},
	{
		"id": 450,
		"name": "Bug Bite",
		"type": "level",
		"level": 1
	},
	{
		"id": 522,
		"name": "Struggle Bug",
		"type": "level",
		"level": 1
	},
	{
		"id": 522,
		"name": "Struggle Bug",
		"type": "level",
		"level": 6
	},
	{
		"id": 450,
		"name": "Bug Bite",
		"type": "level",
		"level": 13
	},
	{
		"id": 405,
		"name": "Bug Buzz",
		"type": "level",
		"level": 29
	},
	{
		"id": 81,
		"name": "String Shot",
		"type": "move_tutor"
	},
	{
		"id": 173,
		"name": "Snore",
		"type": "move_tutor"
	},
	{
		"id": 283,
		"name": "Endeavor",
		"type": "move_tutor"
	},
	{
		"id": 466,
		"name": "Ominous Wind",
		"type": "move_tutor"
	},
	{
		"id": 366,
		"name": "Tailwind",
		"type": "move_learner_tools"
	},
	{
		"id": 522,
		"name": "Struggle Bug",
		"type": "move_learner_tools"
	},
	{
		"id": 314,
		"name": "Air Cutter",
		"type": "move_learner_tools"
	},
	{
		"id": 405,
		"name": "Bug Buzz",
		"type": "move_learner_tools"
	},
	{
		"id": 450,
		"name": "Bug Bite",
		"type": "move_learner_tools"
	},
	{
		"id": 129,
		"name": "Swift",
		"type": "move_learner_tools"
	},
	{
		"id": 214,
		"name": "Sleep Talk",
		"type": "move_learner_tools"
	},
	{
		"id": 189,
		"name": "Mud-Slap",
		"type": "move_learner_tools"
	},
	{
		"id": 230,
		"name": "Sweet Scent",
		"type": "move_learner_tools"
	}
],
"types": [
	"BUG",
	"FLYING"
],
"stats": {
	"hp": 30,
	"attack": 30,
	"defense": 42,
	"speed": 70,
	"sp_attack": 30,
	"sp_defense": 42
},
"yields": {
	"exp": 49,
	"ev_hp": 0,
	"ev_attack": 0,
	"ev_defense": 0,
	"ev_speed": 1,
	"ev_sp_attack": 0,
	"ev_sp_defense": 0
},
"tiers": [
	"Untiered"
],
"held_items": [
	{
		"id": 5094,
		"name": "Honey"
	}
],
"locations": [
	{
		"type": "Grass",
		"region_id": 2,
		"region_name": "Unova",
		"location": "Route 12",
		"min_level": 47,
		"max_level": 47,
		"rarity": "Uncommon"
	},
	{
		"type": "Dark Grass",
		"region_id": 2,
		"region_name": "Unova",
		"location": "Route 12",
		"min_level": 52,
		"max_level": 52,
		"rarity": "Uncommon"
	},
	{
		"type": "Honey Tree",
		"region_id": 3,
		"region_name": "Sinnoh",
		"location": "Honey Tree",
		"min_level": 15,
		"max_level": 20,
		"rarity": "Common"
	}
]
}