{
"id": 416,
"name": "Vespiquen",
"exp_type": "MEDIUM_SLOW",
"obtainable": true,
"gender_ratio": 254,
"height": 12,
"weight": 385,
"egg_groups": [
	"bug"
],
"abilities": [
	{
		"id": 46,
		"name": "Pressure"
	},
	{
		"id": 46,
		"name": "Pressure"
	},
	{
		"id": 127,
		"name": "Unnerve"
	}
],
"forms": [
	{
		"form_id": 0,
		"id": 416,
		"name": "Vespiquen"
	}
],
"evolutions": [],
"moves": [
	{
		"id": 16,
		"name": "Gust",
		"type": "level",
		"level": 1
	},
	{
		"id": 40,
		"name": "Poison Sting",
		"type": "level",
		"level": 1
	},
	{
		"id": 109,
		"name": "Confuse Ray",
		"type": "level",
		"level": 1
	},
	{
		"id": 163,
		"name": "Slash",
		"type": "level",
		"level": 1
	},
	{
		"id": 194,
		"name": "Destiny Bond",
		"type": "level",
		"level": 1
	},
	{
		"id": 230,
		"name": "Sweet Scent",
		"type": "level",
		"level": 1
	},
	{
		"id": 450,
		"name": "Bug Bite",
		"type": "level",
		"level": 1
	},
	{
		"id": 522,
		"name": "Struggle Bug",
		"type": "level",
		"level": 1
	},
	{
		"id": 210,
		"name": "Fury Cutter",
		"type": "level",
		"level": 4
	},
	{
		"id": 522,
		"name": "Struggle Bug",
		"type": "level",
		"level": 6
	},
	{
		"id": 228,
		"name": "Pursuit",
		"type": "level",
		"level": 9
	},
	{
		"id": 42,
		"name": "Pin Missile",
		"type": "level",
		"level": 11
	},
	{
		"id": 154,
		"name": "Fury Swipes",
		"type": "level",
		"level": 16
	},
	{
		"id": 318,
		"name": "Silver Wind",
		"type": "level",
		"level": 18
	},
	{
		"id": 207,
		"name": "Swagger",
		"type": "level",
		"level": 20
	},
	{
		"id": 163,
		"name": "Slash",
		"type": "level",
		"level": 21
	},
	{
		"id": 312,
		"name": "Aromatherapy",
		"type": "level",
		"level": 24
	},
	{
		"id": 355,
		"name": "Roost",
		"type": "level",
		"level": 24
	},
	{
		"id": 403,
		"name": "Air Slash",
		"type": "level",
		"level": 28
	},
	{
		"id": 456,
		"name": "Heal Order",
		"type": "level",
		"level": 29
	},
	{
		"id": 408,
		"name": "Power Gem",
		"type": "level",
		"level": 32
	},
	{
		"id": 92,
		"name": "Toxic",
		"type": "level",
		"level": 36
	},
	{
		"id": 454,
		"name": "Attack Order",
		"type": "level",
		"level": 40
	},
	{
		"id": 455,
		"name": "Defend Order",
		"type": "level",
		"level": 40
	},
	{
		"id": 445,
		"name": "Captivate",
		"type": "level",
		"level": 41
	},
	{
		"id": 405,
		"name": "Bug Buzz",
		"type": "level",
		"level": 43
	},
	{
		"id": 194,
		"name": "Destiny Bond",
		"type": "level",
		"level": 44
	},
	{
		"id": 105,
		"name": "Recover",
		"type": "level",
		"level": 52
	},
	{
		"id": 81,
		"name": "String Shot",
		"type": "move_tutor"
	},
	{
		"id": 173,
		"name": "Snore",
		"type": "move_tutor"
	},
	{
		"id": 283,
		"name": "Endeavor",
		"type": "move_tutor"
	},
	{
		"id": 466,
		"name": "Ominous Wind",
		"type": "move_tutor"
	},
	{
		"id": 324,
		"name": "Signal Beam",
		"type": "move_tutor"
	},
	{
		"id": 269,
		"name": "Taunt",
		"type": "move_learner_tools"
	},
	{
		"id": 168,
		"name": "Thief",
		"type": "move_learner_tools"
	},
	{
		"id": 408,
		"name": "Power Gem",
		"type": "move_learner_tools"
	},
	{
		"id": 270,
		"name": "Helping Hand",
		"type": "move_learner_tools"
	},
	{
		"id": 404,
		"name": "X-Scissor",
		"type": "move_learner_tools"
	},
	{
		"id": 542,
		"name": "Hurricane",
		"type": "move_learner_tools"
	},
	{
		"id": 405,
		"name": "Bug Buzz",
		"type": "move_learner_tools"
	},
	{
		"id": 403,
		"name": "Air Slash",
		"type": "move_learner_tools"
	},
	{
		"id": 104,
		"name": "Double Team",
		"type": "move_learner_tools"
	},
	{
		"id": 263,
		"name": "Facade",
		"type": "move_learner_tools"
	},
	{
		"id": 279,
		"name": "Revenge",
		"type": "move_learner_tools"
	},
	{
		"id": 15,
		"name": "Cut",
		"type": "move_learner_tools"
	},
	{
		"id": 390,
		"name": "Toxic Spikes",
		"type": "move_learner_tools"
	},
	{
		"id": 251,
		"name": "Beat Up",
		"type": "move_learner_tools"
	},
	{
		"id": 522,
		"name": "Struggle Bug",
		"type": "move_learner_tools"
	},
	{
		"id": 109,
		"name": "Confuse Ray",
		"type": "move_learner_tools"
	},
	{
		"id": 241,
		"name": "Sunny Day",
		"type": "move_learner_tools"
	},
	{
		"id": 240,
		"name": "Rain Dance",
		"type": "move_learner_tools"
	},
	{
		"id": 512,
		"name": "Acrobatics",
		"type": "move_learner_tools"
	},
	{
		"id": 511,
		"name": "Quash",
		"type": "move_learner_tools"
	},
	{
		"id": 372,
		"name": "Assurance",
		"type": "move_learner_tools"
	},
	{
		"id": 97,
		"name": "Agility",
		"type": "move_learner_tools"
	},
	{
		"id": 506,
		"name": "Hex",
		"type": "move_learner_tools"
	},
	{
		"id": 230,
		"name": "Sweet Scent",
		"type": "move_learner_tools"
	},
	{
		"id": 366,
		"name": "Tailwind",
		"type": "move_learner_tools"
	},
	{
		"id": 363,
		"name": "Natural Gift",
		"type": "move_learner_tools"
	},
	{
		"id": 92,
		"name": "Toxic",
		"type": "move_learner_tools"
	},
	{
		"id": 496,
		"name": "Round",
		"type": "move_learner_tools"
	},
	{
		"id": 355,
		"name": "Roost",
		"type": "move_learner_tools"
	},
	{
		"id": 216,
		"name": "Return",
		"type": "move_learner_tools"
	},
	{
		"id": 214,
		"name": "Sleep Talk",
		"type": "move_learner_tools"
	},
	{
		"id": 213,
		"name": "Attract",
		"type": "move_learner_tools"
	},
	{
		"id": 164,
		"name": "Substitute",
		"type": "move_learner_tools"
	},
	{
		"id": 210,
		"name": "Fury Cutter",
		"type": "move_learner_tools"
	},
	{
		"id": 63,
		"name": "Hyper Beam",
		"type": "move_learner_tools"
	},
	{
		"id": 207,
		"name": "Swagger",
		"type": "move_learner_tools"
	},
	{
		"id": 203,
		"name": "Endure",
		"type": "move_learner_tools"
	},
	{
		"id": 103,
		"name": "Screech",
		"type": "move_learner_tools"
	},
	{
		"id": 474,
		"name": "Venoshock",
		"type": "move_learner_tools"
	},
	{
		"id": 332,
		"name": "Aerial Ace",
		"type": "move_learner_tools"
	},
	{
		"id": 468,
		"name": "Hone Claws",
		"type": "move_learner_tools"
	},
	{
		"id": 191,
		"name": "Spikes",
		"type": "move_learner_tools"
	},
	{
		"id": 189,
		"name": "Mud-Slap",
		"type": "move_learner_tools"
	},
	{
		"id": 188,
		"name": "Sludge Bomb",
		"type": "move_learner_tools"
	},
	{
		"id": 218,
		"name": "Frustration",
		"type": "move_learner_tools"
	},
	{
		"id": 184,
		"name": "Scary Face",
		"type": "move_learner_tools"
	},
	{
		"id": 182,
		"name": "Protect",
		"type": "move_learner_tools"
	},
	{
		"id": 318,
		"name": "Silver Wind",
		"type": "move_learner_tools"
	},
	{
		"id": 180,
		"name": "Spite",
		"type": "move_learner_tools"
	},
	{
		"id": 179,
		"name": "Reversal",
		"type": "move_learner_tools"
	},
	{
		"id": 314,
		"name": "Air Cutter",
		"type": "move_learner_tools"
	},
	{
		"id": 450,
		"name": "Bug Bite",
		"type": "move_learner_tools"
	},
	{
		"id": 36,
		"name": "Take Down",
		"type": "move_learner_tools"
	},
	{
		"id": 445,
		"name": "Captivate",
		"type": "move_learner_tools"
	},
	{
		"id": 369,
		"name": "U-turn",
		"type": "move_learner_tools"
	},
	{
		"id": 237,
		"name": "Hidden Power",
		"type": "move_learner_tools"
	},
	{
		"id": 440,
		"name": "Cross Poison",
		"type": "move_learner_tools"
	},
	{
		"id": 374,
		"name": "Fling",
		"type": "move_learner_tools"
	},
	{
		"id": 432,
		"name": "Defog",
		"type": "move_learner_tools"
	},
	{
		"id": 156,
		"name": "Rest",
		"type": "move_learner_tools"
	},
	{
		"id": 290,
		"name": "Secret Power",
		"type": "move_learner_tools"
	},
	{
		"id": 253,
		"name": "Uproar",
		"type": "move_learner_tools"
	},
	{
		"id": 148,
		"name": "Flash",
		"type": "move_learner_tools"
	},
	{
		"id": 42,
		"name": "Pin Missile",
		"type": "move_learner_tools"
	},
	{
		"id": 129,
		"name": "Swift",
		"type": "move_learner_tools"
	},
	{
		"id": 416,
		"name": "Giga Impact",
		"type": "move_learner_tools"
	},
	{
		"id": 163,
		"name": "Slash",
		"type": "on_evolution"
	}
],
"types": [
	"BUG",
	"FLYING"
],
"stats": {
	"hp": 70,
	"attack": 80,
	"defense": 102,
	"speed": 40,
	"sp_attack": 80,
	"sp_defense": 102
},
"yields": {
	"exp": 166,
	"ev_hp": 0,
	"ev_attack": 0,
	"ev_defense": 1,
	"ev_speed": 0,
	"ev_sp_attack": 0,
	"ev_sp_defense": 1
},
"tiers": [
	"Untiered"
],
"held_items": [
	{
		"id": 5245,
		"name": "Poison Barb"
	}
],
"locations": [
	{
		"type": "Grass",
		"region_id": 2,
		"region_name": "Unova",
		"location": "Route 12",
		"min_level": 60,
		"max_level": 65,
		"rarity": "Special"
	},
	{
		"type": "Grass",
		"region_id": 3,
		"region_name": "Sinnoh",
		"location": "Route 229",
		"min_level": 55,
		"max_level": 55,
		"rarity": "Lure"
	}
]
}