{
"id": 420,
"name": "Cherubi",
"exp_type": "MEDIUM_FAST",
"obtainable": true,
"gender_ratio": 127,
"height": 4,
"weight": 33,
"egg_groups": [
	"fairy",
	"plant"
],
"abilities": [
	{
		"id": 34,
		"name": "Chlorophyll"
	},
	{
		"id": 34,
		"name": "Chlorophyll"
	},
	{
		"id": 0,
		"name": "--"
	}
],
"forms": [
	{
		"form_id": 0,
		"id": 420,
		"name": "Cherubi"
	}
],
"evolutions": [
	{
		"id": 421,
		"name": "Cherrim",
		"type": "LEVEL",
		"val": 25
	}
],
"moves": [
	{
		"id": 33,
		"name": "Tackle",
		"type": "level",
		"level": 1
	},
	{
		"id": 234,
		"name": "Morning Sun",
		"type": "level",
		"level": 1
	},
	{
		"id": 71,
		"name": "Absorb",
		"type": "level",
		"level": 1
	},
	{
		"id": 33,
		"name": "Tackle",
		"type": "level",
		"level": 5
	},
	{
		"id": 78,
		"name": "Stun Spore",
		"type": "level",
		"level": 9
	},
	{
		"id": 74,
		"name": "Growth",
		"type": "level",
		"level": 10
	},
	{
		"id": 270,
		"name": "Helping Hand",
		"type": "level",
		"level": 15
	},
	{
		"id": 345,
		"name": "Magical Leaf",
		"type": "level",
		"level": 20
	},
	{
		"id": 412,
		"name": "Energy Ball",
		"type": "level",
		"level": 21
	},
	{
		"id": 241,
		"name": "Sunny Day",
		"type": "level",
		"level": 22
	},
	{
		"id": 73,
		"name": "Leech Seed",
		"type": "level",
		"level": 26
	},
	{
		"id": 79,
		"name": "Sleep Powder",
		"type": "level",
		"level": 29
	},
	{
		"id": 36,
		"name": "Take Down",
		"type": "level",
		"level": 30
	},
	{
		"id": 38,
		"name": "Double-Edge",
		"type": "level",
		"level": 37
	},
	{
		"id": 381,
		"name": "Lucky Chant",
		"type": "level",
		"level": 40
	},
	{
		"id": 388,
		"name": "Worry Seed",
		"type": "level",
		"level": 40
	},
	{
		"id": 76,
		"name": "SolarBeam",
		"type": "level",
		"level": 45
	},
	{
		"id": 80,
		"name": "Petal Dance",
		"type": "level",
		"level": 47
	},
	{
		"id": 505,
		"name": "Heal Pulse",
		"type": "egg_moves"
	},
	{
		"id": 320,
		"name": "GrassWhistle",
		"type": "egg_moves"
	},
	{
		"id": 361,
		"name": "Healing Wish",
		"type": "egg_moves"
	},
	{
		"id": 321,
		"name": "Tickle",
		"type": "egg_moves"
	},
	{
		"id": 312,
		"name": "Aromatherapy",
		"type": "egg_moves"
	},
	{
		"id": 75,
		"name": "Razor Leaf",
		"type": "egg_moves"
	},
	{
		"id": 388,
		"name": "Worry Seed",
		"type": "move_tutor"
	},
	{
		"id": 111,
		"name": "Defense Curl",
		"type": "move_tutor"
	},
	{
		"id": 173,
		"name": "Snore",
		"type": "move_tutor"
	},
	{
		"id": 235,
		"name": "Synthesis",
		"type": "move_tutor"
	},
	{
		"id": 76,
		"name": "SolarBeam",
		"type": "move_learner_tools"
	},
	{
		"id": 156,
		"name": "Rest",
		"type": "move_learner_tools"
	},
	{
		"id": 205,
		"name": "Rollout",
		"type": "move_learner_tools"
	},
	{
		"id": 311,
		"name": "Weather Ball",
		"type": "move_learner_tools"
	},
	{
		"id": 230,
		"name": "Sweet Scent",
		"type": "move_learner_tools"
	},
	{
		"id": 148,
		"name": "Flash",
		"type": "move_learner_tools"
	},
	{
		"id": 219,
		"name": "Safeguard",
		"type": "move_learner_tools"
	},
	{
		"id": 218,
		"name": "Frustration",
		"type": "move_learner_tools"
	},
	{
		"id": 216,
		"name": "Return",
		"type": "move_learner_tools"
	},
	{
		"id": 214,
		"name": "Sleep Talk",
		"type": "move_learner_tools"
	},
	{
		"id": 213,
		"name": "Attract",
		"type": "move_learner_tools"
	},
	{
		"id": 290,
		"name": "Secret Power",
		"type": "move_learner_tools"
	},
	{
		"id": 447,
		"name": "Grass Knot",
		"type": "move_learner_tools"
	},
	{
		"id": 445,
		"name": "Captivate",
		"type": "move_learner_tools"
	},
	{
		"id": 207,
		"name": "Swagger",
		"type": "move_learner_tools"
	},
	{
		"id": 363,
		"name": "Natural Gift",
		"type": "move_learner_tools"
	},
	{
		"id": 203,
		"name": "Endure",
		"type": "move_learner_tools"
	},
	{
		"id": 202,
		"name": "Giga Drain",
		"type": "move_learner_tools"
	},
	{
		"id": 38,
		"name": "Double-Edge",
		"type": "move_learner_tools"
	},
	{
		"id": 36,
		"name": "Take Down",
		"type": "move_learner_tools"
	},
	{
		"id": 270,
		"name": "Helping Hand",
		"type": "move_learner_tools"
	},
	{
		"id": 267,
		"name": "Nature Power",
		"type": "move_learner_tools"
	},
	{
		"id": 345,
		"name": "Magical Leaf",
		"type": "move_learner_tools"
	},
	{
		"id": 263,
		"name": "Facade",
		"type": "move_learner_tools"
	},
	{
		"id": 104,
		"name": "Double Team",
		"type": "move_learner_tools"
	},
	{
		"id": 182,
		"name": "Protect",
		"type": "move_learner_tools"
	},
	{
		"id": 496,
		"name": "Round",
		"type": "move_learner_tools"
	},
	{
		"id": 412,
		"name": "Energy Ball",
		"type": "move_learner_tools"
	},
	{
		"id": 331,
		"name": "Bullet Seed",
		"type": "move_learner_tools"
	},
	{
		"id": 14,
		"name": "Swords Dance",
		"type": "move_learner_tools"
	},
	{
		"id": 92,
		"name": "Toxic",
		"type": "move_learner_tools"
	},
	{
		"id": 402,
		"name": "Seed Bomb",
		"type": "move_learner_tools"
	},
	{
		"id": 164,
		"name": "Substitute",
		"type": "move_learner_tools"
	},
	{
		"id": 241,
		"name": "Sunny Day",
		"type": "move_learner_tools"
	},
	{
		"id": 237,
		"name": "Hidden Power",
		"type": "move_learner_tools"
	}
],
"types": [
	"GRASS",
	"GRASS"
],
"stats": {
	"hp": 45,
	"attack": 35,
	"defense": 45,
	"speed": 35,
	"sp_attack": 62,
	"sp_defense": 53
},
"yields": {
	"exp": 55,
	"ev_hp": 0,
	"ev_attack": 0,
	"ev_defense": 0,
	"ev_speed": 0,
	"ev_sp_attack": 1,
	"ev_sp_defense": 0
},
"tiers": [
	"Untiered"
],
"held_items": [
	{
		"id": 5239,
		"name": "Miracle Seed"
	}
],
"locations": [
	{
		"type": "Honey Tree",
		"region_id": 3,
		"region_name": "Sinnoh",
		"location": "Honey Tree",
		"min_level": 15,
		"max_level": 20,
		"rarity": "Uncommon"
	}
]
}