{
"id": 426,
"name": "Drifblim",
"exp_type": "FLUCTUATING",
"obtainable": true,
"gender_ratio": 127,
"height": 12,
"weight": 150,
"egg_groups": [
	"chaos"
],
"abilities": [
	{
		"id": 106,
		"name": "Aftermath"
	},
	{
		"id": 84,
		"name": "Unburden"
	},
	{
		"id": 138,
		"name": "Flare Boost"
	}
],
"forms": [
	{
		"form_id": 0,
		"id": 426,
		"name": "Drifblim"
	}
],
"evolutions": [],
"moves": [
	{
		"id": 16,
		"name": "Gust",
		"type": "level",
		"level": 1
	},
	{
		"id": 107,
		"name": "Minimize",
		"type": "level",
		"level": 1
	},
	{
		"id": 116,
		"name": "Focus Energy",
		"type": "level",
		"level": 1
	},
	{
		"id": 132,
		"name": "Constrict",
		"type": "level",
		"level": 1
	},
	{
		"id": 310,
		"name": "Astonish",
		"type": "level",
		"level": 1
	},
	{
		"id": 93,
		"name": "Confusion",
		"type": "level",
		"level": 1
	},
	{
		"id": 310,
		"name": "Astonish",
		"type": "level",
		"level": 4
	},
	{
		"id": 95,
		"name": "Hypnosis",
		"type": "level",
		"level": 5
	},
	{
		"id": 16,
		"name": "Gust",
		"type": "level",
		"level": 8
	},
	{
		"id": 371,
		"name": "Payback",
		"type": "level",
		"level": 12
	},
	{
		"id": 116,
		"name": "Focus Energy",
		"type": "level",
		"level": 13
	},
	{
		"id": 347,
		"name": "Calm Mind",
		"type": "level",
		"level": 15
	},
	{
		"id": 506,
		"name": "Hex",
		"type": "level",
		"level": 16
	},
	{
		"id": 247,
		"name": "Shadow Ball",
		"type": "level",
		"level": 20
	},
	{
		"id": 466,
		"name": "Ominous Wind",
		"type": "level",
		"level": 20
	},
	{
		"id": 254,
		"name": "Stockpile",
		"type": "level",
		"level": 24
	},
	{
		"id": 255,
		"name": "Spit Up",
		"type": "level",
		"level": 24
	},
	{
		"id": 256,
		"name": "Swallow",
		"type": "level",
		"level": 24
	},
	{
		"id": 326,
		"name": "Extrasensory",
		"type": "level",
		"level": 29
	},
	{
		"id": 120,
		"name": "Selfdestruct",
		"type": "level",
		"level": 31
	},
	{
		"id": 194,
		"name": "Destiny Bond",
		"type": "level",
		"level": 36
	},
	{
		"id": 226,
		"name": "Baton Pass",
		"type": "level",
		"level": 42
	},
	{
		"id": 133,
		"name": "Amnesia",
		"type": "level",
		"level": 46
	},
	{
		"id": 366,
		"name": "Tailwind",
		"type": "level",
		"level": 48
	},
	{
		"id": 153,
		"name": "Explosion",
		"type": "level",
		"level": 54
	},
	{
		"id": 389,
		"name": "Sucker Punch",
		"type": "move_tutor"
	},
	{
		"id": 20,
		"name": "Bind",
		"type": "move_tutor"
	},
	{
		"id": 220,
		"name": "Pain Split",
		"type": "move_tutor"
	},
	{
		"id": 173,
		"name": "Snore",
		"type": "move_tutor"
	},
	{
		"id": 466,
		"name": "Ominous Wind",
		"type": "move_tutor"
	},
	{
		"id": 95,
		"name": "Hypnosis",
		"type": "move_tutor"
	},
	{
		"id": 277,
		"name": "Magic Coat",
		"type": "move_tutor"
	},
	{
		"id": 148,
		"name": "Flash",
		"type": "move_learner_tools"
	},
	{
		"id": 314,
		"name": "Air Cutter",
		"type": "move_learner_tools"
	},
	{
		"id": 156,
		"name": "Rest",
		"type": "move_learner_tools"
	},
	{
		"id": 318,
		"name": "Silver Wind",
		"type": "move_learner_tools"
	},
	{
		"id": 153,
		"name": "Explosion",
		"type": "move_learner_tools"
	},
	{
		"id": 477,
		"name": "Telekinesis",
		"type": "move_learner_tools"
	},
	{
		"id": 311,
		"name": "Weather Ball",
		"type": "move_learner_tools"
	},
	{
		"id": 19,
		"name": "Fly",
		"type": "move_learner_tools"
	},
	{
		"id": 180,
		"name": "Spite",
		"type": "move_learner_tools"
	},
	{
		"id": 138,
		"name": "Dream Eater",
		"type": "move_learner_tools"
	},
	{
		"id": 133,
		"name": "Amnesia",
		"type": "move_learner_tools"
	},
	{
		"id": 129,
		"name": "Swift",
		"type": "move_learner_tools"
	},
	{
		"id": 290,
		"name": "Secret Power",
		"type": "move_learner_tools"
	},
	{
		"id": 451,
		"name": "Charge Beam",
		"type": "move_learner_tools"
	},
	{
		"id": 286,
		"name": "Imprison",
		"type": "move_learner_tools"
	},
	{
		"id": 285,
		"name": "Skill Swap",
		"type": "move_learner_tools"
	},
	{
		"id": 120,
		"name": "Selfdestruct",
		"type": "move_learner_tools"
	},
	{
		"id": 445,
		"name": "Captivate",
		"type": "move_learner_tools"
	},
	{
		"id": 203,
		"name": "Endure",
		"type": "move_learner_tools"
	},
	{
		"id": 116,
		"name": "Focus Energy",
		"type": "move_learner_tools"
	},
	{
		"id": 278,
		"name": "Recycle",
		"type": "move_learner_tools"
	},
	{
		"id": 114,
		"name": "Haze",
		"type": "move_learner_tools"
	},
	{
		"id": 271,
		"name": "Trick",
		"type": "move_learner_tools"
	},
	{
		"id": 433,
		"name": "Trick Room",
		"type": "move_learner_tools"
	},
	{
		"id": 432,
		"name": "Defog",
		"type": "move_learner_tools"
	},
	{
		"id": 104,
		"name": "Double Team",
		"type": "move_learner_tools"
	},
	{
		"id": 101,
		"name": "Night Shade",
		"type": "move_learner_tools"
	},
	{
		"id": 263,
		"name": "Facade",
		"type": "move_learner_tools"
	},
	{
		"id": 261,
		"name": "Will-O-Wisp",
		"type": "move_learner_tools"
	},
	{
		"id": 94,
		"name": "Psychic",
		"type": "move_learner_tools"
	},
	{
		"id": 92,
		"name": "Toxic",
		"type": "move_learner_tools"
	},
	{
		"id": 416,
		"name": "Giga Impact",
		"type": "move_learner_tools"
	},
	{
		"id": 87,
		"name": "Thunder",
		"type": "move_learner_tools"
	},
	{
		"id": 86,
		"name": "Thunder Wave",
		"type": "move_learner_tools"
	},
	{
		"id": 85,
		"name": "Thunderbolt",
		"type": "move_learner_tools"
	},
	{
		"id": 247,
		"name": "Shadow Ball",
		"type": "move_learner_tools"
	},
	{
		"id": 244,
		"name": "Psych Up",
		"type": "move_learner_tools"
	},
	{
		"id": 240,
		"name": "Rain Dance",
		"type": "move_learner_tools"
	},
	{
		"id": 241,
		"name": "Sunny Day",
		"type": "move_learner_tools"
	},
	{
		"id": 403,
		"name": "Air Slash",
		"type": "move_learner_tools"
	},
	{
		"id": 237,
		"name": "Hidden Power",
		"type": "move_learner_tools"
	},
	{
		"id": 63,
		"name": "Hyper Beam",
		"type": "move_learner_tools"
	},
	{
		"id": 226,
		"name": "Baton Pass",
		"type": "move_learner_tools"
	},
	{
		"id": 60,
		"name": "Psybeam",
		"type": "move_learner_tools"
	},
	{
		"id": 34,
		"name": "Body Slam",
		"type": "move_learner_tools"
	},
	{
		"id": 218,
		"name": "Frustration",
		"type": "move_learner_tools"
	},
	{
		"id": 213,
		"name": "Attract",
		"type": "move_learner_tools"
	},
	{
		"id": 216,
		"name": "Return",
		"type": "move_learner_tools"
	},
	{
		"id": 214,
		"name": "Sleep Talk",
		"type": "move_learner_tools"
	},
	{
		"id": 270,
		"name": "Helping Hand",
		"type": "move_learner_tools"
	},
	{
		"id": 374,
		"name": "Fling",
		"type": "move_learner_tools"
	},
	{
		"id": 373,
		"name": "Embargo",
		"type": "move_learner_tools"
	},
	{
		"id": 371,
		"name": "Payback",
		"type": "move_learner_tools"
	},
	{
		"id": 207,
		"name": "Swagger",
		"type": "move_learner_tools"
	},
	{
		"id": 205,
		"name": "Rollout",
		"type": "move_learner_tools"
	},
	{
		"id": 366,
		"name": "Tailwind",
		"type": "move_learner_tools"
	},
	{
		"id": 282,
		"name": "Knock Off",
		"type": "move_learner_tools"
	},
	{
		"id": 363,
		"name": "Natural Gift",
		"type": "move_learner_tools"
	},
	{
		"id": 360,
		"name": "Gyro Ball",
		"type": "move_learner_tools"
	},
	{
		"id": 196,
		"name": "Icy Wind",
		"type": "move_learner_tools"
	},
	{
		"id": 189,
		"name": "Mud-Slap",
		"type": "move_learner_tools"
	},
	{
		"id": 351,
		"name": "Shock Wave",
		"type": "move_learner_tools"
	},
	{
		"id": 512,
		"name": "Acrobatics",
		"type": "move_learner_tools"
	},
	{
		"id": 347,
		"name": "Calm Mind",
		"type": "move_learner_tools"
	},
	{
		"id": 182,
		"name": "Protect",
		"type": "move_learner_tools"
	},
	{
		"id": 506,
		"name": "Hex",
		"type": "move_learner_tools"
	},
	{
		"id": 15,
		"name": "Cut",
		"type": "move_learner_tools"
	},
	{
		"id": 502,
		"name": "Ally Switch",
		"type": "move_learner_tools"
	},
	{
		"id": 500,
		"name": "Stored Power",
		"type": "move_learner_tools"
	},
	{
		"id": 496,
		"name": "Round",
		"type": "move_learner_tools"
	},
	{
		"id": 332,
		"name": "Aerial Ace",
		"type": "move_learner_tools"
	},
	{
		"id": 168,
		"name": "Thief",
		"type": "move_learner_tools"
	},
	{
		"id": 164,
		"name": "Substitute",
		"type": "move_learner_tools"
	}
],
"types": [
	"GHOST",
	"FLYING"
],
"stats": {
	"hp": 150,
	"attack": 80,
	"defense": 44,
	"speed": 80,
	"sp_attack": 90,
	"sp_defense": 54
},
"yields": {
	"exp": 174,
	"ev_hp": 2,
	"ev_attack": 0,
	"ev_defense": 0,
	"ev_speed": 0,
	"ev_sp_attack": 0,
	"ev_sp_defense": 0
},
"tiers": [
	"Untiered"
],
"held_items": [
	{
		"id": 5541,
		"name": "Air Balloon"
	}
],
"locations": [
	{
		"type": "Shadow",
		"region_id": 2,
		"region_name": "Unova",
		"location": "Celestial Tower",
		"min_level": 32,
		"max_level": 33,
		"rarity": "Special"
	},
	{
		"type": "Grass",
		"region_id": 2,
		"region_name": "Unova",
		"location": "Giant Chasm",
		"min_level": 49,
		"max_level": 49,
		"rarity": "Uncommon"
	},
	{
		"type": "Dark Grass",
		"region_id": 2,
		"region_name": "Unova",
		"location": "Giant Chasm",
		"min_level": 54,
		"max_level": 54,
		"rarity": "Uncommon"
	},
	{
		"type": "Grass",
		"region_id": 2,
		"region_name": "Unova",
		"location": "Route 13",
		"min_level": 49,
		"max_level": 49,
		"rarity": "Uncommon"
	},
	{
		"type": "Grass",
		"region_id": 2,
		"region_name": "Unova",
		"location": "Route 13 (Night)",
		"min_level": 46,
		"max_level": 47,
		"rarity": "Horde"
	},
	{
		"type": "Dark Grass",
		"region_id": 2,
		"region_name": "Unova",
		"location": "Route 13",
		"min_level": 54,
		"max_level": 54,
		"rarity": "Uncommon"
	},
	{
		"type": "Grass",
		"region_id": 2,
		"region_name": "Unova",
		"location": "Route 14",
		"min_level": 49,
		"max_level": 49,
		"rarity": "Uncommon"
	},
	{
		"type": "Dark Grass",
		"region_id": 2,
		"region_name": "Unova",
		"location": "Route 14",
		"min_level": 54,
		"max_level": 54,
		"rarity": "Uncommon"
	}
]
}