{
"id": 427,
"name": "Buneary",
"exp_type": "MEDIUM_FAST",
"obtainable": true,
"gender_ratio": 127,
"height": 4,
"weight": 55,
"egg_groups": [
	"field",
	"humanoid"
],
"abilities": [
	{
		"id": 50,
		"name": "Run Away"
	},
	{
		"id": 103,
		"name": "Klutz"
	},
	{
		"id": 7,
		"name": "Limber"
	}
],
"forms": [
	{
		"form_id": 0,
		"id": 427,
		"name": "Buneary"
	}
],
"evolutions": [
	{
		"id": 428,
		"name": "Lopunny",
		"type": "HAPPINESS",
		"val": 0
	}
],
"moves": [
	{
		"id": 1,
		"name": "Pound",
		"type": "level",
		"level": 1
	},
	{
		"id": 111,
		"name": "Defense Curl",
		"type": "level",
		"level": 1
	},
	{
		"id": 150,
		"name": "Splash",
		"type": "level",
		"level": 1
	},
	{
		"id": 193,
		"name": "Foresight",
		"type": "level",
		"level": 1
	},
	{
		"id": 218,
		"name": "Frustration",
		"type": "level",
		"level": 1
	},
	{
		"id": 98,
		"name": "Quick Attack",
		"type": "level",
		"level": 1
	},
	{
		"id": 111,
		"name": "Defense Curl",
		"type": "level",
		"level": 4
	},
	{
		"id": 203,
		"name": "Endure",
		"type": "level",
		"level": 6
	},
	{
		"id": 129,
		"name": "Swift",
		"type": "level",
		"level": 10
	},
	{
		"id": 495,
		"name": "After You",
		"type": "level",
		"level": 12
	},
	{
		"id": 98,
		"name": "Quick Attack",
		"type": "level",
		"level": 16
	},
	{
		"id": 24,
		"name": "Double Kick",
		"type": "level",
		"level": 20
	},
	{
		"id": 26,
		"name": "Jump Kick",
		"type": "level",
		"level": 23
	},
	{
		"id": 458,
		"name": "Double Hit",
		"type": "level",
		"level": 23
	},
	{
		"id": 204,
		"name": "Charm",
		"type": "level",
		"level": 24
	},
	{
		"id": 226,
		"name": "Baton Pass",
		"type": "level",
		"level": 28
	},
	{
		"id": 29,
		"name": "Headbutt",
		"type": "level",
		"level": 32
	},
	{
		"id": 97,
		"name": "Agility",
		"type": "level",
		"level": 36
	},
	{
		"id": 146,
		"name": "Dizzy Punch",
		"type": "level",
		"level": 36
	},
	{
		"id": 494,
		"name": "Entrainment",
		"type": "level",
		"level": 40
	},
	{
		"id": 38,
		"name": "Double-Edge",
		"type": "level",
		"level": 40
	},
	{
		"id": 260,
		"name": "Flatter",
		"type": "level",
		"level": 44
	},
	{
		"id": 340,
		"name": "Bounce",
		"type": "level",
		"level": 48
	},
	{
		"id": 361,
		"name": "Healing Wish",
		"type": "level",
		"level": 52
	},
	{
		"id": 298,
		"name": "Teeter Dance",
		"type": "egg_moves"
	},
	{
		"id": 300,
		"name": "Mud Sport",
		"type": "egg_moves"
	},
	{
		"id": 383,
		"name": "Copycat",
		"type": "egg_moves"
	},
	{
		"id": 175,
		"name": "Flail",
		"type": "egg_moves"
	},
	{
		"id": 327,
		"name": "Sky Uppercut",
		"type": "egg_moves"
	},
	{
		"id": 509,
		"name": "Circle Throw",
		"type": "egg_moves"
	},
	{
		"id": 186,
		"name": "Sweet Kiss",
		"type": "egg_moves"
	},
	{
		"id": 415,
		"name": "Switcheroo",
		"type": "egg_moves"
	},
	{
		"id": 252,
		"name": "Fake Out",
		"type": "move_tutor"
	},
	{
		"id": 343,
		"name": "Covet",
		"type": "move_tutor"
	},
	{
		"id": 387,
		"name": "Last Resort",
		"type": "move_tutor"
	},
	{
		"id": 340,
		"name": "Bounce",
		"type": "move_tutor"
	},
	{
		"id": 495,
		"name": "After You",
		"type": "move_tutor"
	},
	{
		"id": 215,
		"name": "Heal Bell",
		"type": "move_tutor"
	},
	{
		"id": 283,
		"name": "Endeavor",
		"type": "move_tutor"
	},
	{
		"id": 173,
		"name": "Snore",
		"type": "move_tutor"
	},
	{
		"id": 111,
		"name": "Defense Curl",
		"type": "move_tutor"
	},
	{
		"id": 277,
		"name": "Magic Coat",
		"type": "move_tutor"
	},
	{
		"id": 104,
		"name": "Double Team",
		"type": "move_learner_tools"
	},
	{
		"id": 409,
		"name": "Drain Punch",
		"type": "move_learner_tools"
	},
	{
		"id": 240,
		"name": "Rain Dance",
		"type": "move_learner_tools"
	},
	{
		"id": 270,
		"name": "Helping Hand",
		"type": "move_learner_tools"
	},
	{
		"id": 129,
		"name": "Swift",
		"type": "move_learner_tools"
	},
	{
		"id": 264,
		"name": "Focus Punch",
		"type": "move_learner_tools"
	},
	{
		"id": 263,
		"name": "Facade",
		"type": "move_learner_tools"
	},
	{
		"id": 38,
		"name": "Double-Edge",
		"type": "move_learner_tools"
	},
	{
		"id": 253,
		"name": "Uproar",
		"type": "move_learner_tools"
	},
	{
		"id": 526,
		"name": "Work Up",
		"type": "move_learner_tools"
	},
	{
		"id": 249,
		"name": "Rock Smash",
		"type": "move_learner_tools"
	},
	{
		"id": 247,
		"name": "Shadow Ball",
		"type": "move_learner_tools"
	},
	{
		"id": 241,
		"name": "Sunny Day",
		"type": "move_learner_tools"
	},
	{
		"id": 514,
		"name": "Retaliate",
		"type": "move_learner_tools"
	},
	{
		"id": 374,
		"name": "Fling",
		"type": "move_learner_tools"
	},
	{
		"id": 372,
		"name": "Assurance",
		"type": "move_learner_tools"
	},
	{
		"id": 371,
		"name": "Payback",
		"type": "move_learner_tools"
	},
	{
		"id": 231,
		"name": "Iron Tail",
		"type": "move_learner_tools"
	},
	{
		"id": 92,
		"name": "Toxic",
		"type": "move_learner_tools"
	},
	{
		"id": 91,
		"name": "Dig",
		"type": "move_learner_tools"
	},
	{
		"id": 227,
		"name": "Encore",
		"type": "move_learner_tools"
	},
	{
		"id": 363,
		"name": "Natural Gift",
		"type": "move_learner_tools"
	},
	{
		"id": 86,
		"name": "Thunder Wave",
		"type": "move_learner_tools"
	},
	{
		"id": 496,
		"name": "Round",
		"type": "move_learner_tools"
	},
	{
		"id": 218,
		"name": "Frustration",
		"type": "move_learner_tools"
	},
	{
		"id": 490,
		"name": "Low Sweep",
		"type": "move_learner_tools"
	},
	{
		"id": 352,
		"name": "Water Pulse",
		"type": "move_learner_tools"
	},
	{
		"id": 351,
		"name": "Shock Wave",
		"type": "move_learner_tools"
	},
	{
		"id": 213,
		"name": "Attract",
		"type": "move_learner_tools"
	},
	{
		"id": 207,
		"name": "Swagger",
		"type": "move_learner_tools"
	},
	{
		"id": 67,
		"name": "Low Kick",
		"type": "move_learner_tools"
	},
	{
		"id": 204,
		"name": "Charm",
		"type": "move_learner_tools"
	},
	{
		"id": 203,
		"name": "Endure",
		"type": "move_learner_tools"
	},
	{
		"id": 76,
		"name": "SolarBeam",
		"type": "move_learner_tools"
	},
	{
		"id": 58,
		"name": "Ice Beam",
		"type": "move_learner_tools"
	},
	{
		"id": 214,
		"name": "Sleep Talk",
		"type": "move_learner_tools"
	},
	{
		"id": 216,
		"name": "Return",
		"type": "move_learner_tools"
	},
	{
		"id": 85,
		"name": "Thunderbolt",
		"type": "move_learner_tools"
	},
	{
		"id": 322,
		"name": "Cosmic Power",
		"type": "move_learner_tools"
	},
	{
		"id": 182,
		"name": "Protect",
		"type": "move_learner_tools"
	},
	{
		"id": 226,
		"name": "Baton Pass",
		"type": "move_learner_tools"
	},
	{
		"id": 451,
		"name": "Charge Beam",
		"type": "move_learner_tools"
	},
	{
		"id": 313,
		"name": "Fake Tears",
		"type": "move_learner_tools"
	},
	{
		"id": 97,
		"name": "Agility",
		"type": "move_learner_tools"
	},
	{
		"id": 447,
		"name": "Grass Knot",
		"type": "move_learner_tools"
	},
	{
		"id": 445,
		"name": "Captivate",
		"type": "move_learner_tools"
	},
	{
		"id": 237,
		"name": "Hidden Power",
		"type": "move_learner_tools"
	},
	{
		"id": 304,
		"name": "Hyper Voice",
		"type": "move_learner_tools"
	},
	{
		"id": 29,
		"name": "Headbutt",
		"type": "move_learner_tools"
	},
	{
		"id": 164,
		"name": "Substitute",
		"type": "move_learner_tools"
	},
	{
		"id": 25,
		"name": "Mega Kick",
		"type": "move_learner_tools"
	},
	{
		"id": 189,
		"name": "Mud-Slap",
		"type": "move_learner_tools"
	},
	{
		"id": 156,
		"name": "Rest",
		"type": "move_learner_tools"
	},
	{
		"id": 290,
		"name": "Secret Power",
		"type": "move_learner_tools"
	},
	{
		"id": 15,
		"name": "Cut",
		"type": "move_learner_tools"
	},
	{
		"id": 9,
		"name": "ThunderPunch",
		"type": "move_learner_tools"
	},
	{
		"id": 8,
		"name": "Ice Punch",
		"type": "move_learner_tools"
	},
	{
		"id": 7,
		"name": "Fire Punch",
		"type": "move_learner_tools"
	},
	{
		"id": 5,
		"name": "Mega Punch",
		"type": "move_learner_tools"
	}
],
"types": [
	"NORMAL",
	"NORMAL"
],
"stats": {
	"hp": 55,
	"attack": 66,
	"defense": 44,
	"speed": 85,
	"sp_attack": 44,
	"sp_defense": 56
},
"yields": {
	"exp": 70,
	"ev_hp": 0,
	"ev_attack": 0,
	"ev_defense": 0,
	"ev_speed": 1,
	"ev_sp_attack": 0,
	"ev_sp_defense": 0
},
"tiers": [
	"Untiered"
],
"held_items": [
	{
		"id": 5151,
		"name": "Pecha Berry"
	},
	{
		"id": 5189,
		"name": "Chople Berry"
	}
],
"locations": [
	{
		"type": "Grass",
		"region_id": 3,
		"region_name": "Sinnoh",
		"location": "Eterna Forest",
		"min_level": 10,
		"max_level": 10,
		"rarity": "Horde"
	},
	{
		"type": "Grass",
		"region_id": 3,
		"region_name": "Sinnoh",
		"location": "Eterna Forest",
		"min_level": 11,
		"max_level": 13,
		"rarity": "Common"
	}
]
}