{
"id": 431,
"name": "Glameow",
"exp_type": "FAST",
"obtainable": true,
"gender_ratio": 191,
"height": 5,
"weight": 39,
"egg_groups": [
	"field"
],
"abilities": [
	{
		"id": 7,
		"name": "Limber"
	},
	{
		"id": 20,
		"name": "Own Tempo"
	},
	{
		"id": 51,
		"name": "Keen Eye"
	}
],
"forms": [
	{
		"form_id": 0,
		"id": 431,
		"name": "Glameow"
	}
],
"evolutions": [
	{
		"id": 432,
		"name": "Purugly",
		"type": "LEVEL",
		"val": 38
	}
],
"moves": [
	{
		"id": 252,
		"name": "Fake Out",
		"type": "level",
		"level": 1
	},
	{
		"id": 33,
		"name": "Tackle",
		"type": "level",
		"level": 1
	},
	{
		"id": 10,
		"name": "Scratch",
		"type": "level",
		"level": 5
	},
	{
		"id": 45,
		"name": "Growl",
		"type": "level",
		"level": 8
	},
	{
		"id": 417,
		"name": "Nasty Plot",
		"type": "level",
		"level": 10
	},
	{
		"id": 95,
		"name": "Hypnosis",
		"type": "level",
		"level": 13
	},
	{
		"id": 185,
		"name": "Faint Attack",
		"type": "level",
		"level": 17
	},
	{
		"id": 332,
		"name": "Aerial Ace",
		"type": "level",
		"level": 17
	},
	{
		"id": 154,
		"name": "Fury Swipes",
		"type": "level",
		"level": 20
	},
	{
		"id": 400,
		"name": "Night Slash",
		"type": "level",
		"level": 23
	},
	{
		"id": 204,
		"name": "Charm",
		"type": "level",
		"level": 25
	},
	{
		"id": 274,
		"name": "Assist",
		"type": "level",
		"level": 29
	},
	{
		"id": 269,
		"name": "Taunt",
		"type": "level",
		"level": 29
	},
	{
		"id": 445,
		"name": "Captivate",
		"type": "level",
		"level": 32
	},
	{
		"id": 514,
		"name": "Retaliate",
		"type": "level",
		"level": 32
	},
	{
		"id": 163,
		"name": "Slash",
		"type": "level",
		"level": 37
	},
	{
		"id": 38,
		"name": "Double-Edge",
		"type": "level",
		"level": 40
	},
	{
		"id": 389,
		"name": "Sucker Punch",
		"type": "level",
		"level": 41
	},
	{
		"id": 213,
		"name": "Attract",
		"type": "level",
		"level": 44
	},
	{
		"id": 468,
		"name": "Hone Claws",
		"type": "level",
		"level": 48
	},
	{
		"id": 44,
		"name": "Bite",
		"type": "egg_moves"
	},
	{
		"id": 39,
		"name": "Tail Whip",
		"type": "egg_moves"
	},
	{
		"id": 175,
		"name": "Flail",
		"type": "egg_moves"
	},
	{
		"id": 358,
		"name": "Wake-Up Slap",
		"type": "egg_moves"
	},
	{
		"id": 98,
		"name": "Quick Attack",
		"type": "egg_moves"
	},
	{
		"id": 28,
		"name": "Sand-Attack",
		"type": "egg_moves"
	},
	{
		"id": 252,
		"name": "Fake Out",
		"type": "move_tutor"
	},
	{
		"id": 389,
		"name": "Sucker Punch",
		"type": "move_tutor"
	},
	{
		"id": 387,
		"name": "Last Resort",
		"type": "move_tutor"
	},
	{
		"id": 343,
		"name": "Covet",
		"type": "move_tutor"
	},
	{
		"id": 173,
		"name": "Snore",
		"type": "move_tutor"
	},
	{
		"id": 95,
		"name": "Hypnosis",
		"type": "move_tutor"
	},
	{
		"id": 185,
		"name": "Faint Attack",
		"type": "move_tutor"
	},
	{
		"id": 104,
		"name": "Double Team",
		"type": "move_learner_tools"
	},
	{
		"id": 240,
		"name": "Rain Dance",
		"type": "move_learner_tools"
	},
	{
		"id": 269,
		"name": "Taunt",
		"type": "move_learner_tools"
	},
	{
		"id": 129,
		"name": "Swift",
		"type": "move_learner_tools"
	},
	{
		"id": 263,
		"name": "Facade",
		"type": "move_learner_tools"
	},
	{
		"id": 259,
		"name": "Torment",
		"type": "move_learner_tools"
	},
	{
		"id": 15,
		"name": "Cut",
		"type": "move_learner_tools"
	},
	{
		"id": 526,
		"name": "Work Up",
		"type": "move_learner_tools"
	},
	{
		"id": 247,
		"name": "Shadow Ball",
		"type": "move_learner_tools"
	},
	{
		"id": 244,
		"name": "Psych Up",
		"type": "move_learner_tools"
	},
	{
		"id": 241,
		"name": "Sunny Day",
		"type": "move_learner_tools"
	},
	{
		"id": 514,
		"name": "Retaliate",
		"type": "move_learner_tools"
	},
	{
		"id": 85,
		"name": "Thunderbolt",
		"type": "move_learner_tools"
	},
	{
		"id": 237,
		"name": "Hidden Power",
		"type": "move_learner_tools"
	},
	{
		"id": 372,
		"name": "Assurance",
		"type": "move_learner_tools"
	},
	{
		"id": 371,
		"name": "Payback",
		"type": "move_learner_tools"
	},
	{
		"id": 369,
		"name": "U-turn",
		"type": "move_learner_tools"
	},
	{
		"id": 231,
		"name": "Iron Tail",
		"type": "move_learner_tools"
	},
	{
		"id": 92,
		"name": "Toxic",
		"type": "move_learner_tools"
	},
	{
		"id": 91,
		"name": "Dig",
		"type": "move_learner_tools"
	},
	{
		"id": 363,
		"name": "Natural Gift",
		"type": "move_learner_tools"
	},
	{
		"id": 87,
		"name": "Thunder",
		"type": "move_learner_tools"
	},
	{
		"id": 497,
		"name": "Echoed Voice",
		"type": "move_learner_tools"
	},
	{
		"id": 496,
		"name": "Round",
		"type": "move_learner_tools"
	},
	{
		"id": 492,
		"name": "Foul Play",
		"type": "move_learner_tools"
	},
	{
		"id": 216,
		"name": "Return",
		"type": "move_learner_tools"
	},
	{
		"id": 352,
		"name": "Water Pulse",
		"type": "move_learner_tools"
	},
	{
		"id": 351,
		"name": "Shock Wave",
		"type": "move_learner_tools"
	},
	{
		"id": 213,
		"name": "Attract",
		"type": "move_learner_tools"
	},
	{
		"id": 210,
		"name": "Fury Cutter",
		"type": "move_learner_tools"
	},
	{
		"id": 207,
		"name": "Swagger",
		"type": "move_learner_tools"
	},
	{
		"id": 204,
		"name": "Charm",
		"type": "move_learner_tools"
	},
	{
		"id": 203,
		"name": "Endure",
		"type": "move_learner_tools"
	},
	{
		"id": 332,
		"name": "Aerial Ace",
		"type": "move_learner_tools"
	},
	{
		"id": 468,
		"name": "Hone Claws",
		"type": "move_learner_tools"
	},
	{
		"id": 214,
		"name": "Sleep Talk",
		"type": "move_learner_tools"
	},
	{
		"id": 189,
		"name": "Mud-Slap",
		"type": "move_learner_tools"
	},
	{
		"id": 218,
		"name": "Frustration",
		"type": "move_learner_tools"
	},
	{
		"id": 182,
		"name": "Protect",
		"type": "move_learner_tools"
	},
	{
		"id": 313,
		"name": "Fake Tears",
		"type": "move_learner_tools"
	},
	{
		"id": 38,
		"name": "Double-Edge",
		"type": "move_learner_tools"
	},
	{
		"id": 445,
		"name": "Captivate",
		"type": "move_learner_tools"
	},
	{
		"id": 168,
		"name": "Thief",
		"type": "move_learner_tools"
	},
	{
		"id": 304,
		"name": "Hyper Voice",
		"type": "move_learner_tools"
	},
	{
		"id": 29,
		"name": "Headbutt",
		"type": "move_learner_tools"
	},
	{
		"id": 164,
		"name": "Substitute",
		"type": "move_learner_tools"
	},
	{
		"id": 162,
		"name": "Super Fang",
		"type": "move_learner_tools"
	},
	{
		"id": 156,
		"name": "Rest",
		"type": "move_learner_tools"
	},
	{
		"id": 290,
		"name": "Secret Power",
		"type": "move_learner_tools"
	},
	{
		"id": 289,
		"name": "Snatch",
		"type": "move_learner_tools"
	},
	{
		"id": 148,
		"name": "Flash",
		"type": "move_learner_tools"
	},
	{
		"id": 421,
		"name": "Shadow Claw",
		"type": "move_learner_tools"
	},
	{
		"id": 282,
		"name": "Knock Off",
		"type": "move_learner_tools"
	},
	{
		"id": 417,
		"name": "Nasty Plot",
		"type": "move_learner_tools"
	},
	{
		"id": 138,
		"name": "Dream Eater",
		"type": "move_learner_tools"
	}
],
"types": [
	"NORMAL",
	"NORMAL"
],
"stats": {
	"hp": 49,
	"attack": 55,
	"defense": 42,
	"speed": 85,
	"sp_attack": 42,
	"sp_defense": 37
},
"yields": {
	"exp": 62,
	"ev_hp": 0,
	"ev_attack": 0,
	"ev_defense": 0,
	"ev_speed": 1,
	"ev_sp_attack": 0,
	"ev_sp_defense": 0
},
"tiers": [
	"Untiered"
],
"held_items": [
	{
		"id": 5149,
		"name": "Cheri Berry"
	}
],
"locations": [
	{
		"type": "Grass",
		"region_id": 3,
		"region_name": "Sinnoh",
		"location": "Route 218",
		"min_level": 29,
		"max_level": 30,
		"rarity": "Uncommon"
	},
	{
		"type": "Grass",
		"region_id": 3,
		"region_name": "Sinnoh",
		"location": "Route 222",
		"min_level": 40,
		"max_level": 40,
		"rarity": "Uncommon"
	}
]
}