{
"id": 441,
"name": "Chatot",
"exp_type": "MEDIUM_SLOW",
"obtainable": true,
"gender_ratio": 127,
"height": 5,
"weight": 19,
"egg_groups": [
	"flying"
],
"abilities": [
	{
		"id": 51,
		"name": "Keen Eye"
	},
	{
		"id": 77,
		"name": "Tangled Feet"
	},
	{
		"id": 145,
		"name": "Big Pecks"
	}
],
"forms": [
	{
		"form_id": 0,
		"id": 441,
		"name": "Chatot"
	}
],
"evolutions": [],
"moves": [
	{
		"id": 64,
		"name": "Peck",
		"type": "level",
		"level": 1
	},
	{
		"id": 269,
		"name": "Taunt",
		"type": "level",
		"level": 1
	},
	{
		"id": 304,
		"name": "Hyper Voice",
		"type": "level",
		"level": 1
	},
	{
		"id": 448,
		"name": "Chatter",
		"type": "level",
		"level": 1
	},
	{
		"id": 16,
		"name": "Gust",
		"type": "level",
		"level": 1
	},
	{
		"id": 64,
		"name": "Peck",
		"type": "level",
		"level": 5
	},
	{
		"id": 129,
		"name": "Swift",
		"type": "level",
		"level": 6
	},
	{
		"id": 119,
		"name": "Mirror Move",
		"type": "level",
		"level": 9
	},
	{
		"id": 45,
		"name": "Growl",
		"type": "level",
		"level": 9
	},
	{
		"id": 314,
		"name": "Air Cutter",
		"type": "level",
		"level": 11
	},
	{
		"id": 47,
		"name": "Sing",
		"type": "level",
		"level": 13
	},
	{
		"id": 31,
		"name": "Fury Attack",
		"type": "level",
		"level": 17
	},
	{
		"id": 448,
		"name": "Chatter",
		"type": "level",
		"level": 21
	},
	{
		"id": 269,
		"name": "Taunt",
		"type": "level",
		"level": 25
	},
	{
		"id": 403,
		"name": "Air Slash",
		"type": "level",
		"level": 25
	},
	{
		"id": 496,
		"name": "Round",
		"type": "level",
		"level": 29
	},
	{
		"id": 102,
		"name": "Mimic",
		"type": "level",
		"level": 33
	},
	{
		"id": 417,
		"name": "Nasty Plot",
		"type": "level",
		"level": 34
	},
	{
		"id": 497,
		"name": "Echoed Voice",
		"type": "level",
		"level": 37
	},
	{
		"id": 355,
		"name": "Roost",
		"type": "level",
		"level": 41
	},
	{
		"id": 253,
		"name": "Uproar",
		"type": "level",
		"level": 45
	},
	{
		"id": 485,
		"name": "Synchronoise",
		"type": "level",
		"level": 49
	},
	{
		"id": 297,
		"name": "FeatherDance",
		"type": "level",
		"level": 50
	},
	{
		"id": 542,
		"name": "Hurricane",
		"type": "level",
		"level": 52
	},
	{
		"id": 304,
		"name": "Hyper Voice",
		"type": "level",
		"level": 57
	},
	{
		"id": 48,
		"name": "Supersonic",
		"type": "egg_moves"
	},
	{
		"id": 272,
		"name": "Role Play",
		"type": "move_tutor"
	},
	{
		"id": 173,
		"name": "Snore",
		"type": "move_tutor"
	},
	{
		"id": 239,
		"name": "Twister",
		"type": "move_tutor"
	},
	{
		"id": 466,
		"name": "Ominous Wind",
		"type": "move_tutor"
	},
	{
		"id": 143,
		"name": "Sky Attack",
		"type": "move_tutor"
	},
	{
		"id": 290,
		"name": "Secret Power",
		"type": "move_learner_tools"
	},
	{
		"id": 189,
		"name": "Mud-Slap",
		"type": "move_learner_tools"
	},
	{
		"id": 269,
		"name": "Taunt",
		"type": "move_learner_tools"
	},
	{
		"id": 332,
		"name": "Aerial Ace",
		"type": "move_learner_tools"
	},
	{
		"id": 445,
		"name": "Captivate",
		"type": "move_learner_tools"
	},
	{
		"id": 129,
		"name": "Swift",
		"type": "move_learner_tools"
	},
	{
		"id": 182,
		"name": "Protect",
		"type": "move_learner_tools"
	},
	{
		"id": 369,
		"name": "U-turn",
		"type": "move_learner_tools"
	},
	{
		"id": 19,
		"name": "Fly",
		"type": "move_learner_tools"
	},
	{
		"id": 366,
		"name": "Tailwind",
		"type": "move_learner_tools"
	},
	{
		"id": 365,
		"name": "Pluck",
		"type": "move_learner_tools"
	},
	{
		"id": 363,
		"name": "Natural Gift",
		"type": "move_learner_tools"
	},
	{
		"id": 168,
		"name": "Thief",
		"type": "move_learner_tools"
	},
	{
		"id": 555,
		"name": "Snarl",
		"type": "move_learner_tools"
	},
	{
		"id": 263,
		"name": "Facade",
		"type": "move_learner_tools"
	},
	{
		"id": 164,
		"name": "Substitute",
		"type": "move_learner_tools"
	},
	{
		"id": 259,
		"name": "Torment",
		"type": "move_learner_tools"
	},
	{
		"id": 355,
		"name": "Roost",
		"type": "move_learner_tools"
	},
	{
		"id": 257,
		"name": "Heat Wave",
		"type": "move_learner_tools"
	},
	{
		"id": 253,
		"name": "Uproar",
		"type": "move_learner_tools"
	},
	{
		"id": 542,
		"name": "Hurricane",
		"type": "move_learner_tools"
	},
	{
		"id": 207,
		"name": "Swagger",
		"type": "move_learner_tools"
	},
	{
		"id": 241,
		"name": "Sunny Day",
		"type": "move_learner_tools"
	},
	{
		"id": 240,
		"name": "Rain Dance",
		"type": "move_learner_tools"
	},
	{
		"id": 432,
		"name": "Defog",
		"type": "move_learner_tools"
	},
	{
		"id": 237,
		"name": "Hidden Power",
		"type": "move_learner_tools"
	},
	{
		"id": 526,
		"name": "Work Up",
		"type": "move_learner_tools"
	},
	{
		"id": 227,
		"name": "Encore",
		"type": "move_learner_tools"
	},
	{
		"id": 156,
		"name": "Rest",
		"type": "move_learner_tools"
	},
	{
		"id": 417,
		"name": "Nasty Plot",
		"type": "move_learner_tools"
	},
	{
		"id": 218,
		"name": "Frustration",
		"type": "move_learner_tools"
	},
	{
		"id": 314,
		"name": "Air Cutter",
		"type": "move_learner_tools"
	},
	{
		"id": 216,
		"name": "Return",
		"type": "move_learner_tools"
	},
	{
		"id": 214,
		"name": "Sleep Talk",
		"type": "move_learner_tools"
	},
	{
		"id": 213,
		"name": "Attract",
		"type": "move_learner_tools"
	},
	{
		"id": 211,
		"name": "Steel Wing",
		"type": "move_learner_tools"
	},
	{
		"id": 403,
		"name": "Air Slash",
		"type": "move_learner_tools"
	},
	{
		"id": 304,
		"name": "Hyper Voice",
		"type": "move_learner_tools"
	},
	{
		"id": 497,
		"name": "Echoed Voice",
		"type": "move_learner_tools"
	},
	{
		"id": 496,
		"name": "Round",
		"type": "move_learner_tools"
	},
	{
		"id": 203,
		"name": "Endure",
		"type": "move_learner_tools"
	},
	{
		"id": 104,
		"name": "Double Team",
		"type": "move_learner_tools"
	},
	{
		"id": 102,
		"name": "Mimic",
		"type": "move_learner_tools"
	},
	{
		"id": 101,
		"name": "Night Shade",
		"type": "move_learner_tools"
	},
	{
		"id": 92,
		"name": "Toxic",
		"type": "move_learner_tools"
	},
	{
		"id": 97,
		"name": "Agility",
		"type": "move_learner_tools"
	}
],
"types": [
	"NORMAL",
	"FLYING"
],
"stats": {
	"hp": 76,
	"attack": 65,
	"defense": 45,
	"speed": 91,
	"sp_attack": 92,
	"sp_defense": 42
},
"yields": {
	"exp": 144,
	"ev_hp": 0,
	"ev_attack": 1,
	"ev_defense": 0,
	"ev_speed": 0,
	"ev_sp_attack": 0,
	"ev_sp_defense": 0
},
"tiers": [
	"Untiered"
],
"held_items": [
	{
		"id": 5277,
		"name": "Metronome"
	}
],
"locations": [
	{
		"type": "Grass",
		"region_id": 3,
		"region_name": "Sinnoh",
		"location": "Route 213 (Day/Morning)",
		"min_level": 22,
		"max_level": 23,
		"rarity": "Horde"
	},
	{
		"type": "Grass",
		"region_id": 3,
		"region_name": "Sinnoh",
		"location": "Route 213 (Day/Morning)",
		"min_level": 23,
		"max_level": 25,
		"rarity": "Common"
	},
	{
		"type": "Grass",
		"region_id": 3,
		"region_name": "Sinnoh",
		"location": "Route 218 (Day/Morning)",
		"min_level": 28,
		"max_level": 30,
		"rarity": "Uncommon"
	},
	{
		"type": "Grass",
		"region_id": 3,
		"region_name": "Sinnoh",
		"location": "Route 222 (Day/Morning)",
		"min_level": 38,
		"max_level": 41,
		"rarity": "Rare"
	},
	{
		"type": "Grass",
		"region_id": 3,
		"region_name": "Sinnoh",
		"location": "Route 224 (Day/Morning)",
		"min_level": 52,
		"max_level": 54,
		"rarity": "Uncommon"
	}
]
}