{
"id": 447,
"name": "Riolu",
"exp_type": "MEDIUM_SLOW",
"obtainable": true,
"gender_ratio": 31,
"height": 7,
"weight": 202,
"egg_groups": [
	"cannot breed"
],
"abilities": [
	{
		"id": 80,
		"name": "Steadfast"
	},
	{
		"id": 39,
		"name": "Inner Focus"
	},
	{
		"id": 158,
		"name": "Prankster"
	}
],
"forms": [
	{
		"form_id": 0,
		"id": 447,
		"name": "Riolu"
	}
],
"evolutions": [
	{
		"id": 448,
		"name": "Lucario",
		"type": "HAPPINESS_DAY",
		"val": 0
	}
],
"moves": [
	{
		"id": 98,
		"name": "Quick Attack",
		"type": "level",
		"level": 1
	},
	{
		"id": 193,
		"name": "Foresight",
		"type": "level",
		"level": 1
	},
	{
		"id": 203,
		"name": "Endure",
		"type": "level",
		"level": 1
	},
	{
		"id": 249,
		"name": "Rock Smash",
		"type": "level",
		"level": 1
	},
	{
		"id": 364,
		"name": "Feint",
		"type": "level",
		"level": 4
	},
	{
		"id": 418,
		"name": "Bullet Punch",
		"type": "level",
		"level": 5
	},
	{
		"id": 232,
		"name": "Metal Claw",
		"type": "level",
		"level": 8
	},
	{
		"id": 44,
		"name": "Bite",
		"type": "level",
		"level": 9
	},
	{
		"id": 68,
		"name": "Counter",
		"type": "level",
		"level": 12
	},
	{
		"id": 334,
		"name": "Iron Defense",
		"type": "level",
		"level": 15
	},
	{
		"id": 526,
		"name": "Work Up",
		"type": "level",
		"level": 16
	},
	{
		"id": 249,
		"name": "Rock Smash",
		"type": "level",
		"level": 20
	},
	{
		"id": 396,
		"name": "Aura Sphere",
		"type": "level",
		"level": 21
	},
	{
		"id": 417,
		"name": "Nasty Plot",
		"type": "level",
		"level": 24
	},
	{
		"id": 410,
		"name": "Vacuum Wave",
		"type": "level",
		"level": 24
	},
	{
		"id": 103,
		"name": "Screech",
		"type": "level",
		"level": 28
	},
	{
		"id": 242,
		"name": "Crunch",
		"type": "level",
		"level": 29
	},
	{
		"id": 501,
		"name": "Quick Guard",
		"type": "level",
		"level": 32
	},
	{
		"id": 395,
		"name": "Force Palm",
		"type": "level",
		"level": 36
	},
	{
		"id": 339,
		"name": "Bulk Up",
		"type": "level",
		"level": 37
	},
	{
		"id": 14,
		"name": "Swords Dance",
		"type": "level",
		"level": 40
	},
	{
		"id": 270,
		"name": "Helping Hand",
		"type": "level",
		"level": 44
	},
	{
		"id": 370,
		"name": "Close Combat",
		"type": "level",
		"level": 47
	},
	{
		"id": 383,
		"name": "Copycat",
		"type": "level",
		"level": 48
	},
	{
		"id": 515,
		"name": "Final Gambit",
		"type": "level",
		"level": 52
	},
	{
		"id": 179,
		"name": "Reversal",
		"type": "level",
		"level": 56
	},
	{
		"id": 136,
		"name": "Hi Jump Kick",
		"type": "egg_moves"
	},
	{
		"id": 336,
		"name": "Howl",
		"type": "egg_moves"
	},
	{
		"id": 266,
		"name": "Follow Me",
		"type": "egg_moves"
	},
	{
		"id": 309,
		"name": "Meteor Mash",
		"type": "egg_moves"
	},
	{
		"id": 170,
		"name": "Mind Reader",
		"type": "egg_moves"
	},
	{
		"id": 238,
		"name": "Cross Chop",
		"type": "egg_moves"
	},
	{
		"id": 327,
		"name": "Sky Uppercut",
		"type": "egg_moves"
	},
	{
		"id": 509,
		"name": "Circle Throw",
		"type": "egg_moves"
	},
	{
		"id": 272,
		"name": "Role Play",
		"type": "move_tutor"
	},
	{
		"id": 173,
		"name": "Snore",
		"type": "move_tutor"
	},
	{
		"id": 393,
		"name": "Magnet Rise",
		"type": "move_tutor"
	},
	{
		"id": 530,
		"name": "Dual Chop",
		"type": "move_tutor"
	},
	{
		"id": 156,
		"name": "Rest",
		"type": "move_learner_tools"
	},
	{
		"id": 207,
		"name": "Swagger",
		"type": "move_learner_tools"
	},
	{
		"id": 363,
		"name": "Natural Gift",
		"type": "move_learner_tools"
	},
	{
		"id": 157,
		"name": "Rock Slide",
		"type": "move_learner_tools"
	},
	{
		"id": 164,
		"name": "Substitute",
		"type": "move_learner_tools"
	},
	{
		"id": 317,
		"name": "Rock Tomb",
		"type": "move_learner_tools"
	},
	{
		"id": 8,
		"name": "Ice Punch",
		"type": "move_learner_tools"
	},
	{
		"id": 91,
		"name": "Dig",
		"type": "move_learner_tools"
	},
	{
		"id": 116,
		"name": "Focus Energy",
		"type": "move_learner_tools"
	},
	{
		"id": 299,
		"name": "Blaze Kick",
		"type": "move_learner_tools"
	},
	{
		"id": 189,
		"name": "Mud-Slap",
		"type": "move_learner_tools"
	},
	{
		"id": 129,
		"name": "Swift",
		"type": "move_learner_tools"
	},
	{
		"id": 290,
		"name": "Secret Power",
		"type": "move_learner_tools"
	},
	{
		"id": 197,
		"name": "Detect",
		"type": "move_learner_tools"
	},
	{
		"id": 445,
		"name": "Captivate",
		"type": "move_learner_tools"
	},
	{
		"id": 280,
		"name": "Brick Break",
		"type": "move_learner_tools"
	},
	{
		"id": 279,
		"name": "Revenge",
		"type": "move_learner_tools"
	},
	{
		"id": 25,
		"name": "Mega Kick",
		"type": "move_learner_tools"
	},
	{
		"id": 270,
		"name": "Helping Hand",
		"type": "move_learner_tools"
	},
	{
		"id": 104,
		"name": "Double Team",
		"type": "move_learner_tools"
	},
	{
		"id": 103,
		"name": "Screech",
		"type": "move_learner_tools"
	},
	{
		"id": 428,
		"name": "Zen Headbutt",
		"type": "move_learner_tools"
	},
	{
		"id": 264,
		"name": "Focus Punch",
		"type": "move_learner_tools"
	},
	{
		"id": 263,
		"name": "Facade",
		"type": "move_learner_tools"
	},
	{
		"id": 97,
		"name": "Agility",
		"type": "move_learner_tools"
	},
	{
		"id": 421,
		"name": "Shadow Claw",
		"type": "move_learner_tools"
	},
	{
		"id": 68,
		"name": "Counter",
		"type": "move_learner_tools"
	},
	{
		"id": 92,
		"name": "Toxic",
		"type": "move_learner_tools"
	},
	{
		"id": 417,
		"name": "Nasty Plot",
		"type": "move_learner_tools"
	},
	{
		"id": 89,
		"name": "Earthquake",
		"type": "move_learner_tools"
	},
	{
		"id": 249,
		"name": "Rock Smash",
		"type": "move_learner_tools"
	},
	{
		"id": 411,
		"name": "Focus Blast",
		"type": "move_learner_tools"
	},
	{
		"id": 410,
		"name": "Vacuum Wave",
		"type": "move_learner_tools"
	},
	{
		"id": 409,
		"name": "Drain Punch",
		"type": "move_learner_tools"
	},
	{
		"id": 242,
		"name": "Crunch",
		"type": "move_learner_tools"
	},
	{
		"id": 241,
		"name": "Sunny Day",
		"type": "move_learner_tools"
	},
	{
		"id": 240,
		"name": "Rain Dance",
		"type": "move_learner_tools"
	},
	{
		"id": 237,
		"name": "Hidden Power",
		"type": "move_learner_tools"
	},
	{
		"id": 398,
		"name": "Poison Jab",
		"type": "move_learner_tools"
	},
	{
		"id": 396,
		"name": "Aura Sphere",
		"type": "move_learner_tools"
	},
	{
		"id": 232,
		"name": "Metal Claw",
		"type": "move_learner_tools"
	},
	{
		"id": 231,
		"name": "Iron Tail",
		"type": "move_learner_tools"
	},
	{
		"id": 67,
		"name": "Low Kick",
		"type": "move_learner_tools"
	},
	{
		"id": 218,
		"name": "Frustration",
		"type": "move_learner_tools"
	},
	{
		"id": 216,
		"name": "Return",
		"type": "move_learner_tools"
	},
	{
		"id": 214,
		"name": "Sleep Talk",
		"type": "move_learner_tools"
	},
	{
		"id": 213,
		"name": "Attract",
		"type": "move_learner_tools"
	},
	{
		"id": 374,
		"name": "Fling",
		"type": "move_learner_tools"
	},
	{
		"id": 210,
		"name": "Fury Cutter",
		"type": "move_learner_tools"
	},
	{
		"id": 46,
		"name": "Roar",
		"type": "move_learner_tools"
	},
	{
		"id": 371,
		"name": "Payback",
		"type": "move_learner_tools"
	},
	{
		"id": 370,
		"name": "Close Combat",
		"type": "move_learner_tools"
	},
	{
		"id": 203,
		"name": "Endure",
		"type": "move_learner_tools"
	},
	{
		"id": 526,
		"name": "Work Up",
		"type": "move_learner_tools"
	},
	{
		"id": 36,
		"name": "Take Down",
		"type": "move_learner_tools"
	},
	{
		"id": 523,
		"name": "Bulldoze",
		"type": "move_learner_tools"
	},
	{
		"id": 29,
		"name": "Headbutt",
		"type": "move_learner_tools"
	},
	{
		"id": 352,
		"name": "Water Pulse",
		"type": "move_learner_tools"
	},
	{
		"id": 514,
		"name": "Retaliate",
		"type": "move_learner_tools"
	},
	{
		"id": 70,
		"name": "Strength",
		"type": "move_learner_tools"
	},
	{
		"id": 182,
		"name": "Protect",
		"type": "move_learner_tools"
	},
	{
		"id": 179,
		"name": "Reversal",
		"type": "move_learner_tools"
	},
	{
		"id": 14,
		"name": "Swords Dance",
		"type": "move_learner_tools"
	},
	{
		"id": 339,
		"name": "Bulk Up",
		"type": "move_learner_tools"
	},
	{
		"id": 9,
		"name": "ThunderPunch",
		"type": "move_learner_tools"
	},
	{
		"id": 334,
		"name": "Iron Defense",
		"type": "move_learner_tools"
	},
	{
		"id": 496,
		"name": "Round",
		"type": "move_learner_tools"
	},
	{
		"id": 332,
		"name": "Aerial Ace",
		"type": "move_learner_tools"
	},
	{
		"id": 5,
		"name": "Mega Punch",
		"type": "move_learner_tools"
	},
	{
		"id": 490,
		"name": "Low Sweep",
		"type": "move_learner_tools"
	}
],
"types": [
	"FIGHTING",
	"FIGHTING"
],
"stats": {
	"hp": 40,
	"attack": 70,
	"defense": 40,
	"speed": 60,
	"sp_attack": 35,
	"sp_defense": 40
},
"yields": {
	"exp": 57,
	"ev_hp": 0,
	"ev_attack": 1,
	"ev_defense": 0,
	"ev_speed": 0,
	"ev_sp_attack": 0,
	"ev_sp_defense": 0
},
"tiers": [
	"Untiered"
],
"held_items": [],
"locations": [
	{
		"type": "Cave",
		"region_id": 2,
		"region_name": "Unova",
		"location": "Challenger's Cave",
		"min_level": 49,
		"max_level": 50,
		"rarity": "Very Rare"
	},
	{
		"type": "Dust Cloud",
		"region_id": 2,
		"region_name": "Unova",
		"location": "Guidance Chamber",
		"min_level": 36,
		"max_level": 41,
		"rarity": "Special"
	},
	{
		"type": "Grass",
		"region_id": 2,
		"region_name": "Unova",
		"location": "Pinwheel Forest",
		"min_level": 17,
		"max_level": 17,
		"rarity": "Lure"
	},
	{
		"type": "Grass",
		"region_id": 2,
		"region_name": "Unova",
		"location": "Pinwheel Forest",
		"min_level": 13,
		"max_level": 15,
		"rarity": "Special"
	},
	{
		"type": "Grass",
		"region_id": 3,
		"region_name": "Sinnoh",
		"location": "Route 216",
		"min_level": 32,
		"max_level": 33,
		"rarity": "Rare"
	}
]
}