{
"id": 457,
"name": "Lumineon",
"exp_type": "ERRATIC",
"obtainable": true,
"gender_ratio": 127,
"height": 12,
"weight": 240,
"egg_groups": [
	"water b"
],
"abilities": [
	{
		"id": 33,
		"name": "Swift Swim"
	},
	{
		"id": 114,
		"name": "Storm Drain"
	},
	{
		"id": 41,
		"name": "Water Veil"
	}
],
"forms": [
	{
		"form_id": 0,
		"id": 457,
		"name": "Lumineon"
	}
],
"evolutions": [],
"moves": [
	{
		"id": 1,
		"name": "Pound",
		"type": "level",
		"level": 1
	},
	{
		"id": 16,
		"name": "Gust",
		"type": "level",
		"level": 1
	},
	{
		"id": 55,
		"name": "Water Gun",
		"type": "level",
		"level": 1
	},
	{
		"id": 213,
		"name": "Attract",
		"type": "level",
		"level": 1
	},
	{
		"id": 487,
		"name": "Soak",
		"type": "level",
		"level": 1
	},
	{
		"id": 145,
		"name": "Bubble",
		"type": "level",
		"level": 1
	},
	{
		"id": 55,
		"name": "Water Gun",
		"type": "level",
		"level": 6
	},
	{
		"id": 240,
		"name": "Rain Dance",
		"type": "level",
		"level": 13
	},
	{
		"id": 16,
		"name": "Gust",
		"type": "level",
		"level": 17
	},
	{
		"id": 352,
		"name": "Water Pulse",
		"type": "level",
		"level": 22
	},
	{
		"id": 403,
		"name": "Air Slash",
		"type": "level",
		"level": 25
	},
	{
		"id": 213,
		"name": "Attract",
		"type": "level",
		"level": 26
	},
	{
		"id": 445,
		"name": "Captivate",
		"type": "level",
		"level": 26
	},
	{
		"id": 175,
		"name": "Flail",
		"type": "level",
		"level": 26
	},
	{
		"id": 219,
		"name": "Safeguard",
		"type": "level",
		"level": 29
	},
	{
		"id": 355,
		"name": "Roost",
		"type": "level",
		"level": 34
	},
	{
		"id": 392,
		"name": "Aqua Ring",
		"type": "level",
		"level": 35
	},
	{
		"id": 250,
		"name": "Whirlpool",
		"type": "level",
		"level": 42
	},
	{
		"id": 56,
		"name": "Hydro Pump",
		"type": "level",
		"level": 43
	},
	{
		"id": 369,
		"name": "U-turn",
		"type": "level",
		"level": 48
	},
	{
		"id": 340,
		"name": "Bounce",
		"type": "level",
		"level": 53
	},
	{
		"id": 318,
		"name": "Silver Wind",
		"type": "level",
		"level": 59
	},
	{
		"id": 366,
		"name": "Tailwind",
		"type": "level",
		"level": 59
	},
	{
		"id": 487,
		"name": "Soak",
		"type": "level",
		"level": 66
	},
	{
		"id": 340,
		"name": "Bounce",
		"type": "move_tutor"
	},
	{
		"id": 173,
		"name": "Snore",
		"type": "move_tutor"
	},
	{
		"id": 401,
		"name": "Aqua Tail",
		"type": "move_tutor"
	},
	{
		"id": 239,
		"name": "Twister",
		"type": "move_tutor"
	},
	{
		"id": 466,
		"name": "Ominous Wind",
		"type": "move_tutor"
	},
	{
		"id": 324,
		"name": "Signal Beam",
		"type": "move_tutor"
	},
	{
		"id": 129,
		"name": "Swift",
		"type": "move_learner_tools"
	},
	{
		"id": 218,
		"name": "Frustration",
		"type": "move_learner_tools"
	},
	{
		"id": 270,
		"name": "Helping Hand",
		"type": "move_learner_tools"
	},
	{
		"id": 366,
		"name": "Tailwind",
		"type": "move_learner_tools"
	},
	{
		"id": 267,
		"name": "Nature Power",
		"type": "move_learner_tools"
	},
	{
		"id": 403,
		"name": "Air Slash",
		"type": "move_learner_tools"
	},
	{
		"id": 127,
		"name": "Waterfall",
		"type": "move_learner_tools"
	},
	{
		"id": 263,
		"name": "Facade",
		"type": "move_learner_tools"
	},
	{
		"id": 258,
		"name": "Snowscape",
		"type": "move_learner_tools"
	},
	{
		"id": 250,
		"name": "Whirlpool",
		"type": "move_learner_tools"
	},
	{
		"id": 109,
		"name": "Confuse Ray",
		"type": "move_learner_tools"
	},
	{
		"id": 244,
		"name": "Psych Up",
		"type": "move_learner_tools"
	},
	{
		"id": 104,
		"name": "Double Team",
		"type": "move_learner_tools"
	},
	{
		"id": 240,
		"name": "Rain Dance",
		"type": "move_learner_tools"
	},
	{
		"id": 512,
		"name": "Acrobatics",
		"type": "move_learner_tools"
	},
	{
		"id": 237,
		"name": "Hidden Power",
		"type": "move_learner_tools"
	},
	{
		"id": 371,
		"name": "Payback",
		"type": "move_learner_tools"
	},
	{
		"id": 369,
		"name": "U-turn",
		"type": "move_learner_tools"
	},
	{
		"id": 59,
		"name": "Blizzard",
		"type": "move_learner_tools"
	},
	{
		"id": 503,
		"name": "Scald",
		"type": "move_learner_tools"
	},
	{
		"id": 227,
		"name": "Encore",
		"type": "move_learner_tools"
	},
	{
		"id": 363,
		"name": "Natural Gift",
		"type": "move_learner_tools"
	},
	{
		"id": 362,
		"name": "Brine",
		"type": "move_learner_tools"
	},
	{
		"id": 496,
		"name": "Round",
		"type": "move_learner_tools"
	},
	{
		"id": 219,
		"name": "Safeguard",
		"type": "move_learner_tools"
	},
	{
		"id": 355,
		"name": "Roost",
		"type": "move_learner_tools"
	},
	{
		"id": 216,
		"name": "Return",
		"type": "move_learner_tools"
	},
	{
		"id": 352,
		"name": "Water Pulse",
		"type": "move_learner_tools"
	},
	{
		"id": 214,
		"name": "Sleep Talk",
		"type": "move_learner_tools"
	},
	{
		"id": 213,
		"name": "Attract",
		"type": "move_learner_tools"
	},
	{
		"id": 207,
		"name": "Swagger",
		"type": "move_learner_tools"
	},
	{
		"id": 204,
		"name": "Charm",
		"type": "move_learner_tools"
	},
	{
		"id": 203,
		"name": "Endure",
		"type": "move_learner_tools"
	},
	{
		"id": 63,
		"name": "Hyper Beam",
		"type": "move_learner_tools"
	},
	{
		"id": 60,
		"name": "Psybeam",
		"type": "move_learner_tools"
	},
	{
		"id": 196,
		"name": "Icy Wind",
		"type": "move_learner_tools"
	},
	{
		"id": 332,
		"name": "Aerial Ace",
		"type": "move_learner_tools"
	},
	{
		"id": 57,
		"name": "Surf",
		"type": "move_learner_tools"
	},
	{
		"id": 56,
		"name": "Hydro Pump",
		"type": "move_learner_tools"
	},
	{
		"id": 55,
		"name": "Water Gun",
		"type": "move_learner_tools"
	},
	{
		"id": 182,
		"name": "Protect",
		"type": "move_learner_tools"
	},
	{
		"id": 318,
		"name": "Silver Wind",
		"type": "move_learner_tools"
	},
	{
		"id": 92,
		"name": "Toxic",
		"type": "move_learner_tools"
	},
	{
		"id": 314,
		"name": "Air Cutter",
		"type": "move_learner_tools"
	},
	{
		"id": 97,
		"name": "Agility",
		"type": "move_learner_tools"
	},
	{
		"id": 36,
		"name": "Take Down",
		"type": "move_learner_tools"
	},
	{
		"id": 445,
		"name": "Captivate",
		"type": "move_learner_tools"
	},
	{
		"id": 168,
		"name": "Thief",
		"type": "move_learner_tools"
	},
	{
		"id": 164,
		"name": "Substitute",
		"type": "move_learner_tools"
	},
	{
		"id": 432,
		"name": "Defog",
		"type": "move_learner_tools"
	},
	{
		"id": 156,
		"name": "Rest",
		"type": "move_learner_tools"
	},
	{
		"id": 58,
		"name": "Ice Beam",
		"type": "move_learner_tools"
	},
	{
		"id": 291,
		"name": "Dive",
		"type": "move_learner_tools"
	},
	{
		"id": 290,
		"name": "Secret Power",
		"type": "move_learner_tools"
	},
	{
		"id": 148,
		"name": "Flash",
		"type": "move_learner_tools"
	},
	{
		"id": 416,
		"name": "Giga Impact",
		"type": "move_learner_tools"
	}
],
"types": [
	"WATER",
	"WATER"
],
"stats": {
	"hp": 69,
	"attack": 69,
	"defense": 76,
	"speed": 91,
	"sp_attack": 69,
	"sp_defense": 86
},
"yields": {
	"exp": 161,
	"ev_hp": 0,
	"ev_attack": 0,
	"ev_defense": 0,
	"ev_speed": 2,
	"ev_sp_attack": 0,
	"ev_sp_defense": 0
},
"tiers": [
	"Untiered"
],
"held_items": [
	{
		"id": 5187,
		"name": "Rindo Berry"
	}
],
"locations": [
	{
		"type": "Water",
		"region_id": 2,
		"region_name": "Unova",
		"location": "P2 Laboratory",
		"min_level": 38,
		"max_level": 38,
		"rarity": "Lure"
	},
	{
		"type": "Fishing",
		"region_id": 2,
		"region_name": "Unova",
		"location": "P2 Laboratory",
		"min_level": 35,
		"max_level": 70,
		"rarity": "Special"
	},
	{
		"type": "Fishing",
		"region_id": 2,
		"region_name": "Unova",
		"location": "Route 17",
		"min_level": 55,
		"max_level": 60,
		"rarity": "Special"
	},
	{
		"type": "Fishing",
		"region_id": 2,
		"region_name": "Unova",
		"location": "Route 18",
		"min_level": 55,
		"max_level": 60,
		"rarity": "Special"
	},
	{
		"type": "Super Rod",
		"region_id": 3,
		"region_name": "Sinnoh",
		"location": "Canalave City",
		"min_level": 31,
		"max_level": 55,
		"rarity": "Very Common"
	},
	{
		"type": "Super Rod",
		"region_id": 3,
		"region_name": "Sinnoh",
		"location": "Fuego Ironworks",
		"min_level": 31,
		"max_level": 55,
		"rarity": "Very Common"
	},
	{
		"type": "Super Rod",
		"region_id": 3,
		"region_name": "Sinnoh",
		"location": "Iron Island",
		"min_level": 31,
		"max_level": 55,
		"rarity": "Very Common"
	},
	{
		"type": "Super Rod",
		"region_id": 3,
		"region_name": "Sinnoh",
		"location": "Route 205",
		"min_level": 31,
		"max_level": 50,
		"rarity": "Very Common"
	},
	{
		"type": "Super Rod",
		"region_id": 3,
		"region_name": "Sinnoh",
		"location": "Route 218",
		"min_level": 31,
		"max_level": 55,
		"rarity": "Very Common"
	},
	{
		"type": "Good Rod",
		"region_id": 3,
		"region_name": "Sinnoh",
		"location": "Route 219",
		"min_level": 31,
		"max_level": 35,
		"rarity": "Rare"
	},
	{
		"type": "Super Rod",
		"region_id": 3,
		"region_name": "Sinnoh",
		"location": "Route 219",
		"min_level": 31,
		"max_level": 55,
		"rarity": "Very Common"
	},
	{
		"type": "Good Rod",
		"region_id": 3,
		"region_name": "Sinnoh",
		"location": "Route 220",
		"min_level": 31,
		"max_level": 35,
		"rarity": "Rare"
	},
	{
		"type": "Super Rod",
		"region_id": 3,
		"region_name": "Sinnoh",
		"location": "Route 220",
		"min_level": 31,
		"max_level": 55,
		"rarity": "Common"
	},
	{
		"type": "Good Rod",
		"region_id": 3,
		"region_name": "Sinnoh",
		"location": "Route 221",
		"min_level": 31,
		"max_level": 35,
		"rarity": "Rare"
	},
	{
		"type": "Super Rod",
		"region_id": 3,
		"region_name": "Sinnoh",
		"location": "Route 221",
		"min_level": 31,
		"max_level": 55,
		"rarity": "Very Common"
	},
	{
		"type": "Super Rod",
		"region_id": 3,
		"region_name": "Sinnoh",
		"location": "Valley Windworks",
		"min_level": 31,
		"max_level": 50,
		"rarity": "Very Common"
	}
]
}