{
"id": 458,
"name": "Mantyke",
"exp_type": "SLOW",
"obtainable": true,
"gender_ratio": 127,
"height": 10,
"weight": 650,
"egg_groups": [
	"cannot breed"
],
"abilities": [
	{
		"id": 33,
		"name": "Swift Swim"
	},
	{
		"id": 11,
		"name": "Water Absorb"
	},
	{
		"id": 41,
		"name": "Water Veil"
	}
],
"forms": [
	{
		"form_id": 0,
		"id": 458,
		"name": "Mantyke"
	}
],
"evolutions": [
	{
		"id": 226,
		"name": "Mantine",
		"type": "LEVEL_WITH_MONSTER",
		"val": 223
	}
],
"moves": [
	{
		"id": 33,
		"name": "Tackle",
		"type": "level",
		"level": 1
	},
	{
		"id": 55,
		"name": "Water Gun",
		"type": "level",
		"level": 1
	},
	{
		"id": 145,
		"name": "Bubble",
		"type": "level",
		"level": 1
	},
	{
		"id": 48,
		"name": "Supersonic",
		"type": "level",
		"level": 4
	},
	{
		"id": 145,
		"name": "Bubble",
		"type": "level",
		"level": 5
	},
	{
		"id": 17,
		"name": "Wing Attack",
		"type": "level",
		"level": 8
	},
	{
		"id": 332,
		"name": "Aerial Ace",
		"type": "level",
		"level": 9
	},
	{
		"id": 109,
		"name": "Confuse Ray",
		"type": "level",
		"level": 11
	},
	{
		"id": 352,
		"name": "Water Pulse",
		"type": "level",
		"level": 12
	},
	{
		"id": 469,
		"name": "Wide Guard",
		"type": "level",
		"level": 16
	},
	{
		"id": 97,
		"name": "Agility",
		"type": "level",
		"level": 20
	},
	{
		"id": 61,
		"name": "BubbleBeam",
		"type": "level",
		"level": 24
	},
	{
		"id": 29,
		"name": "Headbutt",
		"type": "level",
		"level": 28
	},
	{
		"id": 355,
		"name": "Roost",
		"type": "level",
		"level": 29
	},
	{
		"id": 403,
		"name": "Air Slash",
		"type": "level",
		"level": 32
	},
	{
		"id": 392,
		"name": "Aqua Ring",
		"type": "level",
		"level": 36
	},
	{
		"id": 340,
		"name": "Bounce",
		"type": "level",
		"level": 40
	},
	{
		"id": 36,
		"name": "Take Down",
		"type": "level",
		"level": 44
	},
	{
		"id": 38,
		"name": "Double-Edge",
		"type": "level",
		"level": 47
	},
	{
		"id": 56,
		"name": "Hydro Pump",
		"type": "level",
		"level": 48
	},
	{
		"id": 21,
		"name": "Slam",
		"type": "egg_moves"
	},
	{
		"id": 300,
		"name": "Mud Sport",
		"type": "egg_moves"
	},
	{
		"id": 243,
		"name": "Mirror Coat",
		"type": "egg_moves"
	},
	{
		"id": 150,
		"name": "Splash",
		"type": "egg_moves"
	},
	{
		"id": 346,
		"name": "Water Sport",
		"type": "egg_moves"
	},
	{
		"id": 340,
		"name": "Bounce",
		"type": "move_tutor"
	},
	{
		"id": 173,
		"name": "Snore",
		"type": "move_tutor"
	},
	{
		"id": 239,
		"name": "Twister",
		"type": "move_tutor"
	},
	{
		"id": 324,
		"name": "Signal Beam",
		"type": "move_tutor"
	},
	{
		"id": 133,
		"name": "Amnesia",
		"type": "move_learner_tools"
	},
	{
		"id": 218,
		"name": "Frustration",
		"type": "move_learner_tools"
	},
	{
		"id": 270,
		"name": "Helping Hand",
		"type": "move_learner_tools"
	},
	{
		"id": 366,
		"name": "Tailwind",
		"type": "move_learner_tools"
	},
	{
		"id": 403,
		"name": "Air Slash",
		"type": "move_learner_tools"
	},
	{
		"id": 127,
		"name": "Waterfall",
		"type": "move_learner_tools"
	},
	{
		"id": 263,
		"name": "Facade",
		"type": "move_learner_tools"
	},
	{
		"id": 258,
		"name": "Snowscape",
		"type": "move_learner_tools"
	},
	{
		"id": 114,
		"name": "Haze",
		"type": "move_learner_tools"
	},
	{
		"id": 250,
		"name": "Whirlpool",
		"type": "move_learner_tools"
	},
	{
		"id": 523,
		"name": "Bulldoze",
		"type": "move_learner_tools"
	},
	{
		"id": 109,
		"name": "Confuse Ray",
		"type": "move_learner_tools"
	},
	{
		"id": 104,
		"name": "Double Team",
		"type": "move_learner_tools"
	},
	{
		"id": 240,
		"name": "Rain Dance",
		"type": "move_learner_tools"
	},
	{
		"id": 512,
		"name": "Acrobatics",
		"type": "move_learner_tools"
	},
	{
		"id": 237,
		"name": "Hidden Power",
		"type": "move_learner_tools"
	},
	{
		"id": 97,
		"name": "Agility",
		"type": "move_learner_tools"
	},
	{
		"id": 59,
		"name": "Blizzard",
		"type": "move_learner_tools"
	},
	{
		"id": 503,
		"name": "Scald",
		"type": "move_learner_tools"
	},
	{
		"id": 363,
		"name": "Natural Gift",
		"type": "move_learner_tools"
	},
	{
		"id": 496,
		"name": "Round",
		"type": "move_learner_tools"
	},
	{
		"id": 355,
		"name": "Roost",
		"type": "move_learner_tools"
	},
	{
		"id": 216,
		"name": "Return",
		"type": "move_learner_tools"
	},
	{
		"id": 352,
		"name": "Water Pulse",
		"type": "move_learner_tools"
	},
	{
		"id": 214,
		"name": "Sleep Talk",
		"type": "move_learner_tools"
	},
	{
		"id": 213,
		"name": "Attract",
		"type": "move_learner_tools"
	},
	{
		"id": 207,
		"name": "Swagger",
		"type": "move_learner_tools"
	},
	{
		"id": 203,
		"name": "Endure",
		"type": "move_learner_tools"
	},
	{
		"id": 61,
		"name": "BubbleBeam",
		"type": "move_learner_tools"
	},
	{
		"id": 196,
		"name": "Icy Wind",
		"type": "move_learner_tools"
	},
	{
		"id": 332,
		"name": "Aerial Ace",
		"type": "move_learner_tools"
	},
	{
		"id": 57,
		"name": "Surf",
		"type": "move_learner_tools"
	},
	{
		"id": 56,
		"name": "Hydro Pump",
		"type": "move_learner_tools"
	},
	{
		"id": 55,
		"name": "Water Gun",
		"type": "move_learner_tools"
	},
	{
		"id": 189,
		"name": "Mud-Slap",
		"type": "move_learner_tools"
	},
	{
		"id": 89,
		"name": "Earthquake",
		"type": "move_learner_tools"
	},
	{
		"id": 182,
		"name": "Protect",
		"type": "move_learner_tools"
	},
	{
		"id": 92,
		"name": "Toxic",
		"type": "move_learner_tools"
	},
	{
		"id": 314,
		"name": "Air Cutter",
		"type": "move_learner_tools"
	},
	{
		"id": 38,
		"name": "Double-Edge",
		"type": "move_learner_tools"
	},
	{
		"id": 36,
		"name": "Take Down",
		"type": "move_learner_tools"
	},
	{
		"id": 445,
		"name": "Captivate",
		"type": "move_learner_tools"
	},
	{
		"id": 29,
		"name": "Headbutt",
		"type": "move_learner_tools"
	},
	{
		"id": 164,
		"name": "Substitute",
		"type": "move_learner_tools"
	},
	{
		"id": 157,
		"name": "Rock Slide",
		"type": "move_learner_tools"
	},
	{
		"id": 156,
		"name": "Rest",
		"type": "move_learner_tools"
	},
	{
		"id": 58,
		"name": "Ice Beam",
		"type": "move_learner_tools"
	},
	{
		"id": 291,
		"name": "Dive",
		"type": "move_learner_tools"
	},
	{
		"id": 290,
		"name": "Secret Power",
		"type": "move_learner_tools"
	},
	{
		"id": 129,
		"name": "Swift",
		"type": "move_learner_tools"
	}
],
"types": [
	"WATER",
	"FLYING"
],
"stats": {
	"hp": 45,
	"attack": 20,
	"defense": 50,
	"speed": 50,
	"sp_attack": 60,
	"sp_defense": 120
},
"yields": {
	"exp": 69,
	"ev_hp": 0,
	"ev_attack": 0,
	"ev_defense": 0,
	"ev_speed": 0,
	"ev_sp_attack": 0,
	"ev_sp_defense": 1
},
"tiers": [
	"Untiered"
],
"held_items": [],
"locations": [
	{
		"type": "Water",
		"region_id": 0,
		"region_name": "Kanto",
		"location": "TRAINER TOWER",
		"min_level": 48,
		"max_level": 48,
		"rarity": "Lure"
	},
	{
		"type": "Water",
		"region_id": 1,
		"region_name": "Hoenn",
		"location": "BATTLE FRONTIER",
		"min_level": 53,
		"max_level": 53,
		"rarity": "Lure"
	},
	{
		"type": "Water",
		"region_id": 1,
		"region_name": "Hoenn",
		"location": "ROUTE 126",
		"min_level": 33,
		"max_level": 33,
		"rarity": "Lure"
	},
	{
		"type": "Water",
		"region_id": 1,
		"region_name": "Hoenn",
		"location": "ROUTE 127",
		"min_level": 33,
		"max_level": 33,
		"rarity": "Lure"
	},
	{
		"type": "Water",
		"region_id": 1,
		"region_name": "Hoenn",
		"location": "ROUTE 128",
		"min_level": 33,
		"max_level": 33,
		"rarity": "Lure"
	}
]
}