{
"id": 469,
"name": "Yanmega",
"exp_type": "MEDIUM_FAST",
"obtainable": true,
"gender_ratio": 127,
"height": 19,
"weight": 515,
"egg_groups": [
	"bug"
],
"abilities": [
	{
		"id": 3,
		"name": "Speed Boost"
	},
	{
		"id": 110,
		"name": "Tinted Lens"
	},
	{
		"id": 119,
		"name": "Frisk"
	}
],
"forms": [
	{
		"form_id": 0,
		"id": 469,
		"name": "Yanmega"
	}
],
"evolutions": [],
"moves": [
	{
		"id": 33,
		"name": "Tackle",
		"type": "level",
		"level": 1
	},
	{
		"id": 98,
		"name": "Quick Attack",
		"type": "level",
		"level": 1
	},
	{
		"id": 104,
		"name": "Double Team",
		"type": "level",
		"level": 1
	},
	{
		"id": 193,
		"name": "Foresight",
		"type": "level",
		"level": 1
	},
	{
		"id": 400,
		"name": "Night Slash",
		"type": "level",
		"level": 1
	},
	{
		"id": 403,
		"name": "Air Slash",
		"type": "level",
		"level": 1
	},
	{
		"id": 405,
		"name": "Bug Buzz",
		"type": "level",
		"level": 1
	},
	{
		"id": 450,
		"name": "Bug Bite",
		"type": "level",
		"level": 1
	},
	{
		"id": 16,
		"name": "Gust",
		"type": "level",
		"level": 1
	},
	{
		"id": 98,
		"name": "Quick Attack",
		"type": "level",
		"level": 6
	},
	{
		"id": 16,
		"name": "Gust",
		"type": "level",
		"level": 6
	},
	{
		"id": 104,
		"name": "Double Team",
		"type": "level",
		"level": 11
	},
	{
		"id": 318,
		"name": "Silver Wind",
		"type": "level",
		"level": 11
	},
	{
		"id": 49,
		"name": "SonicBoom",
		"type": "level",
		"level": 14
	},
	{
		"id": 332,
		"name": "Aerial Ace",
		"type": "level",
		"level": 14
	},
	{
		"id": 197,
		"name": "Detect",
		"type": "level",
		"level": 17
	},
	{
		"id": 95,
		"name": "Hypnosis",
		"type": "level",
		"level": 18
	},
	{
		"id": 48,
		"name": "Supersonic",
		"type": "level",
		"level": 22
	},
	{
		"id": 253,
		"name": "Uproar",
		"type": "level",
		"level": 27
	},
	{
		"id": 228,
		"name": "Pursuit",
		"type": "level",
		"level": 30
	},
	{
		"id": 81,
		"name": "String Shot",
		"type": "level",
		"level": 30
	},
	{
		"id": 246,
		"name": "AncientPower",
		"type": "level",
		"level": 33
	},
	{
		"id": 364,
		"name": "Feint",
		"type": "level",
		"level": 38
	},
	{
		"id": 163,
		"name": "Slash",
		"type": "level",
		"level": 43
	},
	{
		"id": 242,
		"name": "Crunch",
		"type": "level",
		"level": 43
	},
	{
		"id": 103,
		"name": "Screech",
		"type": "level",
		"level": 46
	},
	{
		"id": 369,
		"name": "U-turn",
		"type": "level",
		"level": 49
	},
	{
		"id": 403,
		"name": "Air Slash",
		"type": "level",
		"level": 54
	},
	{
		"id": 405,
		"name": "Bug Buzz",
		"type": "level",
		"level": 57
	},
	{
		"id": 81,
		"name": "String Shot",
		"type": "move_tutor"
	},
	{
		"id": 246,
		"name": "AncientPower",
		"type": "move_tutor"
	},
	{
		"id": 173,
		"name": "Snore",
		"type": "move_tutor"
	},
	{
		"id": 466,
		"name": "Ominous Wind",
		"type": "move_tutor"
	},
	{
		"id": 95,
		"name": "Hypnosis",
		"type": "move_tutor"
	},
	{
		"id": 324,
		"name": "Signal Beam",
		"type": "move_tutor"
	},
	{
		"id": 185,
		"name": "Faint Attack",
		"type": "move_tutor"
	},
	{
		"id": 186,
		"name": "Sweet Kiss",
		"type": "special_moves"
	},
	{
		"id": 17,
		"name": "Wing Attack",
		"type": "prevo_moves"
	},
	{
		"id": 314,
		"name": "Air Cutter",
		"type": "prevo_moves"
	},
	{
		"id": 129,
		"name": "Swift",
		"type": "prevo_moves"
	},
	{
		"id": 129,
		"name": "Swift",
		"type": "move_learner_tools"
	},
	{
		"id": 218,
		"name": "Frustration",
		"type": "move_learner_tools"
	},
	{
		"id": 405,
		"name": "Bug Buzz",
		"type": "move_learner_tools"
	},
	{
		"id": 403,
		"name": "Air Slash",
		"type": "move_learner_tools"
	},
	{
		"id": 263,
		"name": "Facade",
		"type": "move_learner_tools"
	},
	{
		"id": 253,
		"name": "Uproar",
		"type": "move_learner_tools"
	},
	{
		"id": 522,
		"name": "Struggle Bug",
		"type": "move_learner_tools"
	},
	{
		"id": 247,
		"name": "Shadow Ball",
		"type": "move_learner_tools"
	},
	{
		"id": 244,
		"name": "Psych Up",
		"type": "move_learner_tools"
	},
	{
		"id": 242,
		"name": "Crunch",
		"type": "move_learner_tools"
	},
	{
		"id": 241,
		"name": "Sunny Day",
		"type": "move_learner_tools"
	},
	{
		"id": 103,
		"name": "Screech",
		"type": "move_learner_tools"
	},
	{
		"id": 102,
		"name": "Mimic",
		"type": "move_learner_tools"
	},
	{
		"id": 237,
		"name": "Hidden Power",
		"type": "move_learner_tools"
	},
	{
		"id": 369,
		"name": "U-turn",
		"type": "move_learner_tools"
	},
	{
		"id": 94,
		"name": "Psychic",
		"type": "move_learner_tools"
	},
	{
		"id": 366,
		"name": "Tailwind",
		"type": "move_learner_tools"
	},
	{
		"id": 363,
		"name": "Natural Gift",
		"type": "move_learner_tools"
	},
	{
		"id": 496,
		"name": "Round",
		"type": "move_learner_tools"
	},
	{
		"id": 355,
		"name": "Roost",
		"type": "move_learner_tools"
	},
	{
		"id": 216,
		"name": "Return",
		"type": "move_learner_tools"
	},
	{
		"id": 214,
		"name": "Sleep Talk",
		"type": "move_learner_tools"
	},
	{
		"id": 213,
		"name": "Attract",
		"type": "move_learner_tools"
	},
	{
		"id": 211,
		"name": "Steel Wing",
		"type": "move_learner_tools"
	},
	{
		"id": 63,
		"name": "Hyper Beam",
		"type": "move_learner_tools"
	},
	{
		"id": 207,
		"name": "Swagger",
		"type": "move_learner_tools"
	},
	{
		"id": 203,
		"name": "Endure",
		"type": "move_learner_tools"
	},
	{
		"id": 202,
		"name": "Giga Drain",
		"type": "move_learner_tools"
	},
	{
		"id": 104,
		"name": "Double Team",
		"type": "move_learner_tools"
	},
	{
		"id": 197,
		"name": "Detect",
		"type": "move_learner_tools"
	},
	{
		"id": 76,
		"name": "SolarBeam",
		"type": "move_learner_tools"
	},
	{
		"id": 332,
		"name": "Aerial Ace",
		"type": "move_learner_tools"
	},
	{
		"id": 189,
		"name": "Mud-Slap",
		"type": "move_learner_tools"
	},
	{
		"id": 184,
		"name": "Scary Face",
		"type": "move_learner_tools"
	},
	{
		"id": 182,
		"name": "Protect",
		"type": "move_learner_tools"
	},
	{
		"id": 318,
		"name": "Silver Wind",
		"type": "move_learner_tools"
	},
	{
		"id": 92,
		"name": "Toxic",
		"type": "move_learner_tools"
	},
	{
		"id": 179,
		"name": "Reversal",
		"type": "move_learner_tools"
	},
	{
		"id": 314,
		"name": "Air Cutter",
		"type": "move_learner_tools"
	},
	{
		"id": 450,
		"name": "Bug Bite",
		"type": "move_learner_tools"
	},
	{
		"id": 38,
		"name": "Double-Edge",
		"type": "move_learner_tools"
	},
	{
		"id": 174,
		"name": "Curse",
		"type": "move_learner_tools"
	},
	{
		"id": 36,
		"name": "Take Down",
		"type": "move_learner_tools"
	},
	{
		"id": 445,
		"name": "Captivate",
		"type": "move_learner_tools"
	},
	{
		"id": 168,
		"name": "Thief",
		"type": "move_learner_tools"
	},
	{
		"id": 29,
		"name": "Headbutt",
		"type": "move_learner_tools"
	},
	{
		"id": 164,
		"name": "Substitute",
		"type": "move_learner_tools"
	},
	{
		"id": 432,
		"name": "Defog",
		"type": "move_learner_tools"
	},
	{
		"id": 156,
		"name": "Rest",
		"type": "move_learner_tools"
	},
	{
		"id": 18,
		"name": "Whirlwind",
		"type": "move_learner_tools"
	},
	{
		"id": 290,
		"name": "Secret Power",
		"type": "move_learner_tools"
	},
	{
		"id": 14,
		"name": "Swords Dance",
		"type": "move_learner_tools"
	},
	{
		"id": 148,
		"name": "Flash",
		"type": "move_learner_tools"
	},
	{
		"id": 416,
		"name": "Giga Impact",
		"type": "move_learner_tools"
	},
	{
		"id": 141,
		"name": "Leech Life",
		"type": "move_learner_tools"
	},
	{
		"id": 138,
		"name": "Dream Eater",
		"type": "move_learner_tools"
	}
],
"types": [
	"BUG",
	"FLYING"
],
"stats": {
	"hp": 86,
	"attack": 76,
	"defense": 86,
	"speed": 95,
	"sp_attack": 116,
	"sp_defense": 56
},
"yields": {
	"exp": 180,
	"ev_hp": 0,
	"ev_attack": 2,
	"ev_defense": 0,
	"ev_speed": 0,
	"ev_sp_attack": 0,
	"ev_sp_defense": 0
},
"tiers": [
	"Under Used"
],
"held_items": [
	{
		"id": 5265,
		"name": "Wide Lens"
	}
],
"locations": [
	{
		"type": "Inside",
		"region_id": 3,
		"region_name": "Sinnoh",
		"location": "Great Marsh",
		"min_level": 34,
		"max_level": 34,
		"rarity": "Lure"
	}
]
}