{
"id": 479,
"name": "Rotom",
"exp_type": "MEDIUM_FAST",
"obtainable": true,
"gender_ratio": 255,
"height": 3,
"weight": 3,
"egg_groups": [
	"genderless"
],
"abilities": [
	{
		"id": 26,
		"name": "Levitate"
	},
	{
		"id": 26,
		"name": "Levitate"
	},
	{
		"id": 0,
		"name": "--"
	}
],
"forms": [
	{
		"form_id": 0,
		"id": 479,
		"name": "Rotom"
	},
	{
		"form_id": 1,
		"id": 657,
		"name": "Rotom [Heat Rotom]"
	},
	{
		"form_id": 2,
		"id": 658,
		"name": "Rotom [Wash Rotom]"
	},
	{
		"form_id": 3,
		"id": 659,
		"name": "Rotom [Frost Rotom]"
	},
	{
		"form_id": 4,
		"id": 660,
		"name": "Rotom [Fan Rotom]"
	},
	{
		"form_id": 5,
		"id": 661,
		"name": "Rotom [Mow Rotom]"
	}
],
"evolutions": [],
"moves": [
	{
		"id": 84,
		"name": "ThunderShock",
		"type": "level",
		"level": 1
	},
	{
		"id": 86,
		"name": "Thunder Wave",
		"type": "level",
		"level": 1
	},
	{
		"id": 104,
		"name": "Double Team",
		"type": "level",
		"level": 1
	},
	{
		"id": 109,
		"name": "Confuse Ray",
		"type": "level",
		"level": 1
	},
	{
		"id": 268,
		"name": "Charge",
		"type": "level",
		"level": 1
	},
	{
		"id": 271,
		"name": "Trick",
		"type": "level",
		"level": 1
	},
	{
		"id": 310,
		"name": "Astonish",
		"type": "level",
		"level": 1
	},
	{
		"id": 435,
		"name": "Discharge",
		"type": "level",
		"level": 1
	},
	{
		"id": 84,
		"name": "ThunderShock",
		"type": "level",
		"level": 5
	},
	{
		"id": 451,
		"name": "Charge Beam",
		"type": "level",
		"level": 6
	},
	{
		"id": 109,
		"name": "Confuse Ray",
		"type": "level",
		"level": 10
	},
	{
		"id": 104,
		"name": "Double Team",
		"type": "level",
		"level": 15
	},
	{
		"id": 268,
		"name": "Charge",
		"type": "level",
		"level": 15
	},
	{
		"id": 486,
		"name": "Electro Ball",
		"type": "level",
		"level": 20
	},
	{
		"id": 86,
		"name": "Thunder Wave",
		"type": "level",
		"level": 25
	},
	{
		"id": 247,
		"name": "Shadow Ball",
		"type": "level",
		"level": 25
	},
	{
		"id": 466,
		"name": "Ominous Wind",
		"type": "level",
		"level": 29
	},
	{
		"id": 351,
		"name": "Shock Wave",
		"type": "level",
		"level": 30
	},
	{
		"id": 85,
		"name": "Thunderbolt",
		"type": "level",
		"level": 34
	},
	{
		"id": 506,
		"name": "Hex",
		"type": "level",
		"level": 35
	},
	{
		"id": 164,
		"name": "Substitute",
		"type": "level",
		"level": 40
	},
	{
		"id": 87,
		"name": "Thunder",
		"type": "level",
		"level": 43
	},
	{
		"id": 271,
		"name": "Trick",
		"type": "level",
		"level": 45
	},
	{
		"id": 435,
		"name": "Discharge",
		"type": "level",
		"level": 50
	},
	{
		"id": 253,
		"name": "Uproar",
		"type": "level",
		"level": 55
	},
	{
		"id": 527,
		"name": "Electroweb",
		"type": "move_tutor"
	},
	{
		"id": 220,
		"name": "Pain Split",
		"type": "move_tutor"
	},
	{
		"id": 173,
		"name": "Snore",
		"type": "move_tutor"
	},
	{
		"id": 389,
		"name": "Sucker Punch",
		"type": "move_tutor"
	},
	{
		"id": 466,
		"name": "Ominous Wind",
		"type": "move_tutor"
	},
	{
		"id": 324,
		"name": "Signal Beam",
		"type": "move_tutor"
	},
	{
		"id": 104,
		"name": "Double Team",
		"type": "move_learner_tools"
	},
	{
		"id": 271,
		"name": "Trick",
		"type": "move_learner_tools"
	},
	{
		"id": 270,
		"name": "Helping Hand",
		"type": "move_learner_tools"
	},
	{
		"id": 363,
		"name": "Natural Gift",
		"type": "move_learner_tools"
	},
	{
		"id": 268,
		"name": "Charge",
		"type": "move_learner_tools"
	},
	{
		"id": 129,
		"name": "Swift",
		"type": "move_learner_tools"
	},
	{
		"id": 263,
		"name": "Facade",
		"type": "move_learner_tools"
	},
	{
		"id": 399,
		"name": "Dark Pulse",
		"type": "move_learner_tools"
	},
	{
		"id": 261,
		"name": "Will-O-Wisp",
		"type": "move_learner_tools"
	},
	{
		"id": 85,
		"name": "Thunderbolt",
		"type": "move_learner_tools"
	},
	{
		"id": 253,
		"name": "Uproar",
		"type": "move_learner_tools"
	},
	{
		"id": 115,
		"name": "Reflect",
		"type": "move_learner_tools"
	},
	{
		"id": 113,
		"name": "Light Screen",
		"type": "move_learner_tools"
	},
	{
		"id": 521,
		"name": "Volt Switch",
		"type": "move_learner_tools"
	},
	{
		"id": 109,
		"name": "Confuse Ray",
		"type": "move_learner_tools"
	},
	{
		"id": 244,
		"name": "Psych Up",
		"type": "move_learner_tools"
	},
	{
		"id": 241,
		"name": "Sunny Day",
		"type": "move_learner_tools"
	},
	{
		"id": 240,
		"name": "Rain Dance",
		"type": "move_learner_tools"
	},
	{
		"id": 101,
		"name": "Night Shade",
		"type": "move_learner_tools"
	},
	{
		"id": 237,
		"name": "Hidden Power",
		"type": "move_learner_tools"
	},
	{
		"id": 506,
		"name": "Hex",
		"type": "move_learner_tools"
	},
	{
		"id": 92,
		"name": "Toxic",
		"type": "move_learner_tools"
	},
	{
		"id": 502,
		"name": "Ally Switch",
		"type": "move_learner_tools"
	},
	{
		"id": 500,
		"name": "Stored Power",
		"type": "move_learner_tools"
	},
	{
		"id": 87,
		"name": "Thunder",
		"type": "move_learner_tools"
	},
	{
		"id": 182,
		"name": "Protect",
		"type": "move_learner_tools"
	},
	{
		"id": 496,
		"name": "Round",
		"type": "move_learner_tools"
	},
	{
		"id": 492,
		"name": "Foul Play",
		"type": "move_learner_tools"
	},
	{
		"id": 216,
		"name": "Return",
		"type": "move_learner_tools"
	},
	{
		"id": 351,
		"name": "Shock Wave",
		"type": "move_learner_tools"
	},
	{
		"id": 486,
		"name": "Electro Ball",
		"type": "move_learner_tools"
	},
	{
		"id": 207,
		"name": "Swagger",
		"type": "move_learner_tools"
	},
	{
		"id": 477,
		"name": "Telekinesis",
		"type": "move_learner_tools"
	},
	{
		"id": 203,
		"name": "Endure",
		"type": "move_learner_tools"
	},
	{
		"id": 214,
		"name": "Sleep Talk",
		"type": "move_learner_tools"
	},
	{
		"id": 189,
		"name": "Mud-Slap",
		"type": "move_learner_tools"
	},
	{
		"id": 218,
		"name": "Frustration",
		"type": "move_learner_tools"
	},
	{
		"id": 86,
		"name": "Thunder Wave",
		"type": "move_learner_tools"
	},
	{
		"id": 247,
		"name": "Shadow Ball",
		"type": "move_learner_tools"
	},
	{
		"id": 180,
		"name": "Spite",
		"type": "move_learner_tools"
	},
	{
		"id": 451,
		"name": "Charge Beam",
		"type": "move_learner_tools"
	},
	{
		"id": 168,
		"name": "Thief",
		"type": "move_learner_tools"
	},
	{
		"id": 304,
		"name": "Hyper Voice",
		"type": "move_learner_tools"
	},
	{
		"id": 164,
		"name": "Substitute",
		"type": "move_learner_tools"
	},
	{
		"id": 432,
		"name": "Defog",
		"type": "move_learner_tools"
	},
	{
		"id": 156,
		"name": "Rest",
		"type": "move_learner_tools"
	},
	{
		"id": 290,
		"name": "Secret Power",
		"type": "move_learner_tools"
	},
	{
		"id": 289,
		"name": "Snatch",
		"type": "move_learner_tools"
	},
	{
		"id": 148,
		"name": "Flash",
		"type": "move_learner_tools"
	},
	{
		"id": 417,
		"name": "Nasty Plot",
		"type": "move_learner_tools"
	},
	{
		"id": 138,
		"name": "Dream Eater",
		"type": "move_learner_tools"
	}
],
"types": [
	"ELECTRIC",
	"GHOST"
],
"stats": {
	"hp": 50,
	"attack": 50,
	"defense": 77,
	"speed": 91,
	"sp_attack": 95,
	"sp_defense": 77
},
"yields": {
	"exp": 154,
	"ev_hp": 0,
	"ev_attack": 0,
	"ev_defense": 0,
	"ev_speed": 1,
	"ev_sp_attack": 1,
	"ev_sp_defense": 0
},
"tiers": [
	"Never Used"
],
"held_items": [],
"locations": [
	{
		"type": "Inside",
		"region_id": 3,
		"region_name": "Sinnoh",
		"location": "Old Chateau",
		"min_level": 20,
		"max_level": 20,
		"rarity": "Lure"
	}
]
}