{
"id": 48,
"name": "Venonat",
"exp_type": "MEDIUM_FAST",
"obtainable": true,
"gender_ratio": 127,
"height": 10,
"weight": 300,
"egg_groups": [
	"bug"
],
"abilities": [
	{
		"id": 14,
		"name": "Compoundeyes"
	},
	{
		"id": 110,
		"name": "Tinted Lens"
	},
	{
		"id": 50,
		"name": "Run Away"
	}
],
"forms": [
	{
		"form_id": 0,
		"id": 48,
		"name": "Venonat"
	}
],
"evolutions": [
	{
		"id": 49,
		"name": "Venomoth",
		"type": "LEVEL",
		"val": 31
	}
],
"moves": [
	{
		"id": 33,
		"name": "Tackle",
		"type": "level",
		"level": 1
	},
	{
		"id": 50,
		"name": "Disable",
		"type": "level",
		"level": 1
	},
	{
		"id": 193,
		"name": "Foresight",
		"type": "level",
		"level": 1
	},
	{
		"id": 522,
		"name": "Struggle Bug",
		"type": "level",
		"level": 1
	},
	{
		"id": 48,
		"name": "Supersonic",
		"type": "level",
		"level": 5
	},
	{
		"id": 93,
		"name": "Confusion",
		"type": "level",
		"level": 11
	},
	{
		"id": 77,
		"name": "PoisonPowder",
		"type": "level",
		"level": 13
	},
	{
		"id": 78,
		"name": "Stun Spore",
		"type": "level",
		"level": 16
	},
	{
		"id": 60,
		"name": "Psybeam",
		"type": "level",
		"level": 17
	},
	{
		"id": 79,
		"name": "Sleep Powder",
		"type": "level",
		"level": 24
	},
	{
		"id": 324,
		"name": "Signal Beam",
		"type": "level",
		"level": 25
	},
	{
		"id": 72,
		"name": "Mega Drain",
		"type": "level",
		"level": 25
	},
	{
		"id": 405,
		"name": "Bug Buzz",
		"type": "level",
		"level": 25
	},
	{
		"id": 141,
		"name": "Leech Life",
		"type": "level",
		"level": 28
	},
	{
		"id": 94,
		"name": "Psychic",
		"type": "level",
		"level": 32
	},
	{
		"id": 428,
		"name": "Zen Headbutt",
		"type": "level",
		"level": 37
	},
	{
		"id": 305,
		"name": "Poison Fang",
		"type": "level",
		"level": 41
	},
	{
		"id": 476,
		"name": "Rage Powder",
		"type": "egg_moves"
	},
	{
		"id": 234,
		"name": "Morning Sun",
		"type": "egg_moves"
	},
	{
		"id": 81,
		"name": "String Shot",
		"type": "move_tutor"
	},
	{
		"id": 173,
		"name": "Snore",
		"type": "move_tutor"
	},
	{
		"id": 324,
		"name": "Signal Beam",
		"type": "move_tutor"
	},
	{
		"id": 287,
		"name": "Refresh",
		"type": "special_moves"
	},
	{
		"id": 104,
		"name": "Double Team",
		"type": "move_learner_tools"
	},
	{
		"id": 226,
		"name": "Baton Pass",
		"type": "move_learner_tools"
	},
	{
		"id": 405,
		"name": "Bug Buzz",
		"type": "move_learner_tools"
	},
	{
		"id": 129,
		"name": "Swift",
		"type": "move_learner_tools"
	},
	{
		"id": 263,
		"name": "Facade",
		"type": "move_learner_tools"
	},
	{
		"id": 148,
		"name": "Flash",
		"type": "move_learner_tools"
	},
	{
		"id": 117,
		"name": "Bide",
		"type": "move_learner_tools"
	},
	{
		"id": 390,
		"name": "Toxic Spikes",
		"type": "move_learner_tools"
	},
	{
		"id": 115,
		"name": "Reflect",
		"type": "move_learner_tools"
	},
	{
		"id": 522,
		"name": "Struggle Bug",
		"type": "move_learner_tools"
	},
	{
		"id": 109,
		"name": "Confuse Ray",
		"type": "move_learner_tools"
	},
	{
		"id": 241,
		"name": "Sunny Day",
		"type": "move_learner_tools"
	},
	{
		"id": 103,
		"name": "Screech",
		"type": "move_learner_tools"
	},
	{
		"id": 102,
		"name": "Mimic",
		"type": "move_learner_tools"
	},
	{
		"id": 101,
		"name": "Night Shade",
		"type": "move_learner_tools"
	},
	{
		"id": 237,
		"name": "Hidden Power",
		"type": "move_learner_tools"
	},
	{
		"id": 99,
		"name": "Rage",
		"type": "move_learner_tools"
	},
	{
		"id": 97,
		"name": "Agility",
		"type": "move_learner_tools"
	},
	{
		"id": 94,
		"name": "Psychic",
		"type": "move_learner_tools"
	},
	{
		"id": 230,
		"name": "Sweet Scent",
		"type": "move_learner_tools"
	},
	{
		"id": 92,
		"name": "Toxic",
		"type": "move_learner_tools"
	},
	{
		"id": 363,
		"name": "Natural Gift",
		"type": "move_learner_tools"
	},
	{
		"id": 496,
		"name": "Round",
		"type": "move_learner_tools"
	},
	{
		"id": 218,
		"name": "Frustration",
		"type": "move_learner_tools"
	},
	{
		"id": 491,
		"name": "Acid Spray",
		"type": "move_learner_tools"
	},
	{
		"id": 216,
		"name": "Return",
		"type": "move_learner_tools"
	},
	{
		"id": 214,
		"name": "Sleep Talk",
		"type": "move_learner_tools"
	},
	{
		"id": 213,
		"name": "Attract",
		"type": "move_learner_tools"
	},
	{
		"id": 72,
		"name": "Mega Drain",
		"type": "move_learner_tools"
	},
	{
		"id": 207,
		"name": "Swagger",
		"type": "move_learner_tools"
	},
	{
		"id": 203,
		"name": "Endure",
		"type": "move_learner_tools"
	},
	{
		"id": 202,
		"name": "Giga Drain",
		"type": "move_learner_tools"
	},
	{
		"id": 474,
		"name": "Venoshock",
		"type": "move_learner_tools"
	},
	{
		"id": 60,
		"name": "Psybeam",
		"type": "move_learner_tools"
	},
	{
		"id": 76,
		"name": "SolarBeam",
		"type": "move_learner_tools"
	},
	{
		"id": 188,
		"name": "Sludge Bomb",
		"type": "move_learner_tools"
	},
	{
		"id": 182,
		"name": "Protect",
		"type": "move_learner_tools"
	},
	{
		"id": 450,
		"name": "Bug Bite",
		"type": "move_learner_tools"
	},
	{
		"id": 38,
		"name": "Double-Edge",
		"type": "move_learner_tools"
	},
	{
		"id": 174,
		"name": "Curse",
		"type": "move_learner_tools"
	},
	{
		"id": 36,
		"name": "Take Down",
		"type": "move_learner_tools"
	},
	{
		"id": 445,
		"name": "Captivate",
		"type": "move_learner_tools"
	},
	{
		"id": 168,
		"name": "Thief",
		"type": "move_learner_tools"
	},
	{
		"id": 29,
		"name": "Headbutt",
		"type": "move_learner_tools"
	},
	{
		"id": 164,
		"name": "Substitute",
		"type": "move_learner_tools"
	},
	{
		"id": 156,
		"name": "Rest",
		"type": "move_learner_tools"
	},
	{
		"id": 428,
		"name": "Zen Headbutt",
		"type": "move_learner_tools"
	},
	{
		"id": 290,
		"name": "Secret Power",
		"type": "move_learner_tools"
	},
	{
		"id": 149,
		"name": "Psywave",
		"type": "move_learner_tools"
	},
	{
		"id": 285,
		"name": "Skill Swap",
		"type": "move_learner_tools"
	},
	{
		"id": 141,
		"name": "Leech Life",
		"type": "move_learner_tools"
	},
	{
		"id": 412,
		"name": "Energy Ball",
		"type": "move_learner_tools"
	}
],
"types": [
	"BUG",
	"POISON"
],
"stats": {
	"hp": 60,
	"attack": 55,
	"defense": 50,
	"speed": 45,
	"sp_attack": 40,
	"sp_defense": 55
},
"yields": {
	"exp": 61,
	"ev_hp": 0,
	"ev_attack": 0,
	"ev_defense": 0,
	"ev_speed": 0,
	"ev_sp_attack": 0,
	"ev_sp_defense": 1
},
"tiers": [
	"Untiered"
],
"held_items": [],
"locations": [
	{
		"type": "Grass",
		"region_id": 0,
		"region_name": "Kanto",
		"location": "BERRY FOREST",
		"min_level": 41,
		"max_level": 43,
		"rarity": "Uncommon"
	},
	{
		"type": "Grass",
		"region_id": 0,
		"region_name": "Kanto",
		"location": "BOND BRIDGE",
		"min_level": 40,
		"max_level": 42,
		"rarity": "Uncommon"
	},
	{
		"type": "Grass",
		"region_id": 0,
		"region_name": "Kanto",
		"location": "ROUTE 9 (Night)",
		"min_level": 14,
		"max_level": 17,
		"rarity": "Uncommon"
	},
	{
		"type": "Grass",
		"region_id": 0,
		"region_name": "Kanto",
		"location": "ROUTE 10 (Night)",
		"min_level": 14,
		"max_level": 17,
		"rarity": "Rare"
	},
	{
		"type": "Grass",
		"region_id": 0,
		"region_name": "Kanto",
		"location": "ROUTE 12",
		"min_level": 24,
		"max_level": 26,
		"rarity": "Common"
	},
	{
		"type": "Grass",
		"region_id": 0,
		"region_name": "Kanto",
		"location": "ROUTE 12 (Night)",
		"min_level": 20,
		"max_level": 22,
		"rarity": "Horde"
	},
	{
		"type": "Grass",
		"region_id": 0,
		"region_name": "Kanto",
		"location": "ROUTE 13",
		"min_level": 24,
		"max_level": 26,
		"rarity": "Uncommon"
	},
	{
		"type": "Grass",
		"region_id": 0,
		"region_name": "Kanto",
		"location": "ROUTE 14",
		"min_level": 24,
		"max_level": 26,
		"rarity": "Uncommon"
	},
	{
		"type": "Grass",
		"region_id": 0,
		"region_name": "Kanto",
		"location": "ROUTE 15",
		"min_level": 25,
		"max_level": 27,
		"rarity": "Rare"
	},
	{
		"type": "Grass",
		"region_id": 0,
		"region_name": "Kanto",
		"location": "ROUTE 24 (Night)",
		"min_level": 8,
		"max_level": 9,
		"rarity": "Horde"
	},
	{
		"type": "Grass",
		"region_id": 0,
		"region_name": "Kanto",
		"location": "ROUTE 24 (Night)",
		"min_level": 12,
		"max_level": 14,
		"rarity": "Rare"
	},
	{
		"type": "Grass",
		"region_id": 0,
		"region_name": "Kanto",
		"location": "ROUTE 25 (Night)",
		"min_level": 12,
		"max_level": 14,
		"rarity": "Rare"
	},
	{
		"type": "Grass",
		"region_id": 0,
		"region_name": "Kanto",
		"location": "SAFARI ZONE",
		"min_level": 24,
		"max_level": 26,
		"rarity": "Uncommon"
	},
	{
		"type": "Headbutt",
		"region_id": 4,
		"region_name": "Johto",
		"location": "Azalea Town",
		"min_level": 11,
		"max_level": 12,
		"rarity": "Common"
	},
	{
		"type": "Cave",
		"region_id": 4,
		"region_name": "Johto",
		"location": "Ilex Forest (Night)",
		"min_level": 8,
		"max_level": 10,
		"rarity": "Horde"
	},
	{
		"type": "Cave",
		"region_id": 4,
		"region_name": "Johto",
		"location": "Ilex Forest (Night)",
		"min_level": 12,
		"max_level": 14,
		"rarity": "Common"
	},
	{
		"type": "Headbutt",
		"region_id": 4,
		"region_name": "Johto",
		"location": "Ilex Forest",
		"min_level": 12,
		"max_level": 14,
		"rarity": "Common"
	},
	{
		"type": "Grass",
		"region_id": 4,
		"region_name": "Johto",
		"location": "National Park (Night)",
		"min_level": 16,
		"max_level": 18,
		"rarity": "Uncommon"
	},
	{
		"type": "Headbutt",
		"region_id": 4,
		"region_name": "Johto",
		"location": "Route 32",
		"min_level": 8,
		"max_level": 9,
		"rarity": "Very Common"
	},
	{
		"type": "Headbutt",
		"region_id": 4,
		"region_name": "Johto",
		"location": "Route 33",
		"min_level": 11,
		"max_level": 12,
		"rarity": "Common"
	},
	{
		"type": "Headbutt",
		"region_id": 4,
		"region_name": "Johto",
		"location": "Route 34",
		"min_level": 13,
		"max_level": 14,
		"rarity": "Common"
	},
	{
		"type": "Grass",
		"region_id": 4,
		"region_name": "Johto",
		"location": "Route 43 (Night/Morning)",
		"min_level": 26,
		"max_level": 28,
		"rarity": "Uncommon"
	},
	{
		"type": "Headbutt",
		"region_id": 4,
		"region_name": "Johto",
		"location": "Safari Zone",
		"min_level": 28,
		"max_level": 31,
		"rarity": "Rare"
	},
	{
		"type": "Headbutt",
		"region_id": 4,
		"region_name": "Johto",
		"location": "Violet City",
		"min_level": 6,
		"max_level": 8,
		"rarity": "Very Common"
	}
]
}