{
"id": 481,
"name": "Mesprit",
"exp_type": "SLOW",
"obtainable": false,
"gender_ratio": 255,
"height": 3,
"weight": 3,
"egg_groups": [
	"cannot breed"
],
"abilities": [
	{
		"id": 26,
		"name": "Levitate"
	},
	{
		"id": 26,
		"name": "Levitate"
	},
	{
		"id": 0,
		"name": "--"
	}
],
"forms": [
	{
		"form_id": 0,
		"id": 481,
		"name": "Mesprit"
	}
],
"evolutions": [],
"moves": [
	{
		"id": 93,
		"name": "Confusion",
		"type": "level",
		"level": 1
	},
	{
		"id": 156,
		"name": "Rest",
		"type": "level",
		"level": 1
	},
	{
		"id": 361,
		"name": "Healing Wish",
		"type": "level",
		"level": 1
	},
	{
		"id": 363,
		"name": "Natural Gift",
		"type": "level",
		"level": 1
	},
	{
		"id": 383,
		"name": "Copycat",
		"type": "level",
		"level": 1
	},
	{
		"id": 129,
		"name": "Swift",
		"type": "level",
		"level": 7
	},
	{
		"id": 458,
		"name": "Double Hit",
		"type": "level",
		"level": 12
	},
	{
		"id": 182,
		"name": "Protect",
		"type": "level",
		"level": 14
	},
	{
		"id": 156,
		"name": "Rest",
		"type": "level",
		"level": 19
	},
	{
		"id": 60,
		"name": "Psybeam",
		"type": "level",
		"level": 21
	},
	{
		"id": 286,
		"name": "Imprison",
		"type": "level",
		"level": 28
	},
	{
		"id": 381,
		"name": "Lucky Chant",
		"type": "level",
		"level": 31
	},
	{
		"id": 161,
		"name": "Tri Attack",
		"type": "level",
		"level": 32
	},
	{
		"id": 326,
		"name": "Extrasensory",
		"type": "level",
		"level": 35
	},
	{
		"id": 347,
		"name": "Calm Mind",
		"type": "level",
		"level": 36
	},
	{
		"id": 204,
		"name": "Charm",
		"type": "level",
		"level": 42
	},
	{
		"id": 94,
		"name": "Psychic",
		"type": "level",
		"level": 49
	},
	{
		"id": 260,
		"name": "Flatter",
		"type": "level",
		"level": 56
	},
	{
		"id": 105,
		"name": "Recover",
		"type": "level",
		"level": 57
	},
	{
		"id": 248,
		"name": "Future Sight",
		"type": "level",
		"level": 63
	},
	{
		"id": 363,
		"name": "Natural Gift",
		"type": "level",
		"level": 66
	},
	{
		"id": 383,
		"name": "Copycat",
		"type": "level",
		"level": 70
	},
	{
		"id": 361,
		"name": "Healing Wish",
		"type": "level",
		"level": 77
	},
	{
		"id": 272,
		"name": "Role Play",
		"type": "move_tutor"
	},
	{
		"id": 478,
		"name": "Magic Room",
		"type": "move_tutor"
	},
	{
		"id": 472,
		"name": "Wonder Room",
		"type": "move_tutor"
	},
	{
		"id": 173,
		"name": "Snore",
		"type": "move_tutor"
	},
	{
		"id": 324,
		"name": "Signal Beam",
		"type": "move_tutor"
	},
	{
		"id": 277,
		"name": "Magic Coat",
		"type": "move_tutor"
	},
	{
		"id": 115,
		"name": "Reflect",
		"type": "move_learner_tools"
	},
	{
		"id": 161,
		"name": "Tri Attack",
		"type": "move_learner_tools"
	},
	{
		"id": 270,
		"name": "Helping Hand",
		"type": "move_learner_tools"
	},
	{
		"id": 156,
		"name": "Rest",
		"type": "move_learner_tools"
	},
	{
		"id": 7,
		"name": "Fire Punch",
		"type": "move_learner_tools"
	},
	{
		"id": 477,
		"name": "Telekinesis",
		"type": "move_learner_tools"
	},
	{
		"id": 148,
		"name": "Flash",
		"type": "move_learner_tools"
	},
	{
		"id": 473,
		"name": "Psyshock",
		"type": "move_learner_tools"
	},
	{
		"id": 138,
		"name": "Dream Eater",
		"type": "move_learner_tools"
	},
	{
		"id": 189,
		"name": "Mud-Slap",
		"type": "move_learner_tools"
	},
	{
		"id": 129,
		"name": "Swift",
		"type": "move_learner_tools"
	},
	{
		"id": 290,
		"name": "Secret Power",
		"type": "move_learner_tools"
	},
	{
		"id": 451,
		"name": "Charge Beam",
		"type": "move_learner_tools"
	},
	{
		"id": 286,
		"name": "Imprison",
		"type": "move_learner_tools"
	},
	{
		"id": 285,
		"name": "Skill Swap",
		"type": "move_learner_tools"
	},
	{
		"id": 447,
		"name": "Grass Knot",
		"type": "move_learner_tools"
	},
	{
		"id": 446,
		"name": "Stealth Rock",
		"type": "move_learner_tools"
	},
	{
		"id": 282,
		"name": "Knock Off",
		"type": "move_learner_tools"
	},
	{
		"id": 118,
		"name": "Metronome",
		"type": "move_learner_tools"
	},
	{
		"id": 278,
		"name": "Recycle",
		"type": "move_learner_tools"
	},
	{
		"id": 113,
		"name": "Light Screen",
		"type": "move_learner_tools"
	},
	{
		"id": 109,
		"name": "Confuse Ray",
		"type": "move_learner_tools"
	},
	{
		"id": 271,
		"name": "Trick",
		"type": "move_learner_tools"
	},
	{
		"id": 433,
		"name": "Trick Room",
		"type": "move_learner_tools"
	},
	{
		"id": 104,
		"name": "Double Team",
		"type": "move_learner_tools"
	},
	{
		"id": 428,
		"name": "Zen Headbutt",
		"type": "move_learner_tools"
	},
	{
		"id": 427,
		"name": "Psycho Cut",
		"type": "move_learner_tools"
	},
	{
		"id": 263,
		"name": "Facade",
		"type": "move_learner_tools"
	},
	{
		"id": 63,
		"name": "Hyper Beam",
		"type": "move_learner_tools"
	},
	{
		"id": 94,
		"name": "Psychic",
		"type": "move_learner_tools"
	},
	{
		"id": 92,
		"name": "Toxic",
		"type": "move_learner_tools"
	},
	{
		"id": 417,
		"name": "Nasty Plot",
		"type": "move_learner_tools"
	},
	{
		"id": 416,
		"name": "Giga Impact",
		"type": "move_learner_tools"
	},
	{
		"id": 87,
		"name": "Thunder",
		"type": "move_learner_tools"
	},
	{
		"id": 412,
		"name": "Energy Ball",
		"type": "move_learner_tools"
	},
	{
		"id": 248,
		"name": "Future Sight",
		"type": "move_learner_tools"
	},
	{
		"id": 247,
		"name": "Shadow Ball",
		"type": "move_learner_tools"
	},
	{
		"id": 409,
		"name": "Drain Punch",
		"type": "move_learner_tools"
	},
	{
		"id": 244,
		"name": "Psych Up",
		"type": "move_learner_tools"
	},
	{
		"id": 241,
		"name": "Sunny Day",
		"type": "move_learner_tools"
	},
	{
		"id": 240,
		"name": "Rain Dance",
		"type": "move_learner_tools"
	},
	{
		"id": 85,
		"name": "Thunderbolt",
		"type": "move_learner_tools"
	},
	{
		"id": 86,
		"name": "Thunder Wave",
		"type": "move_learner_tools"
	},
	{
		"id": 237,
		"name": "Hidden Power",
		"type": "move_learner_tools"
	},
	{
		"id": 231,
		"name": "Iron Tail",
		"type": "move_learner_tools"
	},
	{
		"id": 227,
		"name": "Encore",
		"type": "move_learner_tools"
	},
	{
		"id": 226,
		"name": "Baton Pass",
		"type": "move_learner_tools"
	},
	{
		"id": 60,
		"name": "Psybeam",
		"type": "move_learner_tools"
	},
	{
		"id": 59,
		"name": "Blizzard",
		"type": "move_learner_tools"
	},
	{
		"id": 58,
		"name": "Ice Beam",
		"type": "move_learner_tools"
	},
	{
		"id": 219,
		"name": "Safeguard",
		"type": "move_learner_tools"
	},
	{
		"id": 218,
		"name": "Frustration",
		"type": "move_learner_tools"
	},
	{
		"id": 216,
		"name": "Return",
		"type": "move_learner_tools"
	},
	{
		"id": 214,
		"name": "Sleep Talk",
		"type": "move_learner_tools"
	},
	{
		"id": 374,
		"name": "Fling",
		"type": "move_learner_tools"
	},
	{
		"id": 207,
		"name": "Swagger",
		"type": "move_learner_tools"
	},
	{
		"id": 369,
		"name": "U-turn",
		"type": "move_learner_tools"
	},
	{
		"id": 204,
		"name": "Charm",
		"type": "move_learner_tools"
	},
	{
		"id": 203,
		"name": "Endure",
		"type": "move_learner_tools"
	},
	{
		"id": 201,
		"name": "Sandstorm",
		"type": "move_learner_tools"
	},
	{
		"id": 363,
		"name": "Natural Gift",
		"type": "move_learner_tools"
	},
	{
		"id": 29,
		"name": "Headbutt",
		"type": "move_learner_tools"
	},
	{
		"id": 352,
		"name": "Water Pulse",
		"type": "move_learner_tools"
	},
	{
		"id": 351,
		"name": "Shock Wave",
		"type": "move_learner_tools"
	},
	{
		"id": 512,
		"name": "Acrobatics",
		"type": "move_learner_tools"
	},
	{
		"id": 347,
		"name": "Calm Mind",
		"type": "move_learner_tools"
	},
	{
		"id": 182,
		"name": "Protect",
		"type": "move_learner_tools"
	},
	{
		"id": 502,
		"name": "Ally Switch",
		"type": "move_learner_tools"
	},
	{
		"id": 500,
		"name": "Stored Power",
		"type": "move_learner_tools"
	},
	{
		"id": 9,
		"name": "ThunderPunch",
		"type": "move_learner_tools"
	},
	{
		"id": 8,
		"name": "Ice Punch",
		"type": "move_learner_tools"
	},
	{
		"id": 496,
		"name": "Round",
		"type": "move_learner_tools"
	},
	{
		"id": 164,
		"name": "Substitute",
		"type": "move_learner_tools"
	}
],
"types": [
	"PSYCHIC",
	"PSYCHIC"
],
"stats": {
	"hp": 80,
	"attack": 105,
	"defense": 105,
	"speed": 80,
	"sp_attack": 105,
	"sp_defense": 105
},
"yields": {
	"exp": 261,
	"ev_hp": 0,
	"ev_attack": 1,
	"ev_defense": 0,
	"ev_speed": 0,
	"ev_sp_attack": 1,
	"ev_sp_defense": 1
},
"tiers": [
	"Ubers"
],
"held_items": [],
"locations": []
}