{
"id": 486,
"name": "Regigigas",
"exp_type": "SLOW",
"obtainable": false,
"gender_ratio": 255,
"height": 37,
"weight": 4200,
"egg_groups": [
	"cannot breed"
],
"abilities": [
	{
		"id": 112,
		"name": "Slow Start"
	},
	{
		"id": 112,
		"name": "Slow Start"
	},
	{
		"id": 0,
		"name": "--"
	}
],
"forms": [
	{
		"form_id": 0,
		"id": 486,
		"name": "Regigigas"
	}
],
"evolutions": [],
"moves": [
	{
		"id": 1,
		"name": "Pound",
		"type": "level",
		"level": 1
	},
	{
		"id": 5,
		"name": "Mega Punch",
		"type": "level",
		"level": 1
	},
	{
		"id": 7,
		"name": "Fire Punch",
		"type": "level",
		"level": 1
	},
	{
		"id": 8,
		"name": "Ice Punch",
		"type": "level",
		"level": 1
	},
	{
		"id": 9,
		"name": "ThunderPunch",
		"type": "level",
		"level": 1
	},
	{
		"id": 23,
		"name": "Stomp",
		"type": "level",
		"level": 1
	},
	{
		"id": 109,
		"name": "Confuse Ray",
		"type": "level",
		"level": 1
	},
	{
		"id": 146,
		"name": "Dizzy Punch",
		"type": "level",
		"level": 1
	},
	{
		"id": 193,
		"name": "Foresight",
		"type": "level",
		"level": 1
	},
	{
		"id": 282,
		"name": "Knock Off",
		"type": "level",
		"level": 1
	},
	{
		"id": 462,
		"name": "Crush Grip",
		"type": "level",
		"level": 1
	},
	{
		"id": 484,
		"name": "Heavy Slam",
		"type": "level",
		"level": 1
	},
	{
		"id": 33,
		"name": "Tackle",
		"type": "level",
		"level": 1
	},
	{
		"id": 371,
		"name": "Payback",
		"type": "level",
		"level": 6
	},
	{
		"id": 249,
		"name": "Rock Smash",
		"type": "level",
		"level": 6
	},
	{
		"id": 279,
		"name": "Revenge",
		"type": "level",
		"level": 12
	},
	{
		"id": 523,
		"name": "Bulldoze",
		"type": "level",
		"level": 12
	},
	{
		"id": 23,
		"name": "Stomp",
		"type": "level",
		"level": 18
	},
	{
		"id": 246,
		"name": "AncientPower",
		"type": "level",
		"level": 19
	},
	{
		"id": 182,
		"name": "Protect",
		"type": "level",
		"level": 24
	},
	{
		"id": 276,
		"name": "Superpower",
		"type": "level",
		"level": 25
	},
	{
		"id": 282,
		"name": "Knock Off",
		"type": "level",
		"level": 30
	},
	{
		"id": 5,
		"name": "Mega Punch",
		"type": "level",
		"level": 36
	},
	{
		"id": 442,
		"name": "Iron Head",
		"type": "level",
		"level": 36
	},
	{
		"id": 469,
		"name": "Wide Guard",
		"type": "level",
		"level": 48
	},
	{
		"id": 428,
		"name": "Zen Headbutt",
		"type": "level",
		"level": 54
	},
	{
		"id": 484,
		"name": "Heavy Slam",
		"type": "level",
		"level": 60
	},
	{
		"id": 359,
		"name": "Hammer Arm",
		"type": "level",
		"level": 66
	},
	{
		"id": 416,
		"name": "Giga Impact",
		"type": "level",
		"level": 72
	},
	{
		"id": 462,
		"name": "Crush Grip",
		"type": "level",
		"level": 78
	},
	{
		"id": 246,
		"name": "AncientPower",
		"type": "move_tutor"
	},
	{
		"id": 335,
		"name": "Block",
		"type": "move_tutor"
	},
	{
		"id": 173,
		"name": "Snore",
		"type": "move_tutor"
	},
	{
		"id": 104,
		"name": "Double Team",
		"type": "move_learner_tools"
	},
	{
		"id": 409,
		"name": "Drain Punch",
		"type": "move_learner_tools"
	},
	{
		"id": 249,
		"name": "Rock Smash",
		"type": "move_learner_tools"
	},
	{
		"id": 282,
		"name": "Knock Off",
		"type": "move_learner_tools"
	},
	{
		"id": 70,
		"name": "Strength",
		"type": "move_learner_tools"
	},
	{
		"id": 267,
		"name": "Nature Power",
		"type": "move_learner_tools"
	},
	{
		"id": 264,
		"name": "Focus Punch",
		"type": "move_learner_tools"
	},
	{
		"id": 263,
		"name": "Facade",
		"type": "move_learner_tools"
	},
	{
		"id": 535,
		"name": "Heat Crash",
		"type": "move_learner_tools"
	},
	{
		"id": 397,
		"name": "Rock Polish",
		"type": "move_learner_tools"
	},
	{
		"id": 279,
		"name": "Revenge",
		"type": "move_learner_tools"
	},
	{
		"id": 8,
		"name": "Ice Punch",
		"type": "move_learner_tools"
	},
	{
		"id": 523,
		"name": "Bulldoze",
		"type": "move_learner_tools"
	},
	{
		"id": 157,
		"name": "Rock Slide",
		"type": "move_learner_tools"
	},
	{
		"id": 109,
		"name": "Confuse Ray",
		"type": "move_learner_tools"
	},
	{
		"id": 244,
		"name": "Psych Up",
		"type": "move_learner_tools"
	},
	{
		"id": 5,
		"name": "Mega Punch",
		"type": "move_learner_tools"
	},
	{
		"id": 241,
		"name": "Sunny Day",
		"type": "move_learner_tools"
	},
	{
		"id": 514,
		"name": "Retaliate",
		"type": "move_learner_tools"
	},
	{
		"id": 374,
		"name": "Fling",
		"type": "move_learner_tools"
	},
	{
		"id": 371,
		"name": "Payback",
		"type": "move_learner_tools"
	},
	{
		"id": 92,
		"name": "Toxic",
		"type": "move_learner_tools"
	},
	{
		"id": 363,
		"name": "Natural Gift",
		"type": "move_learner_tools"
	},
	{
		"id": 87,
		"name": "Thunder",
		"type": "move_learner_tools"
	},
	{
		"id": 86,
		"name": "Thunder Wave",
		"type": "move_learner_tools"
	},
	{
		"id": 496,
		"name": "Round",
		"type": "move_learner_tools"
	},
	{
		"id": 356,
		"name": "Gravity",
		"type": "move_learner_tools"
	},
	{
		"id": 218,
		"name": "Frustration",
		"type": "move_learner_tools"
	},
	{
		"id": 216,
		"name": "Return",
		"type": "move_learner_tools"
	},
	{
		"id": 351,
		"name": "Shock Wave",
		"type": "move_learner_tools"
	},
	{
		"id": 484,
		"name": "Heavy Slam",
		"type": "move_learner_tools"
	},
	{
		"id": 207,
		"name": "Swagger",
		"type": "move_learner_tools"
	},
	{
		"id": 479,
		"name": "Smack Down",
		"type": "move_learner_tools"
	},
	{
		"id": 203,
		"name": "Endure",
		"type": "move_learner_tools"
	},
	{
		"id": 237,
		"name": "Hidden Power",
		"type": "move_learner_tools"
	},
	{
		"id": 63,
		"name": "Hyper Beam",
		"type": "move_learner_tools"
	},
	{
		"id": 196,
		"name": "Icy Wind",
		"type": "move_learner_tools"
	},
	{
		"id": 332,
		"name": "Aerial Ace",
		"type": "move_learner_tools"
	},
	{
		"id": 214,
		"name": "Sleep Talk",
		"type": "move_learner_tools"
	},
	{
		"id": 189,
		"name": "Mud-Slap",
		"type": "move_learner_tools"
	},
	{
		"id": 85,
		"name": "Thunderbolt",
		"type": "move_learner_tools"
	},
	{
		"id": 219,
		"name": "Safeguard",
		"type": "move_learner_tools"
	},
	{
		"id": 89,
		"name": "Earthquake",
		"type": "move_learner_tools"
	},
	{
		"id": 182,
		"name": "Protect",
		"type": "move_learner_tools"
	},
	{
		"id": 317,
		"name": "Rock Tomb",
		"type": "move_learner_tools"
	},
	{
		"id": 34,
		"name": "Body Slam",
		"type": "move_learner_tools"
	},
	{
		"id": 444,
		"name": "Stone Edge",
		"type": "move_learner_tools"
	},
	{
		"id": 442,
		"name": "Iron Head",
		"type": "move_learner_tools"
	},
	{
		"id": 29,
		"name": "Headbutt",
		"type": "move_learner_tools"
	},
	{
		"id": 240,
		"name": "Rain Dance",
		"type": "move_learner_tools"
	},
	{
		"id": 164,
		"name": "Substitute",
		"type": "move_learner_tools"
	},
	{
		"id": 25,
		"name": "Mega Kick",
		"type": "move_learner_tools"
	},
	{
		"id": 431,
		"name": "Rock Climb",
		"type": "move_learner_tools"
	},
	{
		"id": 156,
		"name": "Rest",
		"type": "move_learner_tools"
	},
	{
		"id": 428,
		"name": "Zen Headbutt",
		"type": "move_learner_tools"
	},
	{
		"id": 290,
		"name": "Secret Power",
		"type": "move_learner_tools"
	},
	{
		"id": 9,
		"name": "ThunderPunch",
		"type": "move_learner_tools"
	},
	{
		"id": 419,
		"name": "Avalanche",
		"type": "move_learner_tools"
	},
	{
		"id": 7,
		"name": "Fire Punch",
		"type": "move_learner_tools"
	},
	{
		"id": 280,
		"name": "Brick Break",
		"type": "move_learner_tools"
	},
	{
		"id": 416,
		"name": "Giga Impact",
		"type": "move_learner_tools"
	},
	{
		"id": 414,
		"name": "Earth Power",
		"type": "move_learner_tools"
	},
	{
		"id": 276,
		"name": "Superpower",
		"type": "move_learner_tools"
	},
	{
		"id": 411,
		"name": "Focus Blast",
		"type": "move_learner_tools"
	}
],
"types": [
	"NORMAL",
	"NORMAL"
],
"stats": {
	"hp": 110,
	"attack": 160,
	"defense": 110,
	"speed": 100,
	"sp_attack": 80,
	"sp_defense": 110
},
"yields": {
	"exp": 302,
	"ev_hp": 0,
	"ev_attack": 3,
	"ev_defense": 0,
	"ev_speed": 0,
	"ev_sp_attack": 0,
	"ev_sp_defense": 0
},
"tiers": [
	"Ubers"
],
"held_items": [],
"locations": []
}