{
"id": 491,
"name": "Darkrai",
"exp_type": "SLOW",
"obtainable": false,
"gender_ratio": 255,
"height": 15,
"weight": 505,
"egg_groups": [
	"cannot breed"
],
"abilities": [
	{
		"id": 123,
		"name": "Bad Dreams"
	},
	{
		"id": 123,
		"name": "Bad Dreams"
	},
	{
		"id": 0,
		"name": "--"
	}
],
"forms": [
	{
		"form_id": 0,
		"id": 491,
		"name": "Darkrai"
	}
],
"evolutions": [],
"moves": [
	{
		"id": 50,
		"name": "Disable",
		"type": "level",
		"level": 1
	},
	{
		"id": 101,
		"name": "Night Shade",
		"type": "level",
		"level": 1
	},
	{
		"id": 466,
		"name": "Ominous Wind",
		"type": "level",
		"level": 1
	},
	{
		"id": 109,
		"name": "Confuse Ray",
		"type": "level",
		"level": 1
	},
	{
		"id": 425,
		"name": "Shadow Sneak",
		"type": "level",
		"level": 1
	},
	{
		"id": 98,
		"name": "Quick Attack",
		"type": "level",
		"level": 11
	},
	{
		"id": 506,
		"name": "Hex",
		"type": "level",
		"level": 12
	},
	{
		"id": 95,
		"name": "Hypnosis",
		"type": "level",
		"level": 20
	},
	{
		"id": 228,
		"name": "Pursuit",
		"type": "level",
		"level": 20
	},
	{
		"id": 185,
		"name": "Faint Attack",
		"type": "level",
		"level": 29
	},
	{
		"id": 389,
		"name": "Sucker Punch",
		"type": "level",
		"level": 29
	},
	{
		"id": 247,
		"name": "Shadow Ball",
		"type": "level",
		"level": 36
	},
	{
		"id": 171,
		"name": "Nightmare",
		"type": "level",
		"level": 38
	},
	{
		"id": 492,
		"name": "Foul Play",
		"type": "level",
		"level": 38
	},
	{
		"id": 94,
		"name": "Psychic",
		"type": "level",
		"level": 46
	},
	{
		"id": 104,
		"name": "Double Team",
		"type": "level",
		"level": 47
	},
	{
		"id": 114,
		"name": "Haze",
		"type": "level",
		"level": 57
	},
	{
		"id": 464,
		"name": "Dark Void",
		"type": "level",
		"level": 66
	},
	{
		"id": 373,
		"name": "Embargo",
		"type": "level",
		"level": 75
	},
	{
		"id": 417,
		"name": "Nasty Plot",
		"type": "level",
		"level": 75
	},
	{
		"id": 138,
		"name": "Dream Eater",
		"type": "level",
		"level": 84
	},
	{
		"id": 399,
		"name": "Dark Pulse",
		"type": "level",
		"level": 93
	},
	{
		"id": 389,
		"name": "Sucker Punch",
		"type": "move_tutor"
	},
	{
		"id": 387,
		"name": "Last Resort",
		"type": "move_tutor"
	},
	{
		"id": 472,
		"name": "Wonder Room",
		"type": "move_tutor"
	},
	{
		"id": 171,
		"name": "Nightmare",
		"type": "move_tutor"
	},
	{
		"id": 466,
		"name": "Ominous Wind",
		"type": "move_tutor"
	},
	{
		"id": 95,
		"name": "Hypnosis",
		"type": "move_tutor"
	},
	{
		"id": 185,
		"name": "Faint Attack",
		"type": "move_tutor"
	},
	{
		"id": 173,
		"name": "Snore",
		"type": "move_tutor"
	},
	{
		"id": 459,
		"name": "Roar of Time",
		"type": "special_moves"
	},
	{
		"id": 460,
		"name": "Spacial Rend",
		"type": "special_moves"
	},
	{
		"id": 104,
		"name": "Double Team",
		"type": "move_learner_tools"
	},
	{
		"id": 241,
		"name": "Sunny Day",
		"type": "move_learner_tools"
	},
	{
		"id": 351,
		"name": "Shock Wave",
		"type": "move_learner_tools"
	},
	{
		"id": 157,
		"name": "Rock Slide",
		"type": "move_learner_tools"
	},
	{
		"id": 156,
		"name": "Rest",
		"type": "move_learner_tools"
	},
	{
		"id": 317,
		"name": "Rock Tomb",
		"type": "move_learner_tools"
	},
	{
		"id": 148,
		"name": "Flash",
		"type": "move_learner_tools"
	},
	{
		"id": 473,
		"name": "Psyshock",
		"type": "move_learner_tools"
	},
	{
		"id": 180,
		"name": "Spite",
		"type": "move_learner_tools"
	},
	{
		"id": 138,
		"name": "Dream Eater",
		"type": "move_learner_tools"
	},
	{
		"id": 184,
		"name": "Scary Face",
		"type": "move_learner_tools"
	},
	{
		"id": 347,
		"name": "Calm Mind",
		"type": "move_learner_tools"
	},
	{
		"id": 129,
		"name": "Swift",
		"type": "move_learner_tools"
	},
	{
		"id": 290,
		"name": "Secret Power",
		"type": "move_learner_tools"
	},
	{
		"id": 289,
		"name": "Snatch",
		"type": "move_learner_tools"
	},
	{
		"id": 451,
		"name": "Charge Beam",
		"type": "move_learner_tools"
	},
	{
		"id": 282,
		"name": "Knock Off",
		"type": "move_learner_tools"
	},
	{
		"id": 280,
		"name": "Brick Break",
		"type": "move_learner_tools"
	},
	{
		"id": 114,
		"name": "Haze",
		"type": "move_learner_tools"
	},
	{
		"id": 109,
		"name": "Confuse Ray",
		"type": "move_learner_tools"
	},
	{
		"id": 271,
		"name": "Trick",
		"type": "move_learner_tools"
	},
	{
		"id": 269,
		"name": "Taunt",
		"type": "move_learner_tools"
	},
	{
		"id": 431,
		"name": "Rock Climb",
		"type": "move_learner_tools"
	},
	{
		"id": 188,
		"name": "Sludge Bomb",
		"type": "move_learner_tools"
	},
	{
		"id": 264,
		"name": "Focus Punch",
		"type": "move_learner_tools"
	},
	{
		"id": 263,
		"name": "Facade",
		"type": "move_learner_tools"
	},
	{
		"id": 261,
		"name": "Will-O-Wisp",
		"type": "move_learner_tools"
	},
	{
		"id": 259,
		"name": "Torment",
		"type": "move_learner_tools"
	},
	{
		"id": 421,
		"name": "Shadow Claw",
		"type": "move_learner_tools"
	},
	{
		"id": 94,
		"name": "Psychic",
		"type": "move_learner_tools"
	},
	{
		"id": 92,
		"name": "Toxic",
		"type": "move_learner_tools"
	},
	{
		"id": 417,
		"name": "Nasty Plot",
		"type": "move_learner_tools"
	},
	{
		"id": 416,
		"name": "Giga Impact",
		"type": "move_learner_tools"
	},
	{
		"id": 87,
		"name": "Thunder",
		"type": "move_learner_tools"
	},
	{
		"id": 249,
		"name": "Rock Smash",
		"type": "move_learner_tools"
	},
	{
		"id": 411,
		"name": "Focus Blast",
		"type": "move_learner_tools"
	},
	{
		"id": 247,
		"name": "Shadow Ball",
		"type": "move_learner_tools"
	},
	{
		"id": 409,
		"name": "Drain Punch",
		"type": "move_learner_tools"
	},
	{
		"id": 244,
		"name": "Psych Up",
		"type": "move_learner_tools"
	},
	{
		"id": 404,
		"name": "X-Scissor",
		"type": "move_learner_tools"
	},
	{
		"id": 240,
		"name": "Rain Dance",
		"type": "move_learner_tools"
	},
	{
		"id": 85,
		"name": "Thunderbolt",
		"type": "move_learner_tools"
	},
	{
		"id": 86,
		"name": "Thunder Wave",
		"type": "move_learner_tools"
	},
	{
		"id": 237,
		"name": "Hidden Power",
		"type": "move_learner_tools"
	},
	{
		"id": 399,
		"name": "Dark Pulse",
		"type": "move_learner_tools"
	},
	{
		"id": 398,
		"name": "Poison Jab",
		"type": "move_learner_tools"
	},
	{
		"id": 70,
		"name": "Strength",
		"type": "move_learner_tools"
	},
	{
		"id": 555,
		"name": "Snarl",
		"type": "move_learner_tools"
	},
	{
		"id": 63,
		"name": "Hyper Beam",
		"type": "move_learner_tools"
	},
	{
		"id": 101,
		"name": "Night Shade",
		"type": "move_learner_tools"
	},
	{
		"id": 59,
		"name": "Blizzard",
		"type": "move_learner_tools"
	},
	{
		"id": 58,
		"name": "Ice Beam",
		"type": "move_learner_tools"
	},
	{
		"id": 218,
		"name": "Frustration",
		"type": "move_learner_tools"
	},
	{
		"id": 216,
		"name": "Return",
		"type": "move_learner_tools"
	},
	{
		"id": 214,
		"name": "Sleep Talk",
		"type": "move_learner_tools"
	},
	{
		"id": 374,
		"name": "Fling",
		"type": "move_learner_tools"
	},
	{
		"id": 373,
		"name": "Embargo",
		"type": "move_learner_tools"
	},
	{
		"id": 371,
		"name": "Payback",
		"type": "move_learner_tools"
	},
	{
		"id": 207,
		"name": "Swagger",
		"type": "move_learner_tools"
	},
	{
		"id": 203,
		"name": "Endure",
		"type": "move_learner_tools"
	},
	{
		"id": 363,
		"name": "Natural Gift",
		"type": "move_learner_tools"
	},
	{
		"id": 196,
		"name": "Icy Wind",
		"type": "move_learner_tools"
	},
	{
		"id": 29,
		"name": "Headbutt",
		"type": "move_learner_tools"
	},
	{
		"id": 189,
		"name": "Mud-Slap",
		"type": "move_learner_tools"
	},
	{
		"id": 514,
		"name": "Retaliate",
		"type": "move_learner_tools"
	},
	{
		"id": 510,
		"name": "Incinerate",
		"type": "move_learner_tools"
	},
	{
		"id": 182,
		"name": "Protect",
		"type": "move_learner_tools"
	},
	{
		"id": 506,
		"name": "Hex",
		"type": "move_learner_tools"
	},
	{
		"id": 15,
		"name": "Cut",
		"type": "move_learner_tools"
	},
	{
		"id": 14,
		"name": "Swords Dance",
		"type": "move_learner_tools"
	},
	{
		"id": 496,
		"name": "Round",
		"type": "move_learner_tools"
	},
	{
		"id": 332,
		"name": "Aerial Ace",
		"type": "move_learner_tools"
	},
	{
		"id": 168,
		"name": "Thief",
		"type": "move_learner_tools"
	},
	{
		"id": 492,
		"name": "Foul Play",
		"type": "move_learner_tools"
	},
	{
		"id": 164,
		"name": "Substitute",
		"type": "move_learner_tools"
	}
],
"types": [
	"DARK",
	"DARK"
],
"stats": {
	"hp": 70,
	"attack": 90,
	"defense": 90,
	"speed": 125,
	"sp_attack": 135,
	"sp_defense": 90
},
"yields": {
	"exp": 270,
	"ev_hp": 0,
	"ev_attack": 0,
	"ev_defense": 0,
	"ev_speed": 1,
	"ev_sp_attack": 2,
	"ev_sp_defense": 0
},
"tiers": [
	"Ubers"
],
"held_items": [],
"locations": []
}