{
"id": 492,
"name": "Shaymin",
"exp_type": "MEDIUM_SLOW",
"obtainable": true,
"gender_ratio": 255,
"height": 2,
"weight": 21,
"egg_groups": [
	"cannot breed"
],
"abilities": [
	{
		"id": 30,
		"name": "Natural Cure"
	},
	{
		"id": 30,
		"name": "Natural Cure"
	},
	{
		"id": 0,
		"name": "--"
	}
],
"forms": [
	{
		"form_id": 0,
		"id": 492,
		"name": "Shaymin"
	},
	{
		"form_id": 1,
		"id": 655,
		"name": "Shaymin [Sky Forme]"
	}
],
"evolutions": [],
"moves": [
	{
		"id": 74,
		"name": "Growth",
		"type": "level",
		"level": 1
	},
	{
		"id": 111,
		"name": "Defense Curl",
		"type": "level",
		"level": 1
	},
	{
		"id": 98,
		"name": "Quick Attack",
		"type": "level",
		"level": 6
	},
	{
		"id": 345,
		"name": "Magical Leaf",
		"type": "level",
		"level": 10
	},
	{
		"id": 79,
		"name": "Sleep Powder",
		"type": "level",
		"level": 12
	},
	{
		"id": 73,
		"name": "Leech Seed",
		"type": "level",
		"level": 19
	},
	{
		"id": 403,
		"name": "Air Slash",
		"type": "level",
		"level": 19
	},
	{
		"id": 105,
		"name": "Recover",
		"type": "level",
		"level": 27
	},
	{
		"id": 235,
		"name": "Synthesis",
		"type": "level",
		"level": 28
	},
	{
		"id": 230,
		"name": "Sweet Scent",
		"type": "level",
		"level": 37
	},
	{
		"id": 363,
		"name": "Natural Gift",
		"type": "level",
		"level": 46
	},
	{
		"id": 361,
		"name": "Healing Wish",
		"type": "level",
		"level": 46
	},
	{
		"id": 414,
		"name": "Earth Power",
		"type": "level",
		"level": 46
	},
	{
		"id": 388,
		"name": "Worry Seed",
		"type": "level",
		"level": 55
	},
	{
		"id": 312,
		"name": "Aromatherapy",
		"type": "level",
		"level": 64
	},
	{
		"id": 412,
		"name": "Energy Ball",
		"type": "level",
		"level": 73
	},
	{
		"id": 186,
		"name": "Sweet Kiss",
		"type": "level",
		"level": 82
	},
	{
		"id": 320,
		"name": "GrassWhistle",
		"type": "level",
		"level": 82
	},
	{
		"id": 381,
		"name": "Lucky Chant",
		"type": "level",
		"level": 91
	},
	{
		"id": 465,
		"name": "Seed Flare",
		"type": "level",
		"level": 100
	},
	{
		"id": 343,
		"name": "Covet",
		"type": "move_tutor"
	},
	{
		"id": 388,
		"name": "Worry Seed",
		"type": "move_tutor"
	},
	{
		"id": 387,
		"name": "Last Resort",
		"type": "move_tutor"
	},
	{
		"id": 111,
		"name": "Defense Curl",
		"type": "move_tutor"
	},
	{
		"id": 173,
		"name": "Snore",
		"type": "move_tutor"
	},
	{
		"id": 283,
		"name": "Endeavor",
		"type": "move_tutor"
	},
	{
		"id": 466,
		"name": "Ominous Wind",
		"type": "move_tutor"
	},
	{
		"id": 235,
		"name": "Synthesis",
		"type": "move_tutor"
	},
	{
		"id": 63,
		"name": "Hyper Beam",
		"type": "move_learner_tools"
	},
	{
		"id": 148,
		"name": "Flash",
		"type": "move_learner_tools"
	},
	{
		"id": 263,
		"name": "Facade",
		"type": "move_learner_tools"
	},
	{
		"id": 314,
		"name": "Air Cutter",
		"type": "move_learner_tools"
	},
	{
		"id": 437,
		"name": "Leaf Storm",
		"type": "move_learner_tools"
	},
	{
		"id": 345,
		"name": "Magical Leaf",
		"type": "move_learner_tools"
	},
	{
		"id": 76,
		"name": "SolarBeam",
		"type": "move_learner_tools"
	},
	{
		"id": 164,
		"name": "Substitute",
		"type": "move_learner_tools"
	},
	{
		"id": 14,
		"name": "Swords Dance",
		"type": "move_learner_tools"
	},
	{
		"id": 428,
		"name": "Zen Headbutt",
		"type": "move_learner_tools"
	},
	{
		"id": 156,
		"name": "Rest",
		"type": "move_learner_tools"
	},
	{
		"id": 244,
		"name": "Psych Up",
		"type": "move_learner_tools"
	},
	{
		"id": 332,
		"name": "Aerial Ace",
		"type": "move_learner_tools"
	},
	{
		"id": 331,
		"name": "Bullet Seed",
		"type": "move_learner_tools"
	},
	{
		"id": 241,
		"name": "Sunny Day",
		"type": "move_learner_tools"
	},
	{
		"id": 416,
		"name": "Giga Impact",
		"type": "move_learner_tools"
	},
	{
		"id": 237,
		"name": "Hidden Power",
		"type": "move_learner_tools"
	},
	{
		"id": 414,
		"name": "Earth Power",
		"type": "move_learner_tools"
	},
	{
		"id": 412,
		"name": "Energy Ball",
		"type": "move_learner_tools"
	},
	{
		"id": 230,
		"name": "Sweet Scent",
		"type": "move_learner_tools"
	},
	{
		"id": 496,
		"name": "Round",
		"type": "move_learner_tools"
	},
	{
		"id": 226,
		"name": "Baton Pass",
		"type": "move_learner_tools"
	},
	{
		"id": 403,
		"name": "Air Slash",
		"type": "move_learner_tools"
	},
	{
		"id": 402,
		"name": "Seed Bomb",
		"type": "move_learner_tools"
	},
	{
		"id": 129,
		"name": "Swift",
		"type": "move_learner_tools"
	},
	{
		"id": 219,
		"name": "Safeguard",
		"type": "move_learner_tools"
	},
	{
		"id": 218,
		"name": "Frustration",
		"type": "move_learner_tools"
	},
	{
		"id": 216,
		"name": "Return",
		"type": "move_learner_tools"
	},
	{
		"id": 214,
		"name": "Sleep Talk",
		"type": "move_learner_tools"
	},
	{
		"id": 207,
		"name": "Swagger",
		"type": "move_learner_tools"
	},
	{
		"id": 29,
		"name": "Headbutt",
		"type": "move_learner_tools"
	},
	{
		"id": 203,
		"name": "Endure",
		"type": "move_learner_tools"
	},
	{
		"id": 202,
		"name": "Giga Drain",
		"type": "move_learner_tools"
	},
	{
		"id": 290,
		"name": "Secret Power",
		"type": "move_learner_tools"
	},
	{
		"id": 104,
		"name": "Double Team",
		"type": "move_learner_tools"
	},
	{
		"id": 36,
		"name": "Take Down",
		"type": "move_learner_tools"
	},
	{
		"id": 189,
		"name": "Mud-Slap",
		"type": "move_learner_tools"
	},
	{
		"id": 366,
		"name": "Tailwind",
		"type": "move_learner_tools"
	},
	{
		"id": 363,
		"name": "Natural Gift",
		"type": "move_learner_tools"
	},
	{
		"id": 94,
		"name": "Psychic",
		"type": "move_learner_tools"
	},
	{
		"id": 182,
		"name": "Protect",
		"type": "move_learner_tools"
	},
	{
		"id": 92,
		"name": "Toxic",
		"type": "move_learner_tools"
	},
	{
		"id": 447,
		"name": "Grass Knot",
		"type": "move_learner_tools"
	},
	{
		"id": 267,
		"name": "Nature Power",
		"type": "move_learner_tools"
	}
],
"types": [
	"GRASS",
	"GRASS"
],
"stats": {
	"hp": 100,
	"attack": 100,
	"defense": 100,
	"speed": 100,
	"sp_attack": 100,
	"sp_defense": 100
},
"yields": {
	"exp": 270,
	"ev_hp": 3,
	"ev_attack": 0,
	"ev_defense": 0,
	"ev_speed": 0,
	"ev_sp_attack": 0,
	"ev_sp_defense": 0
},
"tiers": [
	"Over Used"
],
"held_items": [],
"locations": []
}