{
"id": 50,
"name": "Diglett",
"exp_type": "MEDIUM_FAST",
"obtainable": true,
"gender_ratio": 127,
"height": 2,
"weight": 8,
"egg_groups": [
	"field"
],
"abilities": [
	{
		"id": 8,
		"name": "Sand Veil"
	},
	{
		"id": 71,
		"name": "Arena Trap"
	},
	{
		"id": 159,
		"name": "Sand Force"
	}
],
"forms": [
	{
		"form_id": 0,
		"id": 50,
		"name": "Diglett"
	}
],
"evolutions": [
	{
		"id": 51,
		"name": "Dugtrio",
		"type": "LEVEL",
		"val": 26
	}
],
"moves": [
	{
		"id": 10,
		"name": "Scratch",
		"type": "level",
		"level": 1
	},
	{
		"id": 28,
		"name": "Sand-Attack",
		"type": "level",
		"level": 1
	},
	{
		"id": 45,
		"name": "Growl",
		"type": "level",
		"level": 4
	},
	{
		"id": 310,
		"name": "Astonish",
		"type": "level",
		"level": 8
	},
	{
		"id": 97,
		"name": "Agility",
		"type": "level",
		"level": 12
	},
	{
		"id": 189,
		"name": "Mud-Slap",
		"type": "level",
		"level": 12
	},
	{
		"id": 222,
		"name": "Magnitude",
		"type": "level",
		"level": 14
	},
	{
		"id": 154,
		"name": "Fury Swipes",
		"type": "level",
		"level": 15
	},
	{
		"id": 523,
		"name": "Bulldoze",
		"type": "level",
		"level": 16
	},
	{
		"id": 91,
		"name": "Dig",
		"type": "level",
		"level": 18
	},
	{
		"id": 389,
		"name": "Sucker Punch",
		"type": "level",
		"level": 20
	},
	{
		"id": 163,
		"name": "Slash",
		"type": "level",
		"level": 21
	},
	{
		"id": 426,
		"name": "Mud Bomb",
		"type": "level",
		"level": 25
	},
	{
		"id": 201,
		"name": "Sandstorm",
		"type": "level",
		"level": 28
	},
	{
		"id": 89,
		"name": "Earthquake",
		"type": "level",
		"level": 29
	},
	{
		"id": 90,
		"name": "Fissure",
		"type": "level",
		"level": 33
	},
	{
		"id": 414,
		"name": "Earth Power",
		"type": "level",
		"level": 36
	},
	{
		"id": 262,
		"name": "Memento",
		"type": "egg_moves"
	},
	{
		"id": 515,
		"name": "Final Gambit",
		"type": "egg_moves"
	},
	{
		"id": 228,
		"name": "Pursuit",
		"type": "egg_moves"
	},
	{
		"id": 389,
		"name": "Sucker Punch",
		"type": "move_tutor"
	},
	{
		"id": 246,
		"name": "AncientPower",
		"type": "move_tutor"
	},
	{
		"id": 173,
		"name": "Snore",
		"type": "move_tutor"
	},
	{
		"id": 185,
		"name": "Faint Attack",
		"type": "move_tutor"
	},
	{
		"id": 104,
		"name": "Double Team",
		"type": "move_learner_tools"
	},
	{
		"id": 249,
		"name": "Rock Smash",
		"type": "move_learner_tools"
	},
	{
		"id": 270,
		"name": "Helping Hand",
		"type": "move_learner_tools"
	},
	{
		"id": 263,
		"name": "Facade",
		"type": "move_learner_tools"
	},
	{
		"id": 117,
		"name": "Bide",
		"type": "move_learner_tools"
	},
	{
		"id": 253,
		"name": "Uproar",
		"type": "move_learner_tools"
	},
	{
		"id": 526,
		"name": "Work Up",
		"type": "move_learner_tools"
	},
	{
		"id": 251,
		"name": "Beat Up",
		"type": "move_learner_tools"
	},
	{
		"id": 523,
		"name": "Bulldoze",
		"type": "move_learner_tools"
	},
	{
		"id": 241,
		"name": "Sunny Day",
		"type": "move_learner_tools"
	},
	{
		"id": 103,
		"name": "Screech",
		"type": "move_learner_tools"
	},
	{
		"id": 102,
		"name": "Mimic",
		"type": "move_learner_tools"
	},
	{
		"id": 34,
		"name": "Body Slam",
		"type": "move_learner_tools"
	},
	{
		"id": 237,
		"name": "Hidden Power",
		"type": "move_learner_tools"
	},
	{
		"id": 99,
		"name": "Rage",
		"type": "move_learner_tools"
	},
	{
		"id": 372,
		"name": "Assurance",
		"type": "move_learner_tools"
	},
	{
		"id": 97,
		"name": "Agility",
		"type": "move_learner_tools"
	},
	{
		"id": 92,
		"name": "Toxic",
		"type": "move_learner_tools"
	},
	{
		"id": 502,
		"name": "Ally Switch",
		"type": "move_learner_tools"
	},
	{
		"id": 90,
		"name": "Fissure",
		"type": "move_learner_tools"
	},
	{
		"id": 363,
		"name": "Natural Gift",
		"type": "move_learner_tools"
	},
	{
		"id": 497,
		"name": "Echoed Voice",
		"type": "move_learner_tools"
	},
	{
		"id": 496,
		"name": "Round",
		"type": "move_learner_tools"
	},
	{
		"id": 492,
		"name": "Foul Play",
		"type": "move_learner_tools"
	},
	{
		"id": 216,
		"name": "Return",
		"type": "move_learner_tools"
	},
	{
		"id": 214,
		"name": "Sleep Talk",
		"type": "move_learner_tools"
	},
	{
		"id": 350,
		"name": "Rock Blast",
		"type": "move_learner_tools"
	},
	{
		"id": 207,
		"name": "Swagger",
		"type": "move_learner_tools"
	},
	{
		"id": 479,
		"name": "Smack Down",
		"type": "move_learner_tools"
	},
	{
		"id": 341,
		"name": "Mud Shot",
		"type": "move_learner_tools"
	},
	{
		"id": 203,
		"name": "Endure",
		"type": "move_learner_tools"
	},
	{
		"id": 204,
		"name": "Charm",
		"type": "move_learner_tools"
	},
	{
		"id": 332,
		"name": "Aerial Ace",
		"type": "move_learner_tools"
	},
	{
		"id": 468,
		"name": "Hone Claws",
		"type": "move_learner_tools"
	},
	{
		"id": 213,
		"name": "Attract",
		"type": "move_learner_tools"
	},
	{
		"id": 328,
		"name": "Sand Tomb",
		"type": "move_learner_tools"
	},
	{
		"id": 189,
		"name": "Mud-Slap",
		"type": "move_learner_tools"
	},
	{
		"id": 188,
		"name": "Sludge Bomb",
		"type": "move_learner_tools"
	},
	{
		"id": 218,
		"name": "Frustration",
		"type": "move_learner_tools"
	},
	{
		"id": 89,
		"name": "Earthquake",
		"type": "move_learner_tools"
	},
	{
		"id": 182,
		"name": "Protect",
		"type": "move_learner_tools"
	},
	{
		"id": 91,
		"name": "Dig",
		"type": "move_learner_tools"
	},
	{
		"id": 317,
		"name": "Rock Tomb",
		"type": "move_learner_tools"
	},
	{
		"id": 179,
		"name": "Reversal",
		"type": "move_learner_tools"
	},
	{
		"id": 38,
		"name": "Double-Edge",
		"type": "move_learner_tools"
	},
	{
		"id": 174,
		"name": "Curse",
		"type": "move_learner_tools"
	},
	{
		"id": 36,
		"name": "Take Down",
		"type": "move_learner_tools"
	},
	{
		"id": 446,
		"name": "Stealth Rock",
		"type": "move_learner_tools"
	},
	{
		"id": 445,
		"name": "Captivate",
		"type": "move_learner_tools"
	},
	{
		"id": 444,
		"name": "Stone Edge",
		"type": "move_learner_tools"
	},
	{
		"id": 168,
		"name": "Thief",
		"type": "move_learner_tools"
	},
	{
		"id": 29,
		"name": "Headbutt",
		"type": "move_learner_tools"
	},
	{
		"id": 164,
		"name": "Substitute",
		"type": "move_learner_tools"
	},
	{
		"id": 157,
		"name": "Rock Slide",
		"type": "move_learner_tools"
	},
	{
		"id": 156,
		"name": "Rest",
		"type": "move_learner_tools"
	},
	{
		"id": 290,
		"name": "Secret Power",
		"type": "move_learner_tools"
	},
	{
		"id": 15,
		"name": "Cut",
		"type": "move_learner_tools"
	},
	{
		"id": 14,
		"name": "Swords Dance",
		"type": "move_learner_tools"
	},
	{
		"id": 421,
		"name": "Shadow Claw",
		"type": "move_learner_tools"
	},
	{
		"id": 414,
		"name": "Earth Power",
		"type": "move_learner_tools"
	},
	{
		"id": 201,
		"name": "Sandstorm",
		"type": "move_learner_tools"
	}
],
"types": [
	"GROUND",
	"GROUND"
],
"stats": {
	"hp": 10,
	"attack": 55,
	"defense": 25,
	"speed": 95,
	"sp_attack": 35,
	"sp_defense": 45
},
"yields": {
	"exp": 53,
	"ev_hp": 0,
	"ev_attack": 0,
	"ev_defense": 0,
	"ev_speed": 1,
	"ev_sp_attack": 0,
	"ev_sp_defense": 0
},
"tiers": [
	"Untiered"
],
"held_items": [
	{
		"id": 5237,
		"name": "Soft Sand"
	},
	{
		"id": 5035,
		"name": "Energy Root"
	}
],
"locations": [
	{
		"type": "Cave",
		"region_id": 0,
		"region_name": "Kanto",
		"location": "DIGLETT'S CAVE",
		"min_level": 14,
		"max_level": 16,
		"rarity": "Horde"
	},
	{
		"type": "Cave",
		"region_id": 0,
		"region_name": "Kanto",
		"location": "DIGLETT'S CAVE",
		"min_level": 15,
		"max_level": 22,
		"rarity": "Very Common"
	},
	{
		"type": "Cave",
		"region_id": 3,
		"region_name": "Sinnoh",
		"location": "Oreburgh Mine",
		"min_level": 12,
		"max_level": 13,
		"rarity": "Lure"
	},
	{
		"type": "Grass",
		"region_id": 3,
		"region_name": "Sinnoh",
		"location": "Route 228",
		"min_level": 49,
		"max_level": 49,
		"rarity": "Rare"
	},
	{
		"type": "Grass",
		"region_id": 4,
		"region_name": "Johto",
		"location": "Route 48",
		"min_level": 26,
		"max_level": 29,
		"rarity": "Uncommon"
	}
]
}