{
"id": 54,
"name": "Psyduck",
"exp_type": "MEDIUM_FAST",
"obtainable": true,
"gender_ratio": 127,
"height": 8,
"weight": 196,
"egg_groups": [
	"water a",
	"field"
],
"abilities": [
	{
		"id": 6,
		"name": "Damp"
	},
	{
		"id": 13,
		"name": "Cloud Nine"
	},
	{
		"id": 33,
		"name": "Swift Swim"
	}
],
"forms": [
	{
		"form_id": 0,
		"id": 54,
		"name": "Psyduck"
	}
],
"evolutions": [
	{
		"id": 55,
		"name": "Golduck",
		"type": "LEVEL",
		"val": 33
	}
],
"moves": [
	{
		"id": 10,
		"name": "Scratch",
		"type": "level",
		"level": 1
	},
	{
		"id": 39,
		"name": "Tail Whip",
		"type": "level",
		"level": 1
	},
	{
		"id": 346,
		"name": "Water Sport",
		"type": "level",
		"level": 1
	},
	{
		"id": 145,
		"name": "Bubble",
		"type": "level",
		"level": 1
	},
	{
		"id": 55,
		"name": "Water Gun",
		"type": "level",
		"level": 3
	},
	{
		"id": 39,
		"name": "Tail Whip",
		"type": "level",
		"level": 4
	},
	{
		"id": 93,
		"name": "Confusion",
		"type": "level",
		"level": 6
	},
	{
		"id": 154,
		"name": "Fury Swipes",
		"type": "level",
		"level": 9
	},
	{
		"id": 352,
		"name": "Water Pulse",
		"type": "level",
		"level": 12
	},
	{
		"id": 50,
		"name": "Disable",
		"type": "level",
		"level": 15
	},
	{
		"id": 428,
		"name": "Zen Headbutt",
		"type": "level",
		"level": 18
	},
	{
		"id": 95,
		"name": "Hypnosis",
		"type": "level",
		"level": 18
	},
	{
		"id": 103,
		"name": "Screech",
		"type": "level",
		"level": 21
	},
	{
		"id": 401,
		"name": "Aqua Tail",
		"type": "level",
		"level": 24
	},
	{
		"id": 487,
		"name": "Soak",
		"type": "level",
		"level": 27
	},
	{
		"id": 60,
		"name": "Psybeam",
		"type": "level",
		"level": 27
	},
	{
		"id": 244,
		"name": "Psych Up",
		"type": "level",
		"level": 30
	},
	{
		"id": 133,
		"name": "Amnesia",
		"type": "level",
		"level": 34
	},
	{
		"id": 56,
		"name": "Hydro Pump",
		"type": "level",
		"level": 36
	},
	{
		"id": 57,
		"name": "Surf",
		"type": "level",
		"level": 36
	},
	{
		"id": 472,
		"name": "Wonder Room",
		"type": "level",
		"level": 39
	},
	{
		"id": 499,
		"name": "Clear Smog",
		"type": "egg_moves"
	},
	{
		"id": 426,
		"name": "Mud Bomb",
		"type": "egg_moves"
	},
	{
		"id": 287,
		"name": "Refresh",
		"type": "egg_moves"
	},
	{
		"id": 493,
		"name": "Simple Beam",
		"type": "egg_moves"
	},
	{
		"id": 193,
		"name": "Foresight",
		"type": "egg_moves"
	},
	{
		"id": 238,
		"name": "Cross Chop",
		"type": "egg_moves"
	},
	{
		"id": 281,
		"name": "Yawn",
		"type": "egg_moves"
	},
	{
		"id": 485,
		"name": "Synchronoise",
		"type": "egg_moves"
	},
	{
		"id": 388,
		"name": "Worry Seed",
		"type": "move_tutor"
	},
	{
		"id": 272,
		"name": "Role Play",
		"type": "move_tutor"
	},
	{
		"id": 472,
		"name": "Wonder Room",
		"type": "move_tutor"
	},
	{
		"id": 401,
		"name": "Aqua Tail",
		"type": "move_tutor"
	},
	{
		"id": 173,
		"name": "Snore",
		"type": "move_tutor"
	},
	{
		"id": 95,
		"name": "Hypnosis",
		"type": "move_tutor"
	},
	{
		"id": 324,
		"name": "Signal Beam",
		"type": "move_tutor"
	},
	{
		"id": 80,
		"name": "Petal Dance",
		"type": "special_moves"
	},
	{
		"id": 300,
		"name": "Mud Sport",
		"type": "special_moves"
	},
	{
		"id": 168,
		"name": "Thief",
		"type": "move_learner_tools"
	},
	{
		"id": 59,
		"name": "Blizzard",
		"type": "move_learner_tools"
	},
	{
		"id": 249,
		"name": "Rock Smash",
		"type": "move_learner_tools"
	},
	{
		"id": 174,
		"name": "Curse",
		"type": "move_learner_tools"
	},
	{
		"id": 352,
		"name": "Water Pulse",
		"type": "move_learner_tools"
	},
	{
		"id": 5,
		"name": "Mega Punch",
		"type": "move_learner_tools"
	},
	{
		"id": 347,
		"name": "Calm Mind",
		"type": "move_learner_tools"
	},
	{
		"id": 164,
		"name": "Substitute",
		"type": "move_learner_tools"
	},
	{
		"id": 341,
		"name": "Mud Shot",
		"type": "move_learner_tools"
	},
	{
		"id": 161,
		"name": "Tri Attack",
		"type": "move_learner_tools"
	},
	{
		"id": 156,
		"name": "Rest",
		"type": "move_learner_tools"
	},
	{
		"id": 332,
		"name": "Aerial Ace",
		"type": "move_learner_tools"
	},
	{
		"id": 148,
		"name": "Flash",
		"type": "move_learner_tools"
	},
	{
		"id": 503,
		"name": "Scald",
		"type": "move_learner_tools"
	},
	{
		"id": 34,
		"name": "Body Slam",
		"type": "move_learner_tools"
	},
	{
		"id": 496,
		"name": "Round",
		"type": "move_learner_tools"
	},
	{
		"id": 133,
		"name": "Amnesia",
		"type": "move_learner_tools"
	},
	{
		"id": 490,
		"name": "Low Sweep",
		"type": "move_learner_tools"
	},
	{
		"id": 130,
		"name": "Skull Bash",
		"type": "move_learner_tools"
	},
	{
		"id": 129,
		"name": "Swift",
		"type": "move_learner_tools"
	},
	{
		"id": 127,
		"name": "Waterfall",
		"type": "move_learner_tools"
	},
	{
		"id": 231,
		"name": "Iron Tail",
		"type": "move_learner_tools"
	},
	{
		"id": 477,
		"name": "Telekinesis",
		"type": "move_learner_tools"
	},
	{
		"id": 118,
		"name": "Metronome",
		"type": "move_learner_tools"
	},
	{
		"id": 117,
		"name": "Bide",
		"type": "move_learner_tools"
	},
	{
		"id": 61,
		"name": "BubbleBeam",
		"type": "move_learner_tools"
	},
	{
		"id": 473,
		"name": "Psyshock",
		"type": "move_learner_tools"
	},
	{
		"id": 114,
		"name": "Haze",
		"type": "move_learner_tools"
	},
	{
		"id": 113,
		"name": "Light Screen",
		"type": "move_learner_tools"
	},
	{
		"id": 291,
		"name": "Dive",
		"type": "move_learner_tools"
	},
	{
		"id": 290,
		"name": "Secret Power",
		"type": "move_learner_tools"
	},
	{
		"id": 468,
		"name": "Hone Claws",
		"type": "move_learner_tools"
	},
	{
		"id": 109,
		"name": "Confuse Ray",
		"type": "move_learner_tools"
	},
	{
		"id": 69,
		"name": "Seismic Toss",
		"type": "move_learner_tools"
	},
	{
		"id": 70,
		"name": "Strength",
		"type": "move_learner_tools"
	},
	{
		"id": 285,
		"name": "Skill Swap",
		"type": "move_learner_tools"
	},
	{
		"id": 104,
		"name": "Double Team",
		"type": "move_learner_tools"
	},
	{
		"id": 282,
		"name": "Knock Off",
		"type": "move_learner_tools"
	},
	{
		"id": 102,
		"name": "Mimic",
		"type": "move_learner_tools"
	},
	{
		"id": 280,
		"name": "Brick Break",
		"type": "move_learner_tools"
	},
	{
		"id": 99,
		"name": "Rage",
		"type": "move_learner_tools"
	},
	{
		"id": 94,
		"name": "Psychic",
		"type": "move_learner_tools"
	},
	{
		"id": 92,
		"name": "Toxic",
		"type": "move_learner_tools"
	},
	{
		"id": 270,
		"name": "Helping Hand",
		"type": "move_learner_tools"
	},
	{
		"id": 269,
		"name": "Taunt",
		"type": "move_learner_tools"
	},
	{
		"id": 445,
		"name": "Captivate",
		"type": "move_learner_tools"
	},
	{
		"id": 91,
		"name": "Dig",
		"type": "move_learner_tools"
	},
	{
		"id": 264,
		"name": "Focus Punch",
		"type": "move_learner_tools"
	},
	{
		"id": 263,
		"name": "Facade",
		"type": "move_learner_tools"
	},
	{
		"id": 258,
		"name": "Snowscape",
		"type": "move_learner_tools"
	},
	{
		"id": 103,
		"name": "Screech",
		"type": "move_learner_tools"
	},
	{
		"id": 250,
		"name": "Whirlpool",
		"type": "move_learner_tools"
	},
	{
		"id": 428,
		"name": "Zen Headbutt",
		"type": "move_learner_tools"
	},
	{
		"id": 248,
		"name": "Future Sight",
		"type": "move_learner_tools"
	},
	{
		"id": 68,
		"name": "Counter",
		"type": "move_learner_tools"
	},
	{
		"id": 67,
		"name": "Low Kick",
		"type": "move_learner_tools"
	},
	{
		"id": 66,
		"name": "Submission",
		"type": "move_learner_tools"
	},
	{
		"id": 244,
		"name": "Psych Up",
		"type": "move_learner_tools"
	},
	{
		"id": 421,
		"name": "Shadow Claw",
		"type": "move_learner_tools"
	},
	{
		"id": 240,
		"name": "Rain Dance",
		"type": "move_learner_tools"
	},
	{
		"id": 60,
		"name": "Psybeam",
		"type": "move_learner_tools"
	},
	{
		"id": 417,
		"name": "Nasty Plot",
		"type": "move_learner_tools"
	},
	{
		"id": 237,
		"name": "Hidden Power",
		"type": "move_learner_tools"
	},
	{
		"id": 57,
		"name": "Surf",
		"type": "move_learner_tools"
	},
	{
		"id": 56,
		"name": "Hydro Pump",
		"type": "move_learner_tools"
	},
	{
		"id": 55,
		"name": "Water Gun",
		"type": "move_learner_tools"
	},
	{
		"id": 410,
		"name": "Vacuum Wave",
		"type": "move_learner_tools"
	},
	{
		"id": 227,
		"name": "Encore",
		"type": "move_learner_tools"
	},
	{
		"id": 223,
		"name": "DynamicPunch",
		"type": "move_learner_tools"
	},
	{
		"id": 218,
		"name": "Frustration",
		"type": "move_learner_tools"
	},
	{
		"id": 38,
		"name": "Double-Edge",
		"type": "move_learner_tools"
	},
	{
		"id": 216,
		"name": "Return",
		"type": "move_learner_tools"
	},
	{
		"id": 36,
		"name": "Take Down",
		"type": "move_learner_tools"
	},
	{
		"id": 214,
		"name": "Sleep Talk",
		"type": "move_learner_tools"
	},
	{
		"id": 213,
		"name": "Attract",
		"type": "move_learner_tools"
	},
	{
		"id": 29,
		"name": "Headbutt",
		"type": "move_learner_tools"
	},
	{
		"id": 207,
		"name": "Swagger",
		"type": "move_learner_tools"
	},
	{
		"id": 25,
		"name": "Mega Kick",
		"type": "move_learner_tools"
	},
	{
		"id": 203,
		"name": "Endure",
		"type": "move_learner_tools"
	},
	{
		"id": 196,
		"name": "Icy Wind",
		"type": "move_learner_tools"
	},
	{
		"id": 374,
		"name": "Fling",
		"type": "move_learner_tools"
	},
	{
		"id": 189,
		"name": "Mud-Slap",
		"type": "move_learner_tools"
	},
	{
		"id": 8,
		"name": "Ice Punch",
		"type": "move_learner_tools"
	},
	{
		"id": 6,
		"name": "Pay Day",
		"type": "move_learner_tools"
	},
	{
		"id": 363,
		"name": "Natural Gift",
		"type": "move_learner_tools"
	},
	{
		"id": 362,
		"name": "Brine",
		"type": "move_learner_tools"
	},
	{
		"id": 182,
		"name": "Protect",
		"type": "move_learner_tools"
	},
	{
		"id": 58,
		"name": "Ice Beam",
		"type": "move_learner_tools"
	}
],
"types": [
	"WATER",
	"WATER"
],
"stats": {
	"hp": 50,
	"attack": 52,
	"defense": 48,
	"speed": 55,
	"sp_attack": 65,
	"sp_defense": 50
},
"yields": {
	"exp": 64,
	"ev_hp": 0,
	"ev_attack": 0,
	"ev_defense": 0,
	"ev_speed": 0,
	"ev_sp_attack": 1,
	"ev_sp_defense": 0
},
"tiers": [
	"Untiered"
],
"held_items": [],
"locations": [
	{
		"type": "Grass",
		"region_id": 0,
		"region_name": "Kanto",
		"location": "BERRY FOREST",
		"min_level": 41,
		"max_level": 43,
		"rarity": "Rare"
	},
	{
		"type": "Water",
		"region_id": 0,
		"region_name": "Kanto",
		"location": "BERRY FOREST",
		"min_level": 30,
		"max_level": 40,
		"rarity": "Very Common"
	},
	{
		"type": "Super Rod",
		"region_id": 0,
		"region_name": "Kanto",
		"location": "BERRY FOREST",
		"min_level": 25,
		"max_level": 40,
		"rarity": "Rare"
	},
	{
		"type": "Grass",
		"region_id": 0,
		"region_name": "Kanto",
		"location": "BOND BRIDGE",
		"min_level": 40,
		"max_level": 42,
		"rarity": "Uncommon"
	},
	{
		"type": "Super Rod",
		"region_id": 0,
		"region_name": "Kanto",
		"location": "BOND BRIDGE",
		"min_level": 25,
		"max_level": 40,
		"rarity": "Rare"
	},
	{
		"type": "Grass",
		"region_id": 0,
		"region_name": "Kanto",
		"location": "CANYON ENTRANCE",
		"min_level": 48,
		"max_level": 50,
		"rarity": "Uncommon"
	},
	{
		"type": "Grass",
		"region_id": 0,
		"region_name": "Kanto",
		"location": "CAPE BRINK",
		"min_level": 39,
		"max_level": 41,
		"rarity": "Uncommon"
	},
	{
		"type": "Water",
		"region_id": 0,
		"region_name": "Kanto",
		"location": "CAPE BRINK",
		"min_level": 30,
		"max_level": 40,
		"rarity": "Very Common"
	},
	{
		"type": "Super Rod",
		"region_id": 0,
		"region_name": "Kanto",
		"location": "CAPE BRINK",
		"min_level": 25,
		"max_level": 40,
		"rarity": "Rare"
	},
	{
		"type": "Water",
		"region_id": 0,
		"region_name": "Kanto",
		"location": "CELADON CITY",
		"min_level": 30,
		"max_level": 35,
		"rarity": "Very Common"
	},
	{
		"type": "Water",
		"region_id": 0,
		"region_name": "Kanto",
		"location": "CERULEAN CAVE",
		"min_level": 47,
		"max_level": 50,
		"rarity": "Common"
	},
	{
		"type": "Super Rod",
		"region_id": 0,
		"region_name": "Kanto",
		"location": "CERULEAN CAVE",
		"min_level": 25,
		"max_level": 40,
		"rarity": "Rare"
	},
	{
		"type": "Super Rod",
		"region_id": 0,
		"region_name": "Kanto",
		"location": "CERULEAN CITY",
		"min_level": 25,
		"max_level": 40,
		"rarity": "Rare"
	},
	{
		"type": "Super Rod",
		"region_id": 0,
		"region_name": "Kanto",
		"location": "CINNABAR ISLAND",
		"min_level": 25,
		"max_level": 40,
		"rarity": "Rare"
	},
	{
		"type": "Super Rod",
		"region_id": 0,
		"region_name": "Kanto",
		"location": "FIVE ISLAND",
		"min_level": 25,
		"max_level": 40,
		"rarity": "Rare"
	},
	{
		"type": "Grass",
		"region_id": 0,
		"region_name": "Kanto",
		"location": "FIVE ISLE MEADOW",
		"min_level": 48,
		"max_level": 50,
		"rarity": "Uncommon"
	},
	{
		"type": "Grass",
		"region_id": 0,
		"region_name": "Kanto",
		"location": "FIVE ISLE MEADOW",
		"min_level": 48,
		"max_level": 50,
		"rarity": "Uncommon"
	},
	{
		"type": "Grass",
		"region_id": 0,
		"region_name": "Kanto",
		"location": "FIVE ISLE MEADOW",
		"min_level": 48,
		"max_level": 50,
		"rarity": "Uncommon"
	},
	{
		"type": "Grass",
		"region_id": 0,
		"region_name": "Kanto",
		"location": "FIVE ISLE MEADOW",
		"min_level": 48,
		"max_level": 50,
		"rarity": "Common"
	},
	{
		"type": "Super Rod",
		"region_id": 0,
		"region_name": "Kanto",
		"location": "FIVE ISLE MEADOW",
		"min_level": 25,
		"max_level": 40,
		"rarity": "Rare"
	},
	{
		"type": "Water",
		"region_id": 0,
		"region_name": "Kanto",
		"location": "FOUR ISLAND",
		"min_level": 40,
		"max_level": 50,
		"rarity": "Common"
	},
	{
		"type": "Super Rod",
		"region_id": 0,
		"region_name": "Kanto",
		"location": "FOUR ISLAND",
		"min_level": 25,
		"max_level": 40,
		"rarity": "Rare"
	},
	{
		"type": "Water",
		"region_id": 0,
		"region_name": "Kanto",
		"location": "FUCHSIA CITY",
		"min_level": 30,
		"max_level": 35,
		"rarity": "Very Common"
	},
	{
		"type": "Water",
		"region_id": 0,
		"region_name": "Kanto",
		"location": "FUCHSIA CITY",
		"min_level": 30,
		"max_level": 35,
		"rarity": "Horde"
	},
	{
		"type": "Super Rod",
		"region_id": 0,
		"region_name": "Kanto",
		"location": "FUCHSIA CITY",
		"min_level": 25,
		"max_level": 40,
		"rarity": "Rare"
	},
	{
		"type": "Super Rod",
		"region_id": 0,
		"region_name": "Kanto",
		"location": "GREEN PATH",
		"min_level": 25,
		"max_level": 40,
		"rarity": "Rare"
	},
	{
		"type": "Cave",
		"region_id": 0,
		"region_name": "Kanto",
		"location": "ICEFALL CAVE",
		"min_level": 48,
		"max_level": 50,
		"rarity": "Uncommon"
	},
	{
		"type": "Water",
		"region_id": 0,
		"region_name": "Kanto",
		"location": "ICEFALL CAVE",
		"min_level": 40,
		"max_level": 50,
		"rarity": "Common"
	},
	{
		"type": "Water",
		"region_id": 0,
		"region_name": "Kanto",
		"location": "ICEFALL CAVE",
		"min_level": 40,
		"max_level": 50,
		"rarity": "Common"
	},
	{
		"type": "Water",
		"region_id": 0,
		"region_name": "Kanto",
		"location": "ICEFALL CAVE",
		"min_level": 40,
		"max_level": 50,
		"rarity": "Common"
	},
	{
		"type": "Water",
		"region_id": 0,
		"region_name": "Kanto",
		"location": "ICEFALL CAVE",
		"min_level": 40,
		"max_level": 50,
		"rarity": "Uncommon"
	},
	{
		"type": "Super Rod",
		"region_id": 0,
		"region_name": "Kanto",
		"location": "ICEFALL CAVE",
		"min_level": 25,
		"max_level": 40,
		"rarity": "Rare"
	},
	{
		"type": "Grass",
		"region_id": 0,
		"region_name": "Kanto",
		"location": "KINDLE ROAD",
		"min_level": 36,
		"max_level": 38,
		"rarity": "Uncommon"
	},
	{
		"type": "Super Rod",
		"region_id": 0,
		"region_name": "Kanto",
		"location": "KINDLE ROAD",
		"min_level": 25,
		"max_level": 40,
		"rarity": "Rare"
	},
	{
		"type": "Super Rod",
		"region_id": 0,
		"region_name": "Kanto",
		"location": "MEMORIAL PILLAR",
		"min_level": 25,
		"max_level": 40,
		"rarity": "Rare"
	},
	{
		"type": "Super Rod",
		"region_id": 0,
		"region_name": "Kanto",
		"location": "ONE ISLAND",
		"min_level": 25,
		"max_level": 40,
		"rarity": "Rare"
	},
	{
		"type": "Super Rod",
		"region_id": 0,
		"region_name": "Kanto",
		"location": "OUTCAST ISLAND",
		"min_level": 25,
		"max_level": 40,
		"rarity": "Rare"
	},
	{
		"type": "Super Rod",
		"region_id": 0,
		"region_name": "Kanto",
		"location": "PALLET TOWN",
		"min_level": 25,
		"max_level": 40,
		"rarity": "Rare"
	},
	{
		"type": "Super Rod",
		"region_id": 0,
		"region_name": "Kanto",
		"location": "RESORT GORGEOUS",
		"min_level": 25,
		"max_level": 40,
		"rarity": "Rare"
	},
	{
		"type": "Grass",
		"region_id": 0,
		"region_name": "Kanto",
		"location": "ROUTE 4",
		"min_level": 8,
		"max_level": 12,
		"rarity": "Uncommon"
	},
	{
		"type": "Super Rod",
		"region_id": 0,
		"region_name": "Kanto",
		"location": "ROUTE 4",
		"min_level": 25,
		"max_level": 40,
		"rarity": "Rare"
	},
	{
		"type": "Grass",
		"region_id": 0,
		"region_name": "Kanto",
		"location": "ROUTE 6",
		"min_level": 14,
		"max_level": 15,
		"rarity": "Uncommon"
	},
	{
		"type": "Water",
		"region_id": 0,
		"region_name": "Kanto",
		"location": "ROUTE 6",
		"min_level": 30,
		"max_level": 35,
		"rarity": "Very Common"
	},
	{
		"type": "Water",
		"region_id": 0,
		"region_name": "Kanto",
		"location": "ROUTE 6",
		"min_level": 30,
		"max_level": 35,
		"rarity": "Horde"
	},
	{
		"type": "Super Rod",
		"region_id": 0,
		"region_name": "Kanto",
		"location": "ROUTE 6",
		"min_level": 25,
		"max_level": 40,
		"rarity": "Rare"
	},
	{
		"type": "Super Rod",
		"region_id": 0,
		"region_name": "Kanto",
		"location": "ROUTE 10",
		"min_level": 25,
		"max_level": 40,
		"rarity": "Rare"
	},
	{
		"type": "Super Rod",
		"region_id": 0,
		"region_name": "Kanto",
		"location": "ROUTE 11",
		"min_level": 25,
		"max_level": 40,
		"rarity": "Rare"
	},
	{
		"type": "Super Rod",
		"region_id": 0,
		"region_name": "Kanto",
		"location": "ROUTE 12",
		"min_level": 25,
		"max_level": 40,
		"rarity": "Rare"
	},
	{
		"type": "Super Rod",
		"region_id": 0,
		"region_name": "Kanto",
		"location": "ROUTE 13",
		"min_level": 25,
		"max_level": 40,
		"rarity": "Rare"
	},
	{
		"type": "Grass",
		"region_id": 0,
		"region_name": "Kanto",
		"location": "ROUTE 17",
		"min_level": 24,
		"max_level": 28,
		"rarity": "Uncommon"
	},
	{
		"type": "Super Rod",
		"region_id": 0,
		"region_name": "Kanto",
		"location": "ROUTE 19",
		"min_level": 25,
		"max_level": 40,
		"rarity": "Rare"
	},
	{
		"type": "Super Rod",
		"region_id": 0,
		"region_name": "Kanto",
		"location": "ROUTE 20",
		"min_level": 25,
		"max_level": 40,
		"rarity": "Rare"
	},
	{
		"type": "Super Rod",
		"region_id": 0,
		"region_name": "Kanto",
		"location": "ROUTE 21",
		"min_level": 25,
		"max_level": 40,
		"rarity": "Rare"
	},
	{
		"type": "Water",
		"region_id": 0,
		"region_name": "Kanto",
		"location": "ROUTE 22",
		"min_level": 30,
		"max_level": 35,
		"rarity": "Very Common"
	},
	{
		"type": "Super Rod",
		"region_id": 0,
		"region_name": "Kanto",
		"location": "ROUTE 22",
		"min_level": 25,
		"max_level": 40,
		"rarity": "Rare"
	},
	{
		"type": "Water",
		"region_id": 0,
		"region_name": "Kanto",
		"location": "ROUTE 23",
		"min_level": 30,
		"max_level": 40,
		"rarity": "Very Common"
	},
	{
		"type": "Water",
		"region_id": 0,
		"region_name": "Kanto",
		"location": "ROUTE 23",
		"min_level": 30,
		"max_level": 40,
		"rarity": "Horde"
	},
	{
		"type": "Super Rod",
		"region_id": 0,
		"region_name": "Kanto",
		"location": "ROUTE 23",
		"min_level": 25,
		"max_level": 40,
		"rarity": "Uncommon"
	},
	{
		"type": "Grass",
		"region_id": 0,
		"region_name": "Kanto",
		"location": "ROUTE 24",
		"min_level": 12,
		"max_level": 14,
		"rarity": "Uncommon"
	},
	{
		"type": "Super Rod",
		"region_id": 0,
		"region_name": "Kanto",
		"location": "ROUTE 24",
		"min_level": 25,
		"max_level": 40,
		"rarity": "Rare"
	},
	{
		"type": "Grass",
		"region_id": 0,
		"region_name": "Kanto",
		"location": "ROUTE 25",
		"min_level": 12,
		"max_level": 14,
		"rarity": "Uncommon"
	},
	{
		"type": "Water",
		"region_id": 0,
		"region_name": "Kanto",
		"location": "ROUTE 25",
		"min_level": 30,
		"max_level": 35,
		"rarity": "Very Common"
	},
	{
		"type": "Super Rod",
		"region_id": 0,
		"region_name": "Kanto",
		"location": "ROUTE 25",
		"min_level": 25,
		"max_level": 40,
		"rarity": "Rare"
	},
	{
		"type": "Grass",
		"region_id": 0,
		"region_name": "Kanto",
		"location": "RUIN VALLEY",
		"min_level": 50,
		"max_level": 52,
		"rarity": "Rare"
	},
	{
		"type": "Super Rod",
		"region_id": 0,
		"region_name": "Kanto",
		"location": "RUIN VALLEY",
		"min_level": 25,
		"max_level": 40,
		"rarity": "Rare"
	},
	{
		"type": "Super Rod",
		"region_id": 0,
		"region_name": "Kanto",
		"location": "S.S. ANNE",
		"min_level": 25,
		"max_level": 40,
		"rarity": "Rare"
	},
	{
		"type": "Water",
		"region_id": 0,
		"region_name": "Kanto",
		"location": "SAFARI ZONE",
		"min_level": 30,
		"max_level": 35,
		"rarity": "Very Common"
	},
	{
		"type": "Super Rod",
		"region_id": 0,
		"region_name": "Kanto",
		"location": "SAFARI ZONE",
		"min_level": 25,
		"max_level": 40,
		"rarity": "Rare"
	},
	{
		"type": "Cave",
		"region_id": 0,
		"region_name": "Kanto",
		"location": "SEAFOAM ISLANDS",
		"min_level": 26,
		"max_level": 32,
		"rarity": "Common"
	},
	{
		"type": "Cave",
		"region_id": 0,
		"region_name": "Kanto",
		"location": "SEAFOAM ISLANDS",
		"min_level": 26,
		"max_level": 28,
		"rarity": "Horde"
	},
	{
		"type": "Water",
		"region_id": 0,
		"region_name": "Kanto",
		"location": "SEAFOAM ISLANDS",
		"min_level": 30,
		"max_level": 40,
		"rarity": "Uncommon"
	},
	{
		"type": "Good Rod",
		"region_id": 0,
		"region_name": "Kanto",
		"location": "SEAFOAM ISLANDS",
		"min_level": 10,
		"max_level": 25,
		"rarity": "Uncommon"
	},
	{
		"type": "Super Rod",
		"region_id": 0,
		"region_name": "Kanto",
		"location": "SEAFOAM ISLANDS",
		"min_level": 25,
		"max_level": 40,
		"rarity": "Rare"
	},
	{
		"type": "Super Rod",
		"region_id": 0,
		"region_name": "Kanto",
		"location": "TANOBY RUINS",
		"min_level": 25,
		"max_level": 40,
		"rarity": "Rare"
	},
	{
		"type": "Super Rod",
		"region_id": 0,
		"region_name": "Kanto",
		"location": "TRAINER TOWER",
		"min_level": 25,
		"max_level": 40,
		"rarity": "Rare"
	},
	{
		"type": "Grass",
		"region_id": 0,
		"region_name": "Kanto",
		"location": "TREASURE BEACH",
		"min_level": 36,
		"max_level": 38,
		"rarity": "Uncommon"
	},
	{
		"type": "Super Rod",
		"region_id": 0,
		"region_name": "Kanto",
		"location": "TREASURE BEACH",
		"min_level": 25,
		"max_level": 40,
		"rarity": "Rare"
	},
	{
		"type": "Super Rod",
		"region_id": 0,
		"region_name": "Kanto",
		"location": "VERMILION CITY",
		"min_level": 25,
		"max_level": 40,
		"rarity": "Rare"
	},
	{
		"type": "Water",
		"region_id": 0,
		"region_name": "Kanto",
		"location": "VIRIDIAN CITY",
		"min_level": 30,
		"max_level": 35,
		"rarity": "Common"
	},
	{
		"type": "Super Rod",
		"region_id": 0,
		"region_name": "Kanto",
		"location": "VIRIDIAN CITY",
		"min_level": 25,
		"max_level": 40,
		"rarity": "Rare"
	},
	{
		"type": "Super Rod",
		"region_id": 0,
		"region_name": "Kanto",
		"location": "WATER LABYRINTH",
		"min_level": 25,
		"max_level": 40,
		"rarity": "Rare"
	},
	{
		"type": "Grass",
		"region_id": 0,
		"region_name": "Kanto",
		"location": "WATER PATH",
		"min_level": 48,
		"max_level": 50,
		"rarity": "Uncommon"
	},
	{
		"type": "Super Rod",
		"region_id": 0,
		"region_name": "Kanto",
		"location": "WATER PATH",
		"min_level": 25,
		"max_level": 40,
		"rarity": "Rare"
	},
	{
		"type": "Grass",
		"region_id": 1,
		"region_name": "Hoenn",
		"location": "ROUTE 103",
		"min_level": 7,
		"max_level": 7,
		"rarity": "Lure"
	},
	{
		"type": "Grass",
		"region_id": 1,
		"region_name": "Hoenn",
		"location": "SAFARI ZONE",
		"min_level": 27,
		"max_level": 29,
		"rarity": "Uncommon"
	},
	{
		"type": "Water",
		"region_id": 1,
		"region_name": "Hoenn",
		"location": "SAFARI ZONE",
		"min_level": 25,
		"max_level": 30,
		"rarity": "Very Common"
	},
	{
		"type": "Grass",
		"region_id": 2,
		"region_name": "Unova",
		"location": "Route 3",
		"min_level": 12,
		"max_level": 14,
		"rarity": "Special"
	},
	{
		"type": "Water",
		"region_id": 2,
		"region_name": "Unova",
		"location": "Striaton City",
		"min_level": 30,
		"max_level": 40,
		"rarity": "Special"
	},
	{
		"type": "Water",
		"region_id": 3,
		"region_name": "Sinnoh",
		"location": "Celestic Town",
		"min_level": 20,
		"max_level": 35,
		"rarity": "Very Common"
	},
	{
		"type": "Water",
		"region_id": 3,
		"region_name": "Sinnoh",
		"location": "Celestic Town",
		"min_level": 20,
		"max_level": 35,
		"rarity": "Horde"
	},
	{
		"type": "Water",
		"region_id": 3,
		"region_name": "Sinnoh",
		"location": "Eterna City",
		"min_level": 20,
		"max_level": 35,
		"rarity": "Very Common"
	},
	{
		"type": "Water",
		"region_id": 3,
		"region_name": "Sinnoh",
		"location": "Eterna City",
		"min_level": 20,
		"max_level": 35,
		"rarity": "Horde"
	},
	{
		"type": "Inside",
		"region_id": 3,
		"region_name": "Sinnoh",
		"location": "Great Marsh",
		"min_level": 27,
		"max_level": 29,
		"rarity": "Very Rare"
	},
	{
		"type": "Water",
		"region_id": 3,
		"region_name": "Sinnoh",
		"location": "Great Marsh",
		"min_level": 20,
		"max_level": 30,
		"rarity": "Very Rare"
	},
	{
		"type": "Grass",
		"region_id": 3,
		"region_name": "Sinnoh",
		"location": "Lake Acuity",
		"min_level": 38,
		"max_level": 38,
		"rarity": "Rare"
	},
	{
		"type": "Grass",
		"region_id": 3,
		"region_name": "Sinnoh",
		"location": "Lake Acuity",
		"min_level": 38,
		"max_level": 38,
		"rarity": "Uncommon"
	},
	{
		"type": "Grass",
		"region_id": 3,
		"region_name": "Sinnoh",
		"location": "Lake Acuity",
		"min_level": 38,
		"max_level": 38,
		"rarity": "Rare"
	},
	{
		"type": "Grass",
		"region_id": 3,
		"region_name": "Sinnoh",
		"location": "Lake Acuity",
		"min_level": 38,
		"max_level": 38,
		"rarity": "Rare"
	},
	{
		"type": "Water",
		"region_id": 3,
		"region_name": "Sinnoh",
		"location": "Lake Acuity",
		"min_level": 20,
		"max_level": 30,
		"rarity": "Very Common"
	},
	{
		"type": "Water",
		"region_id": 3,
		"region_name": "Sinnoh",
		"location": "Lake Acuity",
		"min_level": 20,
		"max_level": 30,
		"rarity": "Horde"
	},
	{
		"type": "Grass",
		"region_id": 3,
		"region_name": "Sinnoh",
		"location": "Lake Valor",
		"min_level": 38,
		"max_level": 39,
		"rarity": "Common"
	},
	{
		"type": "Water",
		"region_id": 3,
		"region_name": "Sinnoh",
		"location": "Lake Valor",
		"min_level": 20,
		"max_level": 30,
		"rarity": "Very Common"
	},
	{
		"type": "Water",
		"region_id": 3,
		"region_name": "Sinnoh",
		"location": "Lake Valor",
		"min_level": 20,
		"max_level": 30,
		"rarity": "Horde"
	},
	{
		"type": "Water",
		"region_id": 3,
		"region_name": "Sinnoh",
		"location": "Lake Verity",
		"min_level": 20,
		"max_level": 30,
		"rarity": "Very Common"
	},
	{
		"type": "Water",
		"region_id": 3,
		"region_name": "Sinnoh",
		"location": "Lake Verity",
		"min_level": 20,
		"max_level": 30,
		"rarity": "Horde"
	},
	{
		"type": "Cave",
		"region_id": 3,
		"region_name": "Sinnoh",
		"location": "Oreburgh Gate",
		"min_level": 5,
		"max_level": 10,
		"rarity": "Very Common"
	},
	{
		"type": "Cave",
		"region_id": 3,
		"region_name": "Sinnoh",
		"location": "Oreburgh Gate",
		"min_level": 6,
		"max_level": 7,
		"rarity": "Horde"
	},
	{
		"type": "Water",
		"region_id": 3,
		"region_name": "Sinnoh",
		"location": "Oreburgh Gate",
		"min_level": 20,
		"max_level": 30,
		"rarity": "Very Common"
	},
	{
		"type": "Water",
		"region_id": 3,
		"region_name": "Sinnoh",
		"location": "Oreburgh Gate",
		"min_level": 20,
		"max_level": 30,
		"rarity": "Horde"
	},
	{
		"type": "Cave",
		"region_id": 3,
		"region_name": "Sinnoh",
		"location": "Ravaged Path",
		"min_level": 4,
		"max_level": 6,
		"rarity": "Very Common"
	},
	{
		"type": "Water",
		"region_id": 3,
		"region_name": "Sinnoh",
		"location": "Ravaged Path",
		"min_level": 20,
		"max_level": 30,
		"rarity": "Very Common"
	},
	{
		"type": "Water",
		"region_id": 3,
		"region_name": "Sinnoh",
		"location": "Resort Area",
		"min_level": 35,
		"max_level": 45,
		"rarity": "Uncommon"
	},
	{
		"type": "Water",
		"region_id": 3,
		"region_name": "Sinnoh",
		"location": "Route 203",
		"min_level": 20,
		"max_level": 35,
		"rarity": "Very Common"
	},
	{
		"type": "Water",
		"region_id": 3,
		"region_name": "Sinnoh",
		"location": "Route 203",
		"min_level": 20,
		"max_level": 35,
		"rarity": "Horde"
	},
	{
		"type": "Water",
		"region_id": 3,
		"region_name": "Sinnoh",
		"location": "Route 204",
		"min_level": 20,
		"max_level": 30,
		"rarity": "Very Common"
	},
	{
		"type": "Water",
		"region_id": 3,
		"region_name": "Sinnoh",
		"location": "Route 204",
		"min_level": 20,
		"max_level": 30,
		"rarity": "Horde"
	},
	{
		"type": "Water",
		"region_id": 3,
		"region_name": "Sinnoh",
		"location": "Route 205",
		"min_level": 20,
		"max_level": 30,
		"rarity": "Very Common"
	},
	{
		"type": "Water",
		"region_id": 3,
		"region_name": "Sinnoh",
		"location": "Route 205",
		"min_level": 20,
		"max_level": 30,
		"rarity": "Horde"
	},
	{
		"type": "Grass",
		"region_id": 3,
		"region_name": "Sinnoh",
		"location": "Route 208",
		"min_level": 16,
		"max_level": 17,
		"rarity": "Horde"
	},
	{
		"type": "Grass",
		"region_id": 3,
		"region_name": "Sinnoh",
		"location": "Route 208",
		"min_level": 18,
		"max_level": 19,
		"rarity": "Uncommon"
	},
	{
		"type": "Water",
		"region_id": 3,
		"region_name": "Sinnoh",
		"location": "Route 208",
		"min_level": 20,
		"max_level": 30,
		"rarity": "Very Common"
	},
	{
		"type": "Water",
		"region_id": 3,
		"region_name": "Sinnoh",
		"location": "Route 208",
		"min_level": 20,
		"max_level": 30,
		"rarity": "Horde"
	},
	{
		"type": "Water",
		"region_id": 3,
		"region_name": "Sinnoh",
		"location": "Route 209",
		"min_level": 20,
		"max_level": 30,
		"rarity": "Very Common"
	},
	{
		"type": "Water",
		"region_id": 3,
		"region_name": "Sinnoh",
		"location": "Route 209",
		"min_level": 20,
		"max_level": 30,
		"rarity": "Horde"
	},
	{
		"type": "Grass",
		"region_id": 3,
		"region_name": "Sinnoh",
		"location": "Route 210",
		"min_level": 27,
		"max_level": 28,
		"rarity": "Uncommon"
	},
	{
		"type": "Water",
		"region_id": 3,
		"region_name": "Sinnoh",
		"location": "Route 210",
		"min_level": 20,
		"max_level": 30,
		"rarity": "Very Common"
	},
	{
		"type": "Water",
		"region_id": 3,
		"region_name": "Sinnoh",
		"location": "Route 210",
		"min_level": 20,
		"max_level": 30,
		"rarity": "Horde"
	},
	{
		"type": "Water",
		"region_id": 3,
		"region_name": "Sinnoh",
		"location": "Route 212",
		"min_level": 20,
		"max_level": 30,
		"rarity": "Very Common"
	},
	{
		"type": "Water",
		"region_id": 3,
		"region_name": "Sinnoh",
		"location": "Route 212",
		"min_level": 20,
		"max_level": 30,
		"rarity": "Horde"
	},
	{
		"type": "Water",
		"region_id": 3,
		"region_name": "Sinnoh",
		"location": "Route 214",
		"min_level": 20,
		"max_level": 30,
		"rarity": "Very Common"
	},
	{
		"type": "Water",
		"region_id": 3,
		"region_name": "Sinnoh",
		"location": "Route 214",
		"min_level": 20,
		"max_level": 30,
		"rarity": "Horde"
	},
	{
		"type": "Water",
		"region_id": 3,
		"region_name": "Sinnoh",
		"location": "Route 225",
		"min_level": 35,
		"max_level": 45,
		"rarity": "Uncommon"
	},
	{
		"type": "Water",
		"region_id": 3,
		"region_name": "Sinnoh",
		"location": "Twinleaf Town",
		"min_level": 20,
		"max_level": 35,
		"rarity": "Very Common"
	},
	{
		"type": "Water",
		"region_id": 3,
		"region_name": "Sinnoh",
		"location": "Twinleaf Town",
		"min_level": 20,
		"max_level": 35,
		"rarity": "Horde"
	},
	{
		"type": "Cave",
		"region_id": 4,
		"region_name": "Johto",
		"location": "Ilex Forest (Night)",
		"min_level": 12,
		"max_level": 14,
		"rarity": "Uncommon"
	},
	{
		"type": "Water",
		"region_id": 4,
		"region_name": "Johto",
		"location": "Ilex Forest",
		"min_level": 18,
		"max_level": 22,
		"rarity": "Horde"
	},
	{
		"type": "Water",
		"region_id": 4,
		"region_name": "Johto",
		"location": "Ilex Forest",
		"min_level": 20,
		"max_level": 25,
		"rarity": "Very Common"
	},
	{
		"type": "Grass",
		"region_id": 4,
		"region_name": "Johto",
		"location": "National Park (Night)",
		"min_level": 16,
		"max_level": 18,
		"rarity": "Uncommon"
	},
	{
		"type": "Grass",
		"region_id": 4,
		"region_name": "Johto",
		"location": "Route 35 (Night)",
		"min_level": 15,
		"max_level": 17,
		"rarity": "Uncommon"
	},
	{
		"type": "Water",
		"region_id": 4,
		"region_name": "Johto",
		"location": "Route 35",
		"min_level": 18,
		"max_level": 22,
		"rarity": "Horde"
	},
	{
		"type": "Water",
		"region_id": 4,
		"region_name": "Johto",
		"location": "Route 35",
		"min_level": 20,
		"max_level": 25,
		"rarity": "Very Common"
	},
	{
		"type": "Cave",
		"region_id": 4,
		"region_name": "Johto",
		"location": "Safari Zone",
		"min_level": 28,
		"max_level": 31,
		"rarity": "Rare"
	},
	{
		"type": "Water",
		"region_id": 4,
		"region_name": "Johto",
		"location": "Safari Zone",
		"min_level": 28,
		"max_level": 31,
		"rarity": "Rare"
	}
]
}