{
"id": 57,
"name": "Primeape",
"exp_type": "MEDIUM_FAST",
"obtainable": true,
"gender_ratio": 127,
"height": 10,
"weight": 320,
"egg_groups": [
	"field"
],
"abilities": [
	{
		"id": 72,
		"name": "Vital Spirit"
	},
	{
		"id": 83,
		"name": "Anger Point"
	},
	{
		"id": 128,
		"name": "Defiant"
	}
],
"forms": [
	{
		"form_id": 0,
		"id": 57,
		"name": "Primeape"
	}
],
"evolutions": [],
"moves": [
	{
		"id": 10,
		"name": "Scratch",
		"type": "level",
		"level": 1
	},
	{
		"id": 43,
		"name": "Leer",
		"type": "level",
		"level": 1
	},
	{
		"id": 67,
		"name": "Low Kick",
		"type": "level",
		"level": 1
	},
	{
		"id": 116,
		"name": "Focus Energy",
		"type": "level",
		"level": 1
	},
	{
		"id": 374,
		"name": "Fling",
		"type": "level",
		"level": 1
	},
	{
		"id": 515,
		"name": "Final Gambit",
		"type": "level",
		"level": 1
	},
	{
		"id": 99,
		"name": "Rage",
		"type": "level",
		"level": 1
	},
	{
		"id": 227,
		"name": "Encore",
		"type": "level",
		"level": 1
	},
	{
		"id": 68,
		"name": "Counter",
		"type": "level",
		"level": 1
	},
	{
		"id": 269,
		"name": "Taunt",
		"type": "level",
		"level": 1
	},
	{
		"id": 154,
		"name": "Fury Swipes",
		"type": "level",
		"level": 5
	},
	{
		"id": 2,
		"name": "Karate Chop",
		"type": "level",
		"level": 8
	},
	{
		"id": 189,
		"name": "Mud-Slap",
		"type": "level",
		"level": 8
	},
	{
		"id": 67,
		"name": "Low Kick",
		"type": "level",
		"level": 8
	},
	{
		"id": 228,
		"name": "Pursuit",
		"type": "level",
		"level": 12
	},
	{
		"id": 69,
		"name": "Seismic Toss",
		"type": "level",
		"level": 15
	},
	{
		"id": 514,
		"name": "Retaliate",
		"type": "level",
		"level": 15
	},
	{
		"id": 207,
		"name": "Swagger",
		"type": "level",
		"level": 17
	},
	{
		"id": 238,
		"name": "Cross Chop",
		"type": "level",
		"level": 22
	},
	{
		"id": 372,
		"name": "Assurance",
		"type": "level",
		"level": 26
	},
	{
		"id": 99,
		"name": "Rage",
		"type": "level",
		"level": 28
	},
	{
		"id": 386,
		"name": "Punishment",
		"type": "level",
		"level": 30
	},
	{
		"id": 130,
		"name": "Skull Bash",
		"type": "level",
		"level": 30
	},
	{
		"id": 37,
		"name": "Thrash",
		"type": "level",
		"level": 30
	},
	{
		"id": 369,
		"name": "U-turn",
		"type": "level",
		"level": 33
	},
	{
		"id": 370,
		"name": "Close Combat",
		"type": "level",
		"level": 39
	},
	{
		"id": 103,
		"name": "Screech",
		"type": "level",
		"level": 40
	},
	{
		"id": 200,
		"name": "Outrage",
		"type": "level",
		"level": 53
	},
	{
		"id": 515,
		"name": "Final Gambit",
		"type": "level",
		"level": 57
	},
	{
		"id": 343,
		"name": "Covet",
		"type": "move_tutor"
	},
	{
		"id": 272,
		"name": "Role Play",
		"type": "move_tutor"
	},
	{
		"id": 173,
		"name": "Snore",
		"type": "move_tutor"
	},
	{
		"id": 283,
		"name": "Endeavor",
		"type": "move_tutor"
	},
	{
		"id": 111,
		"name": "Defense Curl",
		"type": "move_tutor"
	},
	{
		"id": 530,
		"name": "Dual Chop",
		"type": "move_tutor"
	},
	{
		"id": 343,
		"name": "Covet",
		"type": "prevo_moves"
	},
	{
		"id": 174,
		"name": "Curse",
		"type": "move_learner_tools"
	},
	{
		"id": 317,
		"name": "Rock Tomb",
		"type": "move_learner_tools"
	},
	{
		"id": 189,
		"name": "Mud-Slap",
		"type": "move_learner_tools"
	},
	{
		"id": 102,
		"name": "Mimic",
		"type": "move_learner_tools"
	},
	{
		"id": 184,
		"name": "Scary Face",
		"type": "move_learner_tools"
	},
	{
		"id": 182,
		"name": "Protect",
		"type": "move_learner_tools"
	},
	{
		"id": 180,
		"name": "Spite",
		"type": "move_learner_tools"
	},
	{
		"id": 179,
		"name": "Reversal",
		"type": "move_learner_tools"
	},
	{
		"id": 8,
		"name": "Ice Punch",
		"type": "move_learner_tools"
	},
	{
		"id": 374,
		"name": "Fling",
		"type": "move_learner_tools"
	},
	{
		"id": 372,
		"name": "Assurance",
		"type": "move_learner_tools"
	},
	{
		"id": 371,
		"name": "Payback",
		"type": "move_learner_tools"
	},
	{
		"id": 370,
		"name": "Close Combat",
		"type": "move_learner_tools"
	},
	{
		"id": 369,
		"name": "U-turn",
		"type": "move_learner_tools"
	},
	{
		"id": 168,
		"name": "Thief",
		"type": "move_learner_tools"
	},
	{
		"id": 363,
		"name": "Natural Gift",
		"type": "move_learner_tools"
	},
	{
		"id": 164,
		"name": "Substitute",
		"type": "move_learner_tools"
	},
	{
		"id": 34,
		"name": "Body Slam",
		"type": "move_learner_tools"
	},
	{
		"id": 157,
		"name": "Rock Slide",
		"type": "move_learner_tools"
	},
	{
		"id": 213,
		"name": "Attract",
		"type": "move_learner_tools"
	},
	{
		"id": 214,
		"name": "Sleep Talk",
		"type": "move_learner_tools"
	},
	{
		"id": 6,
		"name": "Pay Day",
		"type": "move_learner_tools"
	},
	{
		"id": 244,
		"name": "Psych Up",
		"type": "move_learner_tools"
	},
	{
		"id": 339,
		"name": "Bulk Up",
		"type": "move_learner_tools"
	},
	{
		"id": 249,
		"name": "Rock Smash",
		"type": "move_learner_tools"
	},
	{
		"id": 332,
		"name": "Aerial Ace",
		"type": "move_learner_tools"
	},
	{
		"id": 129,
		"name": "Swift",
		"type": "move_learner_tools"
	},
	{
		"id": 526,
		"name": "Work Up",
		"type": "move_learner_tools"
	},
	{
		"id": 130,
		"name": "Skull Bash",
		"type": "move_learner_tools"
	},
	{
		"id": 523,
		"name": "Bulldoze",
		"type": "move_learner_tools"
	},
	{
		"id": 67,
		"name": "Low Kick",
		"type": "move_learner_tools"
	},
	{
		"id": 514,
		"name": "Retaliate",
		"type": "move_learner_tools"
	},
	{
		"id": 512,
		"name": "Acrobatics",
		"type": "move_learner_tools"
	},
	{
		"id": 117,
		"name": "Bide",
		"type": "move_learner_tools"
	},
	{
		"id": 116,
		"name": "Focus Energy",
		"type": "move_learner_tools"
	},
	{
		"id": 85,
		"name": "Thunderbolt",
		"type": "move_learner_tools"
	},
	{
		"id": 104,
		"name": "Double Team",
		"type": "move_learner_tools"
	},
	{
		"id": 103,
		"name": "Screech",
		"type": "move_learner_tools"
	},
	{
		"id": 496,
		"name": "Round",
		"type": "move_learner_tools"
	},
	{
		"id": 99,
		"name": "Rage",
		"type": "move_learner_tools"
	},
	{
		"id": 490,
		"name": "Low Sweep",
		"type": "move_learner_tools"
	},
	{
		"id": 290,
		"name": "Secret Power",
		"type": "move_learner_tools"
	},
	{
		"id": 92,
		"name": "Toxic",
		"type": "move_learner_tools"
	},
	{
		"id": 91,
		"name": "Dig",
		"type": "move_learner_tools"
	},
	{
		"id": 89,
		"name": "Earthquake",
		"type": "move_learner_tools"
	},
	{
		"id": 87,
		"name": "Thunder",
		"type": "move_learner_tools"
	},
	{
		"id": 479,
		"name": "Smack Down",
		"type": "move_learner_tools"
	},
	{
		"id": 280,
		"name": "Brick Break",
		"type": "move_learner_tools"
	},
	{
		"id": 279,
		"name": "Revenge",
		"type": "move_learner_tools"
	},
	{
		"id": 118,
		"name": "Metronome",
		"type": "move_learner_tools"
	},
	{
		"id": 468,
		"name": "Hone Claws",
		"type": "move_learner_tools"
	},
	{
		"id": 315,
		"name": "Overheat",
		"type": "move_learner_tools"
	},
	{
		"id": 269,
		"name": "Taunt",
		"type": "move_learner_tools"
	},
	{
		"id": 70,
		"name": "Strength",
		"type": "move_learner_tools"
	},
	{
		"id": 69,
		"name": "Seismic Toss",
		"type": "move_learner_tools"
	},
	{
		"id": 68,
		"name": "Counter",
		"type": "move_learner_tools"
	},
	{
		"id": 264,
		"name": "Focus Punch",
		"type": "move_learner_tools"
	},
	{
		"id": 263,
		"name": "Facade",
		"type": "move_learner_tools"
	},
	{
		"id": 63,
		"name": "Hyper Beam",
		"type": "move_learner_tools"
	},
	{
		"id": 66,
		"name": "Submission",
		"type": "move_learner_tools"
	},
	{
		"id": 253,
		"name": "Uproar",
		"type": "move_learner_tools"
	},
	{
		"id": 251,
		"name": "Beat Up",
		"type": "move_learner_tools"
	},
	{
		"id": 446,
		"name": "Stealth Rock",
		"type": "move_learner_tools"
	},
	{
		"id": 445,
		"name": "Captivate",
		"type": "move_learner_tools"
	},
	{
		"id": 444,
		"name": "Stone Edge",
		"type": "move_learner_tools"
	},
	{
		"id": 441,
		"name": "Gunk Shot",
		"type": "move_learner_tools"
	},
	{
		"id": 241,
		"name": "Sunny Day",
		"type": "move_learner_tools"
	},
	{
		"id": 240,
		"name": "Rain Dance",
		"type": "move_learner_tools"
	},
	{
		"id": 270,
		"name": "Helping Hand",
		"type": "move_learner_tools"
	},
	{
		"id": 237,
		"name": "Hidden Power",
		"type": "move_learner_tools"
	},
	{
		"id": 156,
		"name": "Rest",
		"type": "move_learner_tools"
	},
	{
		"id": 38,
		"name": "Double-Edge",
		"type": "move_learner_tools"
	},
	{
		"id": 431,
		"name": "Rock Climb",
		"type": "move_learner_tools"
	},
	{
		"id": 36,
		"name": "Take Down",
		"type": "move_learner_tools"
	},
	{
		"id": 231,
		"name": "Iron Tail",
		"type": "move_learner_tools"
	},
	{
		"id": 227,
		"name": "Encore",
		"type": "move_learner_tools"
	},
	{
		"id": 29,
		"name": "Headbutt",
		"type": "move_learner_tools"
	},
	{
		"id": 421,
		"name": "Shadow Claw",
		"type": "move_learner_tools"
	},
	{
		"id": 223,
		"name": "DynamicPunch",
		"type": "move_learner_tools"
	},
	{
		"id": 25,
		"name": "Mega Kick",
		"type": "move_learner_tools"
	},
	{
		"id": 416,
		"name": "Giga Impact",
		"type": "move_learner_tools"
	},
	{
		"id": 218,
		"name": "Frustration",
		"type": "move_learner_tools"
	},
	{
		"id": 216,
		"name": "Return",
		"type": "move_learner_tools"
	},
	{
		"id": 411,
		"name": "Focus Blast",
		"type": "move_learner_tools"
	},
	{
		"id": 410,
		"name": "Vacuum Wave",
		"type": "move_learner_tools"
	},
	{
		"id": 409,
		"name": "Drain Punch",
		"type": "move_learner_tools"
	},
	{
		"id": 207,
		"name": "Swagger",
		"type": "move_learner_tools"
	},
	{
		"id": 9,
		"name": "ThunderPunch",
		"type": "move_learner_tools"
	},
	{
		"id": 402,
		"name": "Seed Bomb",
		"type": "move_learner_tools"
	},
	{
		"id": 7,
		"name": "Fire Punch",
		"type": "move_learner_tools"
	},
	{
		"id": 203,
		"name": "Endure",
		"type": "move_learner_tools"
	},
	{
		"id": 5,
		"name": "Mega Punch",
		"type": "move_learner_tools"
	},
	{
		"id": 398,
		"name": "Poison Jab",
		"type": "move_learner_tools"
	},
	{
		"id": 200,
		"name": "Outrage",
		"type": "move_learner_tools"
	},
	{
		"id": 197,
		"name": "Detect",
		"type": "move_learner_tools"
	},
	{
		"id": 99,
		"name": "Rage",
		"type": "on_evolution"
	}
],
"types": [
	"FIGHTING",
	"FIGHTING"
],
"stats": {
	"hp": 65,
	"attack": 105,
	"defense": 60,
	"speed": 95,
	"sp_attack": 60,
	"sp_defense": 70
},
"yields": {
	"exp": 159,
	"ev_hp": 0,
	"ev_attack": 2,
	"ev_defense": 0,
	"ev_speed": 0,
	"ev_sp_attack": 0,
	"ev_sp_defense": 0
},
"tiers": [
	"Untiered"
],
"held_items": [
	{
		"id": 5193,
		"name": "Payapa Berry"
	}
],
"locations": [
	{
		"type": "Cave",
		"region_id": 0,
		"region_name": "Kanto",
		"location": "CERULEAN CAVE",
		"min_level": 54,
		"max_level": 56,
		"rarity": "Rare"
	},
	{
		"type": "Grass",
		"region_id": 0,
		"region_name": "Kanto",
		"location": "ROUTE 23",
		"min_level": 38,
		"max_level": 39,
		"rarity": "Horde"
	},
	{
		"type": "Grass",
		"region_id": 0,
		"region_name": "Kanto",
		"location": "ROUTE 23",
		"min_level": 42,
		"max_level": 42,
		"rarity": "Uncommon"
	},
	{
		"type": "Grass",
		"region_id": 0,
		"region_name": "Kanto",
		"location": "ROUTE 23",
		"min_level": 42,
		"max_level": 42,
		"rarity": "Uncommon"
	},
	{
		"type": "Grass",
		"region_id": 0,
		"region_name": "Kanto",
		"location": "ROUTE 23",
		"min_level": 42,
		"max_level": 42,
		"rarity": "Uncommon"
	},
	{
		"type": "Grass",
		"region_id": 0,
		"region_name": "Kanto",
		"location": "ROUTE 23",
		"min_level": 42,
		"max_level": 42,
		"rarity": "Uncommon"
	},
	{
		"type": "Cave",
		"region_id": 0,
		"region_name": "Kanto",
		"location": "VICTORY ROAD",
		"min_level": 42,
		"max_level": 42,
		"rarity": "Very Rare"
	},
	{
		"type": "Headbutt",
		"region_id": 4,
		"region_name": "Johto",
		"location": "Safari Zone",
		"min_level": 28,
		"max_level": 31,
		"rarity": "Rare"
	}
]
}