{
"id": 59,
"name": "Arcanine",
"exp_type": "SLOW",
"obtainable": true,
"gender_ratio": 63,
"height": 19,
"weight": 1550,
"egg_groups": [
	"field"
],
"abilities": [
	{
		"id": 22,
		"name": "Intimidate"
	},
	{
		"id": 18,
		"name": "Flash Fire"
	},
	{
		"id": 154,
		"name": "Justified"
	}
],
"forms": [
	{
		"form_id": 0,
		"id": 59,
		"name": "Arcanine"
	}
],
"evolutions": [],
"moves": [
	{
		"id": 36,
		"name": "Take Down",
		"type": "level",
		"level": 1
	},
	{
		"id": 43,
		"name": "Leer",
		"type": "level",
		"level": 1
	},
	{
		"id": 44,
		"name": "Bite",
		"type": "level",
		"level": 1
	},
	{
		"id": 46,
		"name": "Roar",
		"type": "level",
		"level": 1
	},
	{
		"id": 52,
		"name": "Ember",
		"type": "level",
		"level": 1
	},
	{
		"id": 53,
		"name": "Flamethrower",
		"type": "level",
		"level": 1
	},
	{
		"id": 97,
		"name": "Agility",
		"type": "level",
		"level": 1
	},
	{
		"id": 172,
		"name": "Flame Wheel",
		"type": "level",
		"level": 1
	},
	{
		"id": 179,
		"name": "Reversal",
		"type": "level",
		"level": 1
	},
	{
		"id": 242,
		"name": "Crunch",
		"type": "level",
		"level": 1
	},
	{
		"id": 245,
		"name": "ExtremeSpeed",
		"type": "level",
		"level": 1
	},
	{
		"id": 270,
		"name": "Helping Hand",
		"type": "level",
		"level": 1
	},
	{
		"id": 316,
		"name": "Odor Sleuth",
		"type": "level",
		"level": 1
	},
	{
		"id": 336,
		"name": "Howl",
		"type": "level",
		"level": 1
	},
	{
		"id": 394,
		"name": "Flare Blitz",
		"type": "level",
		"level": 1
	},
	{
		"id": 422,
		"name": "Thunder Fang",
		"type": "level",
		"level": 1
	},
	{
		"id": 424,
		"name": "Fire Fang",
		"type": "level",
		"level": 1
	},
	{
		"id": 514,
		"name": "Retaliate",
		"type": "level",
		"level": 1
	},
	{
		"id": 38,
		"name": "Double-Edge",
		"type": "level",
		"level": 1
	},
	{
		"id": 53,
		"name": "Flamethrower",
		"type": "level",
		"level": 5
	},
	{
		"id": 245,
		"name": "ExtremeSpeed",
		"type": "level",
		"level": 34
	},
	{
		"id": 343,
		"name": "Covet",
		"type": "move_tutor"
	},
	{
		"id": 173,
		"name": "Snore",
		"type": "move_tutor"
	},
	{
		"id": 481,
		"name": "Flame Burst",
		"type": "prevo_moves"
	},
	{
		"id": 200,
		"name": "Outrage",
		"type": "prevo_moves"
	},
	{
		"id": 257,
		"name": "Heat Wave",
		"type": "prevo_moves"
	},
	{
		"id": 488,
		"name": "Flame Charge",
		"type": "move_learner_tools"
	},
	{
		"id": 261,
		"name": "Will-O-Wisp",
		"type": "move_learner_tools"
	},
	{
		"id": 156,
		"name": "Rest",
		"type": "move_learner_tools"
	},
	{
		"id": 315,
		"name": "Overheat",
		"type": "move_learner_tools"
	},
	{
		"id": 304,
		"name": "Hyper Voice",
		"type": "move_learner_tools"
	},
	{
		"id": 182,
		"name": "Protect",
		"type": "move_learner_tools"
	},
	{
		"id": 46,
		"name": "Roar",
		"type": "move_learner_tools"
	},
	{
		"id": 184,
		"name": "Scary Face",
		"type": "move_learner_tools"
	},
	{
		"id": 130,
		"name": "Skull Bash",
		"type": "move_learner_tools"
	},
	{
		"id": 129,
		"name": "Swift",
		"type": "move_learner_tools"
	},
	{
		"id": 290,
		"name": "Secret Power",
		"type": "move_learner_tools"
	},
	{
		"id": 126,
		"name": "Fire Blast",
		"type": "move_learner_tools"
	},
	{
		"id": 200,
		"name": "Outrage",
		"type": "move_learner_tools"
	},
	{
		"id": 445,
		"name": "Captivate",
		"type": "move_learner_tools"
	},
	{
		"id": 117,
		"name": "Bide",
		"type": "move_learner_tools"
	},
	{
		"id": 442,
		"name": "Iron Head",
		"type": "move_learner_tools"
	},
	{
		"id": 115,
		"name": "Reflect",
		"type": "move_learner_tools"
	},
	{
		"id": 276,
		"name": "Superpower",
		"type": "move_learner_tools"
	},
	{
		"id": 53,
		"name": "Flamethrower",
		"type": "move_learner_tools"
	},
	{
		"id": 270,
		"name": "Helping Hand",
		"type": "move_learner_tools"
	},
	{
		"id": 431,
		"name": "Rock Climb",
		"type": "move_learner_tools"
	},
	{
		"id": 104,
		"name": "Double Team",
		"type": "move_learner_tools"
	},
	{
		"id": 102,
		"name": "Mimic",
		"type": "move_learner_tools"
	},
	{
		"id": 263,
		"name": "Facade",
		"type": "move_learner_tools"
	},
	{
		"id": 99,
		"name": "Rage",
		"type": "move_learner_tools"
	},
	{
		"id": 424,
		"name": "Fire Fang",
		"type": "move_learner_tools"
	},
	{
		"id": 97,
		"name": "Agility",
		"type": "move_learner_tools"
	},
	{
		"id": 422,
		"name": "Thunder Fang",
		"type": "move_learner_tools"
	},
	{
		"id": 257,
		"name": "Heat Wave",
		"type": "move_learner_tools"
	},
	{
		"id": 92,
		"name": "Toxic",
		"type": "move_learner_tools"
	},
	{
		"id": 91,
		"name": "Dig",
		"type": "move_learner_tools"
	},
	{
		"id": 416,
		"name": "Giga Impact",
		"type": "move_learner_tools"
	},
	{
		"id": 231,
		"name": "Iron Tail",
		"type": "move_learner_tools"
	},
	{
		"id": 249,
		"name": "Rock Smash",
		"type": "move_learner_tools"
	},
	{
		"id": 83,
		"name": "Fire Spin",
		"type": "move_learner_tools"
	},
	{
		"id": 82,
		"name": "Dragon Rage",
		"type": "move_learner_tools"
	},
	{
		"id": 406,
		"name": "Dragon Pulse",
		"type": "move_learner_tools"
	},
	{
		"id": 242,
		"name": "Crunch",
		"type": "move_learner_tools"
	},
	{
		"id": 241,
		"name": "Sunny Day",
		"type": "move_learner_tools"
	},
	{
		"id": 76,
		"name": "SolarBeam",
		"type": "move_learner_tools"
	},
	{
		"id": 237,
		"name": "Hidden Power",
		"type": "move_learner_tools"
	},
	{
		"id": 70,
		"name": "Strength",
		"type": "move_learner_tools"
	},
	{
		"id": 394,
		"name": "Flare Blitz",
		"type": "move_learner_tools"
	},
	{
		"id": 555,
		"name": "Snarl",
		"type": "move_learner_tools"
	},
	{
		"id": 63,
		"name": "Hyper Beam",
		"type": "move_learner_tools"
	},
	{
		"id": 225,
		"name": "DragonBreath",
		"type": "move_learner_tools"
	},
	{
		"id": 100,
		"name": "Teleport",
		"type": "move_learner_tools"
	},
	{
		"id": 34,
		"name": "Body Slam",
		"type": "move_learner_tools"
	},
	{
		"id": 219,
		"name": "Safeguard",
		"type": "move_learner_tools"
	},
	{
		"id": 218,
		"name": "Frustration",
		"type": "move_learner_tools"
	},
	{
		"id": 216,
		"name": "Return",
		"type": "move_learner_tools"
	},
	{
		"id": 214,
		"name": "Sleep Talk",
		"type": "move_learner_tools"
	},
	{
		"id": 213,
		"name": "Attract",
		"type": "move_learner_tools"
	},
	{
		"id": 535,
		"name": "Heat Crash",
		"type": "move_learner_tools"
	},
	{
		"id": 370,
		"name": "Close Combat",
		"type": "move_learner_tools"
	},
	{
		"id": 204,
		"name": "Charm",
		"type": "move_learner_tools"
	},
	{
		"id": 203,
		"name": "Endure",
		"type": "move_learner_tools"
	},
	{
		"id": 528,
		"name": "Wild Charge",
		"type": "move_learner_tools"
	},
	{
		"id": 38,
		"name": "Double-Edge",
		"type": "move_learner_tools"
	},
	{
		"id": 363,
		"name": "Natural Gift",
		"type": "move_learner_tools"
	},
	{
		"id": 36,
		"name": "Take Down",
		"type": "move_learner_tools"
	},
	{
		"id": 523,
		"name": "Bulldoze",
		"type": "move_learner_tools"
	},
	{
		"id": 29,
		"name": "Headbutt",
		"type": "move_learner_tools"
	},
	{
		"id": 189,
		"name": "Mud-Slap",
		"type": "move_learner_tools"
	},
	{
		"id": 514,
		"name": "Retaliate",
		"type": "move_learner_tools"
	},
	{
		"id": 510,
		"name": "Incinerate",
		"type": "move_learner_tools"
	},
	{
		"id": 207,
		"name": "Swagger",
		"type": "move_learner_tools"
	},
	{
		"id": 179,
		"name": "Reversal",
		"type": "move_learner_tools"
	},
	{
		"id": 174,
		"name": "Curse",
		"type": "move_learner_tools"
	},
	{
		"id": 496,
		"name": "Round",
		"type": "move_learner_tools"
	},
	{
		"id": 332,
		"name": "Aerial Ace",
		"type": "move_learner_tools"
	},
	{
		"id": 168,
		"name": "Thief",
		"type": "move_learner_tools"
	},
	{
		"id": 164,
		"name": "Substitute",
		"type": "move_learner_tools"
	},
	{
		"id": 245,
		"name": "ExtremeSpeed",
		"type": "on_evolution"
	}
],
"types": [
	"FIRE",
	"FIRE"
],
"stats": {
	"hp": 90,
	"attack": 110,
	"defense": 80,
	"speed": 95,
	"sp_attack": 100,
	"sp_defense": 80
},
"yields": {
	"exp": 194,
	"ev_hp": 0,
	"ev_attack": 2,
	"ev_defense": 0,
	"ev_speed": 0,
	"ev_sp_attack": 0,
	"ev_sp_defense": 0
},
"tiers": [
	"Under Used"
],
"held_items": [
	{
		"id": 5152,
		"name": "Rawst Berry"
	}
],
"locations": [
	{
		"type": "Grass",
		"region_id": 0,
		"region_name": "Kanto",
		"location": "ROUTE 8",
		"min_level": 25,
		"max_level": 25,
		"rarity": "Lure"
	}
]
}