{
"id": 6,
"name": "Charizard",
"exp_type": "MEDIUM_SLOW",
"obtainable": true,
"gender_ratio": 31,
"height": 17,
"weight": 905,
"egg_groups": [
	"monster",
	"dragon"
],
"abilities": [
	{
		"id": 66,
		"name": "Blaze"
	},
	{
		"id": 66,
		"name": "Blaze"
	},
	{
		"id": 94,
		"name": "Solar Power"
	}
],
"forms": [
	{
		"form_id": 0,
		"id": 6,
		"name": "Charizard"
	}
],
"evolutions": [],
"moves": [
	{
		"id": 10,
		"name": "Scratch",
		"type": "level",
		"level": 1
	},
	{
		"id": 43,
		"name": "Leer",
		"type": "level",
		"level": 1
	},
	{
		"id": 45,
		"name": "Growl",
		"type": "level",
		"level": 1
	},
	{
		"id": 52,
		"name": "Ember",
		"type": "level",
		"level": 1
	},
	{
		"id": 108,
		"name": "SmokeScreen",
		"type": "level",
		"level": 1
	},
	{
		"id": 232,
		"name": "Metal Claw",
		"type": "level",
		"level": 1
	},
	{
		"id": 257,
		"name": "Heat Wave",
		"type": "level",
		"level": 1
	},
	{
		"id": 337,
		"name": "Dragon Claw",
		"type": "level",
		"level": 1
	},
	{
		"id": 394,
		"name": "Flare Blitz",
		"type": "level",
		"level": 1
	},
	{
		"id": 403,
		"name": "Air Slash",
		"type": "level",
		"level": 1
	},
	{
		"id": 421,
		"name": "Shadow Claw",
		"type": "level",
		"level": 1
	},
	{
		"id": 17,
		"name": "Wing Attack",
		"type": "level",
		"level": 1
	},
	{
		"id": 68,
		"name": "Counter",
		"type": "level",
		"level": 1
	},
	{
		"id": 242,
		"name": "Crunch",
		"type": "level",
		"level": 1
	},
	{
		"id": 52,
		"name": "Ember",
		"type": "level",
		"level": 7
	},
	{
		"id": 108,
		"name": "SmokeScreen",
		"type": "level",
		"level": 9
	},
	{
		"id": 225,
		"name": "DragonBreath",
		"type": "level",
		"level": 12
	},
	{
		"id": 232,
		"name": "Metal Claw",
		"type": "level",
		"level": 13
	},
	{
		"id": 43,
		"name": "Leer",
		"type": "level",
		"level": 15
	},
	{
		"id": 424,
		"name": "Fire Fang",
		"type": "level",
		"level": 19
	},
	{
		"id": 99,
		"name": "Rage",
		"type": "level",
		"level": 20
	},
	{
		"id": 154,
		"name": "Fury Swipes",
		"type": "level",
		"level": 20
	},
	{
		"id": 163,
		"name": "Slash",
		"type": "level",
		"level": 24
	},
	{
		"id": 82,
		"name": "Dragon Rage",
		"type": "level",
		"level": 26
	},
	{
		"id": 53,
		"name": "Flamethrower",
		"type": "level",
		"level": 30
	},
	{
		"id": 481,
		"name": "Flame Burst",
		"type": "level",
		"level": 32
	},
	{
		"id": 83,
		"name": "Fire Spin",
		"type": "level",
		"level": 33
	},
	{
		"id": 17,
		"name": "Wing Attack",
		"type": "level",
		"level": 36
	},
	{
		"id": 184,
		"name": "Scary Face",
		"type": "level",
		"level": 39
	},
	{
		"id": 517,
		"name": "Inferno",
		"type": "level",
		"level": 54
	},
	{
		"id": 394,
		"name": "Flare Blitz",
		"type": "level",
		"level": 62
	},
	{
		"id": 257,
		"name": "Heat Wave",
		"type": "level",
		"level": 71
	},
	{
		"id": 111,
		"name": "Defense Curl",
		"type": "move_tutor"
	},
	{
		"id": 246,
		"name": "AncientPower",
		"type": "move_tutor"
	},
	{
		"id": 335,
		"name": "Block",
		"type": "move_tutor"
	},
	{
		"id": 519,
		"name": "Fire Pledge",
		"type": "move_tutor"
	},
	{
		"id": 173,
		"name": "Snore",
		"type": "move_tutor"
	},
	{
		"id": 239,
		"name": "Twister",
		"type": "move_tutor"
	},
	{
		"id": 307,
		"name": "Blast Burn",
		"type": "move_tutor"
	},
	{
		"id": 466,
		"name": "Ominous Wind",
		"type": "move_tutor"
	},
	{
		"id": 336,
		"name": "Howl",
		"type": "special_moves"
	},
	{
		"id": 98,
		"name": "Quick Attack",
		"type": "special_moves"
	},
	{
		"id": 249,
		"name": "Rock Smash",
		"type": "move_learner_tools"
	},
	{
		"id": 270,
		"name": "Helping Hand",
		"type": "move_learner_tools"
	},
	{
		"id": 542,
		"name": "Hurricane",
		"type": "move_learner_tools"
	},
	{
		"id": 264,
		"name": "Focus Punch",
		"type": "move_learner_tools"
	},
	{
		"id": 263,
		"name": "Facade",
		"type": "move_learner_tools"
	},
	{
		"id": 261,
		"name": "Will-O-Wisp",
		"type": "move_learner_tools"
	},
	{
		"id": 535,
		"name": "Heat Crash",
		"type": "move_learner_tools"
	},
	{
		"id": 257,
		"name": "Heat Wave",
		"type": "move_learner_tools"
	},
	{
		"id": 251,
		"name": "Beat Up",
		"type": "move_learner_tools"
	},
	{
		"id": 526,
		"name": "Work Up",
		"type": "move_learner_tools"
	},
	{
		"id": 525,
		"name": "Dragon Tail",
		"type": "move_learner_tools"
	},
	{
		"id": 523,
		"name": "Bulldoze",
		"type": "move_learner_tools"
	},
	{
		"id": 242,
		"name": "Crunch",
		"type": "move_learner_tools"
	},
	{
		"id": 241,
		"name": "Sunny Day",
		"type": "move_learner_tools"
	},
	{
		"id": 237,
		"name": "Hidden Power",
		"type": "move_learner_tools"
	},
	{
		"id": 512,
		"name": "Acrobatics",
		"type": "move_learner_tools"
	},
	{
		"id": 510,
		"name": "Incinerate",
		"type": "move_learner_tools"
	},
	{
		"id": 232,
		"name": "Metal Claw",
		"type": "move_learner_tools"
	},
	{
		"id": 231,
		"name": "Iron Tail",
		"type": "move_learner_tools"
	},
	{
		"id": 507,
		"name": "Sky Drop",
		"type": "move_learner_tools"
	},
	{
		"id": 225,
		"name": "DragonBreath",
		"type": "move_learner_tools"
	},
	{
		"id": 223,
		"name": "DynamicPunch",
		"type": "move_learner_tools"
	},
	{
		"id": 497,
		"name": "Echoed Voice",
		"type": "move_learner_tools"
	},
	{
		"id": 496,
		"name": "Round",
		"type": "move_learner_tools"
	},
	{
		"id": 218,
		"name": "Frustration",
		"type": "move_learner_tools"
	},
	{
		"id": 216,
		"name": "Return",
		"type": "move_learner_tools"
	},
	{
		"id": 214,
		"name": "Sleep Talk",
		"type": "move_learner_tools"
	},
	{
		"id": 213,
		"name": "Attract",
		"type": "move_learner_tools"
	},
	{
		"id": 488,
		"name": "Flame Charge",
		"type": "move_learner_tools"
	},
	{
		"id": 210,
		"name": "Fury Cutter",
		"type": "move_learner_tools"
	},
	{
		"id": 207,
		"name": "Swagger",
		"type": "move_learner_tools"
	},
	{
		"id": 206,
		"name": "False Swipe",
		"type": "move_learner_tools"
	},
	{
		"id": 203,
		"name": "Endure",
		"type": "move_learner_tools"
	},
	{
		"id": 201,
		"name": "Sandstorm",
		"type": "move_learner_tools"
	},
	{
		"id": 200,
		"name": "Outrage",
		"type": "move_learner_tools"
	},
	{
		"id": 38,
		"name": "Double-Edge",
		"type": "move_learner_tools"
	},
	{
		"id": 468,
		"name": "Hone Claws",
		"type": "move_learner_tools"
	},
	{
		"id": 189,
		"name": "Mud-Slap",
		"type": "move_learner_tools"
	},
	{
		"id": 89,
		"name": "Earthquake",
		"type": "move_learner_tools"
	},
	{
		"id": 184,
		"name": "Scary Face",
		"type": "move_learner_tools"
	},
	{
		"id": 182,
		"name": "Protect",
		"type": "move_learner_tools"
	},
	{
		"id": 174,
		"name": "Curse",
		"type": "move_learner_tools"
	},
	{
		"id": 34,
		"name": "Body Slam",
		"type": "move_learner_tools"
	},
	{
		"id": 445,
		"name": "Captivate",
		"type": "move_learner_tools"
	},
	{
		"id": 164,
		"name": "Substitute",
		"type": "move_learner_tools"
	},
	{
		"id": 117,
		"name": "Bide",
		"type": "move_learner_tools"
	},
	{
		"id": 157,
		"name": "Rock Slide",
		"type": "move_learner_tools"
	},
	{
		"id": 156,
		"name": "Rest",
		"type": "move_learner_tools"
	},
	{
		"id": 432,
		"name": "Defog",
		"type": "move_learner_tools"
	},
	{
		"id": 126,
		"name": "Fire Blast",
		"type": "move_learner_tools"
	},
	{
		"id": 424,
		"name": "Fire Fang",
		"type": "move_learner_tools"
	},
	{
		"id": 129,
		"name": "Swift",
		"type": "move_learner_tools"
	},
	{
		"id": 421,
		"name": "Shadow Claw",
		"type": "move_learner_tools"
	},
	{
		"id": 416,
		"name": "Giga Impact",
		"type": "move_learner_tools"
	},
	{
		"id": 411,
		"name": "Focus Blast",
		"type": "move_learner_tools"
	},
	{
		"id": 130,
		"name": "Skull Bash",
		"type": "move_learner_tools"
	},
	{
		"id": 406,
		"name": "Dragon Pulse",
		"type": "move_learner_tools"
	},
	{
		"id": 403,
		"name": "Air Slash",
		"type": "move_learner_tools"
	},
	{
		"id": 394,
		"name": "Flare Blitz",
		"type": "move_learner_tools"
	},
	{
		"id": 115,
		"name": "Reflect",
		"type": "move_learner_tools"
	},
	{
		"id": 104,
		"name": "Double Team",
		"type": "move_learner_tools"
	},
	{
		"id": 102,
		"name": "Mimic",
		"type": "move_learner_tools"
	},
	{
		"id": 99,
		"name": "Rage",
		"type": "move_learner_tools"
	},
	{
		"id": 374,
		"name": "Fling",
		"type": "move_learner_tools"
	},
	{
		"id": 92,
		"name": "Toxic",
		"type": "move_learner_tools"
	},
	{
		"id": 91,
		"name": "Dig",
		"type": "move_learner_tools"
	},
	{
		"id": 90,
		"name": "Fissure",
		"type": "move_learner_tools"
	},
	{
		"id": 366,
		"name": "Tailwind",
		"type": "move_learner_tools"
	},
	{
		"id": 363,
		"name": "Natural Gift",
		"type": "move_learner_tools"
	},
	{
		"id": 83,
		"name": "Fire Spin",
		"type": "move_learner_tools"
	},
	{
		"id": 82,
		"name": "Dragon Rage",
		"type": "move_learner_tools"
	},
	{
		"id": 355,
		"name": "Roost",
		"type": "move_learner_tools"
	},
	{
		"id": 76,
		"name": "SolarBeam",
		"type": "move_learner_tools"
	},
	{
		"id": 349,
		"name": "Dragon Dance",
		"type": "move_learner_tools"
	},
	{
		"id": 70,
		"name": "Strength",
		"type": "move_learner_tools"
	},
	{
		"id": 69,
		"name": "Seismic Toss",
		"type": "move_learner_tools"
	},
	{
		"id": 68,
		"name": "Counter",
		"type": "move_learner_tools"
	},
	{
		"id": 66,
		"name": "Submission",
		"type": "move_learner_tools"
	},
	{
		"id": 211,
		"name": "Steel Wing",
		"type": "move_learner_tools"
	},
	{
		"id": 63,
		"name": "Hyper Beam",
		"type": "move_learner_tools"
	},
	{
		"id": 337,
		"name": "Dragon Claw",
		"type": "move_learner_tools"
	},
	{
		"id": 332,
		"name": "Aerial Ace",
		"type": "move_learner_tools"
	},
	{
		"id": 53,
		"name": "Flamethrower",
		"type": "move_learner_tools"
	},
	{
		"id": 46,
		"name": "Roar",
		"type": "move_learner_tools"
	},
	{
		"id": 317,
		"name": "Rock Tomb",
		"type": "move_learner_tools"
	},
	{
		"id": 315,
		"name": "Overheat",
		"type": "move_learner_tools"
	},
	{
		"id": 314,
		"name": "Air Cutter",
		"type": "move_learner_tools"
	},
	{
		"id": 36,
		"name": "Take Down",
		"type": "move_learner_tools"
	},
	{
		"id": 311,
		"name": "Weather Ball",
		"type": "move_learner_tools"
	},
	{
		"id": 29,
		"name": "Headbutt",
		"type": "move_learner_tools"
	},
	{
		"id": 25,
		"name": "Mega Kick",
		"type": "move_learner_tools"
	},
	{
		"id": 299,
		"name": "Blaze Kick",
		"type": "move_learner_tools"
	},
	{
		"id": 19,
		"name": "Fly",
		"type": "move_learner_tools"
	},
	{
		"id": 15,
		"name": "Cut",
		"type": "move_learner_tools"
	},
	{
		"id": 14,
		"name": "Swords Dance",
		"type": "move_learner_tools"
	},
	{
		"id": 290,
		"name": "Secret Power",
		"type": "move_learner_tools"
	},
	{
		"id": 9,
		"name": "ThunderPunch",
		"type": "move_learner_tools"
	},
	{
		"id": 7,
		"name": "Fire Punch",
		"type": "move_learner_tools"
	},
	{
		"id": 5,
		"name": "Mega Punch",
		"type": "move_learner_tools"
	},
	{
		"id": 280,
		"name": "Brick Break",
		"type": "move_learner_tools"
	},
	{
		"id": 17,
		"name": "Wing Attack",
		"type": "on_evolution"
	},
	{
		"id": 403,
		"name": "Air Slash",
		"type": "on_evolution"
	}
],
"types": [
	"FIRE",
	"FLYING"
],
"stats": {
	"hp": 78,
	"attack": 84,
	"defense": 78,
	"speed": 100,
	"sp_attack": 109,
	"sp_defense": 85
},
"yields": {
	"exp": 240,
	"ev_hp": 0,
	"ev_attack": 0,
	"ev_defense": 0,
	"ev_speed": 0,
	"ev_sp_attack": 3,
	"ev_sp_defense": 0
},
"tiers": [
	"Untiered"
],
"held_items": [],
"locations": []
}