{
"id": 60,
"name": "Poliwag",
"exp_type": "MEDIUM_SLOW",
"obtainable": true,
"gender_ratio": 127,
"height": 6,
"weight": 124,
"egg_groups": [
	"water a"
],
"abilities": [
	{
		"id": 11,
		"name": "Water Absorb"
	},
	{
		"id": 6,
		"name": "Damp"
	},
	{
		"id": 33,
		"name": "Swift Swim"
	}
],
"forms": [
	{
		"form_id": 0,
		"id": 60,
		"name": "Poliwag"
	}
],
"evolutions": [
	{
		"id": 61,
		"name": "Poliwhirl",
		"type": "LEVEL",
		"val": 25
	}
],
"moves": [
	{
		"id": 55,
		"name": "Water Gun",
		"type": "level",
		"level": 1
	},
	{
		"id": 95,
		"name": "Hypnosis",
		"type": "level",
		"level": 1
	},
	{
		"id": 346,
		"name": "Water Sport",
		"type": "level",
		"level": 1
	},
	{
		"id": 145,
		"name": "Bubble",
		"type": "level",
		"level": 1
	},
	{
		"id": 1,
		"name": "Pound",
		"type": "level",
		"level": 4
	},
	{
		"id": 55,
		"name": "Water Gun",
		"type": "level",
		"level": 5
	},
	{
		"id": 95,
		"name": "Hypnosis",
		"type": "level",
		"level": 8
	},
	{
		"id": 145,
		"name": "Bubble",
		"type": "level",
		"level": 11
	},
	{
		"id": 341,
		"name": "Mud Shot",
		"type": "level",
		"level": 12
	},
	{
		"id": 3,
		"name": "DoubleSlap",
		"type": "level",
		"level": 15
	},
	{
		"id": 61,
		"name": "BubbleBeam",
		"type": "level",
		"level": 18
	},
	{
		"id": 240,
		"name": "Rain Dance",
		"type": "level",
		"level": 24
	},
	{
		"id": 67,
		"name": "Low Kick",
		"type": "level",
		"level": 26
	},
	{
		"id": 34,
		"name": "Body Slam",
		"type": "level",
		"level": 30
	},
	{
		"id": 358,
		"name": "Wake-Up Slap",
		"type": "level",
		"level": 35
	},
	{
		"id": 414,
		"name": "Earth Power",
		"type": "level",
		"level": 36
	},
	{
		"id": 56,
		"name": "Hydro Pump",
		"type": "level",
		"level": 36
	},
	{
		"id": 133,
		"name": "Amnesia",
		"type": "level",
		"level": 38
	},
	{
		"id": 426,
		"name": "Mud Bomb",
		"type": "level",
		"level": 41
	},
	{
		"id": 187,
		"name": "Belly Drum",
		"type": "level",
		"level": 48
	},
	{
		"id": 38,
		"name": "Double-Edge",
		"type": "level",
		"level": 54
	},
	{
		"id": 150,
		"name": "Splash",
		"type": "egg_moves"
	},
	{
		"id": 287,
		"name": "Refresh",
		"type": "egg_moves"
	},
	{
		"id": 170,
		"name": "Mind Reader",
		"type": "egg_moves"
	},
	{
		"id": 54,
		"name": "Mist",
		"type": "egg_moves"
	},
	{
		"id": 111,
		"name": "Defense Curl",
		"type": "move_tutor"
	},
	{
		"id": 173,
		"name": "Snore",
		"type": "move_tutor"
	},
	{
		"id": 283,
		"name": "Endeavor",
		"type": "move_tutor"
	},
	{
		"id": 95,
		"name": "Hypnosis",
		"type": "move_tutor"
	},
	{
		"id": 301,
		"name": "Ice Ball",
		"type": "move_tutor"
	},
	{
		"id": 74,
		"name": "Growth",
		"type": "special_moves"
	},
	{
		"id": 142,
		"name": "Lovely Kiss",
		"type": "special_moves"
	},
	{
		"id": 186,
		"name": "Sweet Kiss",
		"type": "special_moves"
	},
	{
		"id": 133,
		"name": "Amnesia",
		"type": "move_learner_tools"
	},
	{
		"id": 174,
		"name": "Curse",
		"type": "move_learner_tools"
	},
	{
		"id": 270,
		"name": "Helping Hand",
		"type": "move_learner_tools"
	},
	{
		"id": 130,
		"name": "Skull Bash",
		"type": "move_learner_tools"
	},
	{
		"id": 129,
		"name": "Swift",
		"type": "move_learner_tools"
	},
	{
		"id": 264,
		"name": "Focus Punch",
		"type": "move_learner_tools"
	},
	{
		"id": 263,
		"name": "Facade",
		"type": "move_learner_tools"
	},
	{
		"id": 258,
		"name": "Snowscape",
		"type": "move_learner_tools"
	},
	{
		"id": 117,
		"name": "Bide",
		"type": "move_learner_tools"
	},
	{
		"id": 114,
		"name": "Haze",
		"type": "move_learner_tools"
	},
	{
		"id": 250,
		"name": "Whirlpool",
		"type": "move_learner_tools"
	},
	{
		"id": 523,
		"name": "Bulldoze",
		"type": "move_learner_tools"
	},
	{
		"id": 104,
		"name": "Double Team",
		"type": "move_learner_tools"
	},
	{
		"id": 240,
		"name": "Rain Dance",
		"type": "move_learner_tools"
	},
	{
		"id": 102,
		"name": "Mimic",
		"type": "move_learner_tools"
	},
	{
		"id": 34,
		"name": "Body Slam",
		"type": "move_learner_tools"
	},
	{
		"id": 237,
		"name": "Hidden Power",
		"type": "move_learner_tools"
	},
	{
		"id": 99,
		"name": "Rage",
		"type": "move_learner_tools"
	},
	{
		"id": 94,
		"name": "Psychic",
		"type": "move_learner_tools"
	},
	{
		"id": 59,
		"name": "Blizzard",
		"type": "move_learner_tools"
	},
	{
		"id": 503,
		"name": "Scald",
		"type": "move_learner_tools"
	},
	{
		"id": 91,
		"name": "Dig",
		"type": "move_learner_tools"
	},
	{
		"id": 227,
		"name": "Encore",
		"type": "move_learner_tools"
	},
	{
		"id": 363,
		"name": "Natural Gift",
		"type": "move_learner_tools"
	},
	{
		"id": 496,
		"name": "Round",
		"type": "move_learner_tools"
	},
	{
		"id": 218,
		"name": "Frustration",
		"type": "move_learner_tools"
	},
	{
		"id": 216,
		"name": "Return",
		"type": "move_learner_tools"
	},
	{
		"id": 352,
		"name": "Water Pulse",
		"type": "move_learner_tools"
	},
	{
		"id": 214,
		"name": "Sleep Talk",
		"type": "move_learner_tools"
	},
	{
		"id": 213,
		"name": "Attract",
		"type": "move_learner_tools"
	},
	{
		"id": 207,
		"name": "Swagger",
		"type": "move_learner_tools"
	},
	{
		"id": 67,
		"name": "Low Kick",
		"type": "move_learner_tools"
	},
	{
		"id": 341,
		"name": "Mud Shot",
		"type": "move_learner_tools"
	},
	{
		"id": 203,
		"name": "Endure",
		"type": "move_learner_tools"
	},
	{
		"id": 61,
		"name": "BubbleBeam",
		"type": "move_learner_tools"
	},
	{
		"id": 196,
		"name": "Icy Wind",
		"type": "move_learner_tools"
	},
	{
		"id": 58,
		"name": "Ice Beam",
		"type": "move_learner_tools"
	},
	{
		"id": 57,
		"name": "Surf",
		"type": "move_learner_tools"
	},
	{
		"id": 330,
		"name": "Muddy Water",
		"type": "move_learner_tools"
	},
	{
		"id": 55,
		"name": "Water Gun",
		"type": "move_learner_tools"
	},
	{
		"id": 189,
		"name": "Mud-Slap",
		"type": "move_learner_tools"
	},
	{
		"id": 182,
		"name": "Protect",
		"type": "move_learner_tools"
	},
	{
		"id": 92,
		"name": "Toxic",
		"type": "move_learner_tools"
	},
	{
		"id": 38,
		"name": "Double-Edge",
		"type": "move_learner_tools"
	},
	{
		"id": 311,
		"name": "Weather Ball",
		"type": "move_learner_tools"
	},
	{
		"id": 36,
		"name": "Take Down",
		"type": "move_learner_tools"
	},
	{
		"id": 445,
		"name": "Captivate",
		"type": "move_learner_tools"
	},
	{
		"id": 168,
		"name": "Thief",
		"type": "move_learner_tools"
	},
	{
		"id": 29,
		"name": "Headbutt",
		"type": "move_learner_tools"
	},
	{
		"id": 164,
		"name": "Substitute",
		"type": "move_learner_tools"
	},
	{
		"id": 56,
		"name": "Hydro Pump",
		"type": "move_learner_tools"
	},
	{
		"id": 156,
		"name": "Rest",
		"type": "move_learner_tools"
	},
	{
		"id": 291,
		"name": "Dive",
		"type": "move_learner_tools"
	},
	{
		"id": 290,
		"name": "Secret Power",
		"type": "move_learner_tools"
	},
	{
		"id": 149,
		"name": "Psywave",
		"type": "move_learner_tools"
	},
	{
		"id": 127,
		"name": "Waterfall",
		"type": "move_learner_tools"
	},
	{
		"id": 414,
		"name": "Earth Power",
		"type": "move_learner_tools"
	}
],
"types": [
	"WATER",
	"WATER"
],
"stats": {
	"hp": 40,
	"attack": 50,
	"defense": 40,
	"speed": 90,
	"sp_attack": 40,
	"sp_defense": 40
},
"yields": {
	"exp": 60,
	"ev_hp": 0,
	"ev_attack": 0,
	"ev_defense": 0,
	"ev_speed": 1,
	"ev_sp_attack": 0,
	"ev_sp_defense": 0
},
"tiers": [
	"Untiered"
],
"held_items": [],
"locations": [
	{
		"type": "Good Rod",
		"region_id": 0,
		"region_name": "Kanto",
		"location": "BERRY FOREST",
		"min_level": 10,
		"max_level": 25,
		"rarity": "Very Common"
	},
	{
		"type": "Good Rod",
		"region_id": 0,
		"region_name": "Kanto",
		"location": "CAPE BRINK",
		"min_level": 10,
		"max_level": 25,
		"rarity": "Very Common"
	},
	{
		"type": "Super Rod",
		"region_id": 0,
		"region_name": "Kanto",
		"location": "CAPE BRINK",
		"min_level": 25,
		"max_level": 40,
		"rarity": "Very Common"
	},
	{
		"type": "Good Rod",
		"region_id": 0,
		"region_name": "Kanto",
		"location": "CERULEAN CAVE",
		"min_level": 10,
		"max_level": 25,
		"rarity": "Very Common"
	},
	{
		"type": "Super Rod",
		"region_id": 0,
		"region_name": "Kanto",
		"location": "CERULEAN CAVE",
		"min_level": 25,
		"max_level": 40,
		"rarity": "Uncommon"
	},
	{
		"type": "Good Rod",
		"region_id": 0,
		"region_name": "Kanto",
		"location": "CERULEAN CITY",
		"min_level": 10,
		"max_level": 25,
		"rarity": "Common"
	},
	{
		"type": "Good Rod",
		"region_id": 0,
		"region_name": "Kanto",
		"location": "FOUR ISLAND",
		"min_level": 10,
		"max_level": 25,
		"rarity": "Very Common"
	},
	{
		"type": "Super Rod",
		"region_id": 0,
		"region_name": "Kanto",
		"location": "FOUR ISLAND",
		"min_level": 25,
		"max_level": 40,
		"rarity": "Very Common"
	},
	{
		"type": "Good Rod",
		"region_id": 0,
		"region_name": "Kanto",
		"location": "FUCHSIA CITY",
		"min_level": 10,
		"max_level": 25,
		"rarity": "Very Common"
	},
	{
		"type": "Good Rod",
		"region_id": 0,
		"region_name": "Kanto",
		"location": "ICEFALL CAVE",
		"min_level": 10,
		"max_level": 25,
		"rarity": "Very Common"
	},
	{
		"type": "Super Rod",
		"region_id": 0,
		"region_name": "Kanto",
		"location": "ICEFALL CAVE",
		"min_level": 25,
		"max_level": 40,
		"rarity": "Very Common"
	},
	{
		"type": "Good Rod",
		"region_id": 0,
		"region_name": "Kanto",
		"location": "ROUTE 4",
		"min_level": 10,
		"max_level": 25,
		"rarity": "Uncommon"
	},
	{
		"type": "Old Rod",
		"region_id": 0,
		"region_name": "Kanto",
		"location": "ROUTE 6",
		"min_level": 5,
		"max_level": 10,
		"rarity": "Very Common"
	},
	{
		"type": "Good Rod",
		"region_id": 0,
		"region_name": "Kanto",
		"location": "ROUTE 6",
		"min_level": 10,
		"max_level": 25,
		"rarity": "Very Common"
	},
	{
		"type": "Super Rod",
		"region_id": 0,
		"region_name": "Kanto",
		"location": "ROUTE 6",
		"min_level": 25,
		"max_level": 40,
		"rarity": "Very Common"
	},
	{
		"type": "Good Rod",
		"region_id": 0,
		"region_name": "Kanto",
		"location": "ROUTE 10",
		"min_level": 10,
		"max_level": 25,
		"rarity": "Uncommon"
	},
	{
		"type": "Good Rod",
		"region_id": 0,
		"region_name": "Kanto",
		"location": "ROUTE 11",
		"min_level": 10,
		"max_level": 25,
		"rarity": "Uncommon"
	},
	{
		"type": "Good Rod",
		"region_id": 0,
		"region_name": "Kanto",
		"location": "ROUTE 12",
		"min_level": 10,
		"max_level": 25,
		"rarity": "Uncommon"
	},
	{
		"type": "Good Rod",
		"region_id": 0,
		"region_name": "Kanto",
		"location": "ROUTE 13",
		"min_level": 10,
		"max_level": 25,
		"rarity": "Uncommon"
	},
	{
		"type": "Water",
		"region_id": 0,
		"region_name": "Kanto",
		"location": "ROUTE 22",
		"min_level": 30,
		"max_level": 35,
		"rarity": "Very Common"
	},
	{
		"type": "Old Rod",
		"region_id": 0,
		"region_name": "Kanto",
		"location": "ROUTE 22",
		"min_level": 5,
		"max_level": 10,
		"rarity": "Uncommon"
	},
	{
		"type": "Good Rod",
		"region_id": 0,
		"region_name": "Kanto",
		"location": "ROUTE 22",
		"min_level": 10,
		"max_level": 25,
		"rarity": "Very Common"
	},
	{
		"type": "Super Rod",
		"region_id": 0,
		"region_name": "Kanto",
		"location": "ROUTE 22",
		"min_level": 25,
		"max_level": 40,
		"rarity": "Very Common"
	},
	{
		"type": "Super Rod",
		"region_id": 0,
		"region_name": "Kanto",
		"location": "ROUTE 23",
		"min_level": 25,
		"max_level": 40,
		"rarity": "Uncommon"
	},
	{
		"type": "Good Rod",
		"region_id": 0,
		"region_name": "Kanto",
		"location": "ROUTE 24",
		"min_level": 10,
		"max_level": 25,
		"rarity": "Uncommon"
	},
	{
		"type": "Good Rod",
		"region_id": 0,
		"region_name": "Kanto",
		"location": "ROUTE 25",
		"min_level": 10,
		"max_level": 25,
		"rarity": "Very Common"
	},
	{
		"type": "Super Rod",
		"region_id": 0,
		"region_name": "Kanto",
		"location": "ROUTE 25",
		"min_level": 25,
		"max_level": 40,
		"rarity": "Common"
	},
	{
		"type": "Good Rod",
		"region_id": 0,
		"region_name": "Kanto",
		"location": "RUIN VALLEY",
		"min_level": 10,
		"max_level": 25,
		"rarity": "Very Common"
	},
	{
		"type": "Super Rod",
		"region_id": 0,
		"region_name": "Kanto",
		"location": "RUIN VALLEY",
		"min_level": 25,
		"max_level": 40,
		"rarity": "Very Common"
	},
	{
		"type": "Good Rod",
		"region_id": 0,
		"region_name": "Kanto",
		"location": "SAFARI ZONE",
		"min_level": 10,
		"max_level": 25,
		"rarity": "Very Common"
	},
	{
		"type": "Water",
		"region_id": 0,
		"region_name": "Kanto",
		"location": "VIRIDIAN CITY",
		"min_level": 30,
		"max_level": 35,
		"rarity": "Very Common"
	},
	{
		"type": "Water",
		"region_id": 0,
		"region_name": "Kanto",
		"location": "VIRIDIAN CITY",
		"min_level": 30,
		"max_level": 35,
		"rarity": "Horde"
	},
	{
		"type": "Old Rod",
		"region_id": 0,
		"region_name": "Kanto",
		"location": "VIRIDIAN CITY",
		"min_level": 5,
		"max_level": 10,
		"rarity": "Uncommon"
	},
	{
		"type": "Good Rod",
		"region_id": 0,
		"region_name": "Kanto",
		"location": "VIRIDIAN CITY",
		"min_level": 10,
		"max_level": 25,
		"rarity": "Very Common"
	},
	{
		"type": "Super Rod",
		"region_id": 0,
		"region_name": "Kanto",
		"location": "VIRIDIAN CITY",
		"min_level": 25,
		"max_level": 40,
		"rarity": "Common"
	},
	{
		"type": "Old Rod",
		"region_id": 2,
		"region_name": "Unova",
		"location": "Challenger's Cave",
		"min_level": 35,
		"max_level": 55,
		"rarity": "Very Common"
	},
	{
		"type": "Old Rod",
		"region_id": 2,
		"region_name": "Unova",
		"location": "Giant Chasm",
		"min_level": 35,
		"max_level": 55,
		"rarity": "Very Common"
	},
	{
		"type": "Old Rod",
		"region_id": 2,
		"region_name": "Unova",
		"location": "Route 6",
		"min_level": 35,
		"max_level": 55,
		"rarity": "Very Common"
	},
	{
		"type": "Old Rod",
		"region_id": 2,
		"region_name": "Unova",
		"location": "Victory Road",
		"min_level": 35,
		"max_level": 55,
		"rarity": "Very Common"
	},
	{
		"type": "Old Rod",
		"region_id": 2,
		"region_name": "Unova",
		"location": "Wellspring Cave",
		"min_level": 35,
		"max_level": 55,
		"rarity": "Very Common"
	},
	{
		"type": "Good Rod",
		"region_id": 3,
		"region_name": "Sinnoh",
		"location": "Route 225",
		"min_level": 10,
		"max_level": 25,
		"rarity": "Common"
	},
	{
		"type": "Water",
		"region_id": 3,
		"region_name": "Sinnoh",
		"location": "Route 227",
		"min_level": 20,
		"max_level": 36,
		"rarity": "Very Common"
	},
	{
		"type": "Water",
		"region_id": 3,
		"region_name": "Sinnoh",
		"location": "Route 228",
		"min_level": 35,
		"max_level": 45,
		"rarity": "Very Common"
	},
	{
		"type": "Water",
		"region_id": 4,
		"region_name": "Johto",
		"location": "Blackthorn City",
		"min_level": 34,
		"max_level": 36,
		"rarity": "Very Common"
	},
	{
		"type": "Old Rod",
		"region_id": 4,
		"region_name": "Johto",
		"location": "Blackthorn City",
		"min_level": 10,
		"max_level": 10,
		"rarity": "Uncommon"
	},
	{
		"type": "Good Rod",
		"region_id": 4,
		"region_name": "Johto",
		"location": "Blackthorn City",
		"min_level": 20,
		"max_level": 20,
		"rarity": "Very Common"
	},
	{
		"type": "Super Rod",
		"region_id": 4,
		"region_name": "Johto",
		"location": "Blackthorn City",
		"min_level": 40,
		"max_level": 40,
		"rarity": "Very Common"
	},
	{
		"type": "Good Rod",
		"region_id": 4,
		"region_name": "Johto",
		"location": "Cliff Edge Gate",
		"min_level": 20,
		"max_level": 20,
		"rarity": "Uncommon"
	},
	{
		"type": "Super Rod",
		"region_id": 4,
		"region_name": "Johto",
		"location": "Cliff Edge Gate",
		"min_level": 40,
		"max_level": 40,
		"rarity": "Common"
	},
	{
		"type": "Water",
		"region_id": 4,
		"region_name": "Johto",
		"location": "Ecruteak City",
		"min_level": 18,
		"max_level": 22,
		"rarity": "Horde"
	},
	{
		"type": "Water",
		"region_id": 4,
		"region_name": "Johto",
		"location": "Ecruteak City",
		"min_level": 20,
		"max_level": 25,
		"rarity": "Very Common"
	},
	{
		"type": "Old Rod",
		"region_id": 4,
		"region_name": "Johto",
		"location": "Ecruteak City",
		"min_level": 10,
		"max_level": 10,
		"rarity": "Uncommon"
	},
	{
		"type": "Good Rod",
		"region_id": 4,
		"region_name": "Johto",
		"location": "Ecruteak City",
		"min_level": 20,
		"max_level": 20,
		"rarity": "Very Common"
	},
	{
		"type": "Super Rod",
		"region_id": 4,
		"region_name": "Johto",
		"location": "Ecruteak City",
		"min_level": 40,
		"max_level": 40,
		"rarity": "Very Common"
	},
	{
		"type": "Old Rod",
		"region_id": 4,
		"region_name": "Johto",
		"location": "Ilex Forest",
		"min_level": 10,
		"max_level": 10,
		"rarity": "Uncommon"
	},
	{
		"type": "Good Rod",
		"region_id": 4,
		"region_name": "Johto",
		"location": "Ilex Forest",
		"min_level": 20,
		"max_level": 20,
		"rarity": "Very Common"
	},
	{
		"type": "Super Rod",
		"region_id": 4,
		"region_name": "Johto",
		"location": "Ilex Forest",
		"min_level": 40,
		"max_level": 40,
		"rarity": "Very Common"
	},
	{
		"type": "Old Rod",
		"region_id": 4,
		"region_name": "Johto",
		"location": "Mt. Silver",
		"min_level": 10,
		"max_level": 10,
		"rarity": "Uncommon"
	},
	{
		"type": "Good Rod",
		"region_id": 4,
		"region_name": "Johto",
		"location": "Mt. Silver",
		"min_level": 20,
		"max_level": 20,
		"rarity": "Very Common"
	},
	{
		"type": "Super Rod",
		"region_id": 4,
		"region_name": "Johto",
		"location": "Mt. Silver",
		"min_level": 40,
		"max_level": 40,
		"rarity": "Very Common"
	},
	{
		"type": "Old Rod",
		"region_id": 4,
		"region_name": "Johto",
		"location": "Route 28",
		"min_level": 10,
		"max_level": 10,
		"rarity": "Uncommon"
	},
	{
		"type": "Good Rod",
		"region_id": 4,
		"region_name": "Johto",
		"location": "Route 28",
		"min_level": 20,
		"max_level": 20,
		"rarity": "Very Common"
	},
	{
		"type": "Super Rod",
		"region_id": 4,
		"region_name": "Johto",
		"location": "Route 28",
		"min_level": 40,
		"max_level": 40,
		"rarity": "Very Common"
	},
	{
		"type": "Grass",
		"region_id": 4,
		"region_name": "Johto",
		"location": "Route 30 (Night)",
		"min_level": 3,
		"max_level": 4,
		"rarity": "Uncommon"
	},
	{
		"type": "Water",
		"region_id": 4,
		"region_name": "Johto",
		"location": "Route 30",
		"min_level": 18,
		"max_level": 22,
		"rarity": "Horde"
	},
	{
		"type": "Water",
		"region_id": 4,
		"region_name": "Johto",
		"location": "Route 30",
		"min_level": 20,
		"max_level": 25,
		"rarity": "Very Common"
	},
	{
		"type": "Old Rod",
		"region_id": 4,
		"region_name": "Johto",
		"location": "Route 30",
		"min_level": 10,
		"max_level": 10,
		"rarity": "Uncommon"
	},
	{
		"type": "Good Rod",
		"region_id": 4,
		"region_name": "Johto",
		"location": "Route 30",
		"min_level": 20,
		"max_level": 20,
		"rarity": "Very Common"
	},
	{
		"type": "Super Rod",
		"region_id": 4,
		"region_name": "Johto",
		"location": "Route 30",
		"min_level": 40,
		"max_level": 40,
		"rarity": "Very Common"
	},
	{
		"type": "Grass",
		"region_id": 4,
		"region_name": "Johto",
		"location": "Route 31 (Night)",
		"min_level": 4,
		"max_level": 5,
		"rarity": "Uncommon"
	},
	{
		"type": "Water",
		"region_id": 4,
		"region_name": "Johto",
		"location": "Route 31",
		"min_level": 18,
		"max_level": 22,
		"rarity": "Horde"
	},
	{
		"type": "Water",
		"region_id": 4,
		"region_name": "Johto",
		"location": "Route 31",
		"min_level": 20,
		"max_level": 25,
		"rarity": "Very Common"
	},
	{
		"type": "Old Rod",
		"region_id": 4,
		"region_name": "Johto",
		"location": "Route 31",
		"min_level": 10,
		"max_level": 10,
		"rarity": "Uncommon"
	},
	{
		"type": "Good Rod",
		"region_id": 4,
		"region_name": "Johto",
		"location": "Route 31",
		"min_level": 20,
		"max_level": 20,
		"rarity": "Very Common"
	},
	{
		"type": "Super Rod",
		"region_id": 4,
		"region_name": "Johto",
		"location": "Route 31",
		"min_level": 40,
		"max_level": 40,
		"rarity": "Very Common"
	},
	{
		"type": "Old Rod",
		"region_id": 4,
		"region_name": "Johto",
		"location": "Route 35",
		"min_level": 10,
		"max_level": 10,
		"rarity": "Uncommon"
	},
	{
		"type": "Good Rod",
		"region_id": 4,
		"region_name": "Johto",
		"location": "Route 35",
		"min_level": 20,
		"max_level": 20,
		"rarity": "Very Common"
	},
	{
		"type": "Super Rod",
		"region_id": 4,
		"region_name": "Johto",
		"location": "Route 35",
		"min_level": 40,
		"max_level": 40,
		"rarity": "Very Common"
	},
	{
		"type": "Old Rod",
		"region_id": 4,
		"region_name": "Johto",
		"location": "Route 43",
		"min_level": 10,
		"max_level": 10,
		"rarity": "Uncommon"
	},
	{
		"type": "Good Rod",
		"region_id": 4,
		"region_name": "Johto",
		"location": "Route 43",
		"min_level": 20,
		"max_level": 20,
		"rarity": "Very Common"
	},
	{
		"type": "Super Rod",
		"region_id": 4,
		"region_name": "Johto",
		"location": "Route 43",
		"min_level": 40,
		"max_level": 40,
		"rarity": "Very Common"
	},
	{
		"type": "Grass",
		"region_id": 4,
		"region_name": "Johto",
		"location": "Route 44 (Night)",
		"min_level": 30,
		"max_level": 32,
		"rarity": "Common"
	},
	{
		"type": "Water",
		"region_id": 4,
		"region_name": "Johto",
		"location": "Route 44",
		"min_level": 30,
		"max_level": 32,
		"rarity": "Very Common"
	},
	{
		"type": "Old Rod",
		"region_id": 4,
		"region_name": "Johto",
		"location": "Route 44",
		"min_level": 10,
		"max_level": 10,
		"rarity": "Uncommon"
	},
	{
		"type": "Good Rod",
		"region_id": 4,
		"region_name": "Johto",
		"location": "Route 44",
		"min_level": 20,
		"max_level": 20,
		"rarity": "Very Common"
	},
	{
		"type": "Super Rod",
		"region_id": 4,
		"region_name": "Johto",
		"location": "Route 44",
		"min_level": 40,
		"max_level": 40,
		"rarity": "Very Common"
	},
	{
		"type": "Old Rod",
		"region_id": 4,
		"region_name": "Johto",
		"location": "Route 45",
		"min_level": 10,
		"max_level": 10,
		"rarity": "Uncommon"
	},
	{
		"type": "Good Rod",
		"region_id": 4,
		"region_name": "Johto",
		"location": "Route 45",
		"min_level": 20,
		"max_level": 20,
		"rarity": "Very Common"
	},
	{
		"type": "Super Rod",
		"region_id": 4,
		"region_name": "Johto",
		"location": "Route 45",
		"min_level": 40,
		"max_level": 40,
		"rarity": "Very Common"
	},
	{
		"type": "Old Rod",
		"region_id": 4,
		"region_name": "Johto",
		"location": "Ruins of Alph",
		"min_level": 10,
		"max_level": 10,
		"rarity": "Uncommon"
	},
	{
		"type": "Good Rod",
		"region_id": 4,
		"region_name": "Johto",
		"location": "Ruins of Alph",
		"min_level": 20,
		"max_level": 20,
		"rarity": "Very Common"
	},
	{
		"type": "Super Rod",
		"region_id": 4,
		"region_name": "Johto",
		"location": "Ruins of Alph",
		"min_level": 40,
		"max_level": 40,
		"rarity": "Very Common"
	},
	{
		"type": "Water",
		"region_id": 4,
		"region_name": "Johto",
		"location": "Safari Zone",
		"min_level": 28,
		"max_level": 31,
		"rarity": "Uncommon"
	},
	{
		"type": "Old Rod",
		"region_id": 4,
		"region_name": "Johto",
		"location": "Safari Zone",
		"min_level": 10,
		"max_level": 10,
		"rarity": "Very Common"
	},
	{
		"type": "Good Rod",
		"region_id": 4,
		"region_name": "Johto",
		"location": "Safari Zone",
		"min_level": 20,
		"max_level": 20,
		"rarity": "Very Common"
	},
	{
		"type": "Super Rod",
		"region_id": 4,
		"region_name": "Johto",
		"location": "Safari Zone",
		"min_level": 40,
		"max_level": 40,
		"rarity": "Very Common"
	},
	{
		"type": "Water",
		"region_id": 4,
		"region_name": "Johto",
		"location": "Violet City",
		"min_level": 18,
		"max_level": 22,
		"rarity": "Horde"
	},
	{
		"type": "Water",
		"region_id": 4,
		"region_name": "Johto",
		"location": "Violet City",
		"min_level": 20,
		"max_level": 25,
		"rarity": "Very Common"
	},
	{
		"type": "Old Rod",
		"region_id": 4,
		"region_name": "Johto",
		"location": "Violet City",
		"min_level": 10,
		"max_level": 10,
		"rarity": "Uncommon"
	},
	{
		"type": "Good Rod",
		"region_id": 4,
		"region_name": "Johto",
		"location": "Violet City",
		"min_level": 20,
		"max_level": 20,
		"rarity": "Very Common"
	},
	{
		"type": "Super Rod",
		"region_id": 4,
		"region_name": "Johto",
		"location": "Violet City",
		"min_level": 40,
		"max_level": 40,
		"rarity": "Very Common"
	}
]
}