{
"id": 62,
"name": "Poliwrath",
"exp_type": "MEDIUM_SLOW",
"obtainable": true,
"gender_ratio": 127,
"height": 13,
"weight": 540,
"egg_groups": [
	"water a"
],
"abilities": [
	{
		"id": 11,
		"name": "Water Absorb"
	},
	{
		"id": 6,
		"name": "Damp"
	},
	{
		"id": 33,
		"name": "Swift Swim"
	}
],
"forms": [
	{
		"form_id": 0,
		"id": 62,
		"name": "Poliwrath"
	}
],
"evolutions": [],
"moves": [
	{
		"id": 1,
		"name": "Pound",
		"type": "level",
		"level": 1
	},
	{
		"id": 3,
		"name": "DoubleSlap",
		"type": "level",
		"level": 1
	},
	{
		"id": 34,
		"name": "Body Slam",
		"type": "level",
		"level": 1
	},
	{
		"id": 38,
		"name": "Double-Edge",
		"type": "level",
		"level": 1
	},
	{
		"id": 55,
		"name": "Water Gun",
		"type": "level",
		"level": 1
	},
	{
		"id": 56,
		"name": "Hydro Pump",
		"type": "level",
		"level": 1
	},
	{
		"id": 61,
		"name": "BubbleBeam",
		"type": "level",
		"level": 1
	},
	{
		"id": 66,
		"name": "Submission",
		"type": "level",
		"level": 1
	},
	{
		"id": 95,
		"name": "Hypnosis",
		"type": "level",
		"level": 1
	},
	{
		"id": 145,
		"name": "Bubble",
		"type": "level",
		"level": 1
	},
	{
		"id": 170,
		"name": "Mind Reader",
		"type": "level",
		"level": 1
	},
	{
		"id": 187,
		"name": "Belly Drum",
		"type": "level",
		"level": 1
	},
	{
		"id": 240,
		"name": "Rain Dance",
		"type": "level",
		"level": 1
	},
	{
		"id": 341,
		"name": "Mud Shot",
		"type": "level",
		"level": 1
	},
	{
		"id": 414,
		"name": "Earth Power",
		"type": "level",
		"level": 1
	},
	{
		"id": 509,
		"name": "Circle Throw",
		"type": "level",
		"level": 1
	},
	{
		"id": 54,
		"name": "Mist",
		"type": "level",
		"level": 1
	},
	{
		"id": 114,
		"name": "Haze",
		"type": "level",
		"level": 1
	},
	{
		"id": 339,
		"name": "Bulk Up",
		"type": "level",
		"level": 1
	},
	{
		"id": 223,
		"name": "DynamicPunch",
		"type": "level",
		"level": 32
	},
	{
		"id": 170,
		"name": "Mind Reader",
		"type": "level",
		"level": 43
	},
	{
		"id": 509,
		"name": "Circle Throw",
		"type": "level",
		"level": 53
	},
	{
		"id": 276,
		"name": "Superpower",
		"type": "level",
		"level": 57
	},
	{
		"id": 111,
		"name": "Defense Curl",
		"type": "move_tutor"
	},
	{
		"id": 173,
		"name": "Snore",
		"type": "move_tutor"
	},
	{
		"id": 283,
		"name": "Endeavor",
		"type": "move_tutor"
	},
	{
		"id": 95,
		"name": "Hypnosis",
		"type": "move_tutor"
	},
	{
		"id": 301,
		"name": "Ice Ball",
		"type": "move_tutor"
	},
	{
		"id": 530,
		"name": "Dual Chop",
		"type": "move_tutor"
	},
	{
		"id": 74,
		"name": "Growth",
		"type": "special_moves"
	},
	{
		"id": 142,
		"name": "Lovely Kiss",
		"type": "special_moves"
	},
	{
		"id": 186,
		"name": "Sweet Kiss",
		"type": "special_moves"
	},
	{
		"id": 67,
		"name": "Low Kick",
		"type": "prevo_moves"
	},
	{
		"id": 133,
		"name": "Amnesia",
		"type": "prevo_moves"
	},
	{
		"id": 358,
		"name": "Wake-Up Slap",
		"type": "prevo_moves"
	},
	{
		"id": 426,
		"name": "Mud Bomb",
		"type": "prevo_moves"
	},
	{
		"id": 346,
		"name": "Water Sport",
		"type": "prevo_moves"
	},
	{
		"id": 196,
		"name": "Icy Wind",
		"type": "move_learner_tools"
	},
	{
		"id": 214,
		"name": "Sleep Talk",
		"type": "move_learner_tools"
	},
	{
		"id": 66,
		"name": "Submission",
		"type": "move_learner_tools"
	},
	{
		"id": 189,
		"name": "Mud-Slap",
		"type": "move_learner_tools"
	},
	{
		"id": 102,
		"name": "Mimic",
		"type": "move_learner_tools"
	},
	{
		"id": 184,
		"name": "Scary Face",
		"type": "move_learner_tools"
	},
	{
		"id": 182,
		"name": "Protect",
		"type": "move_learner_tools"
	},
	{
		"id": 179,
		"name": "Reversal",
		"type": "move_learner_tools"
	},
	{
		"id": 374,
		"name": "Fling",
		"type": "move_learner_tools"
	},
	{
		"id": 213,
		"name": "Attract",
		"type": "move_learner_tools"
	},
	{
		"id": 371,
		"name": "Payback",
		"type": "move_learner_tools"
	},
	{
		"id": 370,
		"name": "Close Combat",
		"type": "move_learner_tools"
	},
	{
		"id": 168,
		"name": "Thief",
		"type": "move_learner_tools"
	},
	{
		"id": 363,
		"name": "Natural Gift",
		"type": "move_learner_tools"
	},
	{
		"id": 164,
		"name": "Substitute",
		"type": "move_learner_tools"
	},
	{
		"id": 157,
		"name": "Rock Slide",
		"type": "move_learner_tools"
	},
	{
		"id": 156,
		"name": "Rest",
		"type": "move_learner_tools"
	},
	{
		"id": 352,
		"name": "Water Pulse",
		"type": "move_learner_tools"
	},
	{
		"id": 149,
		"name": "Psywave",
		"type": "move_learner_tools"
	},
	{
		"id": 341,
		"name": "Mud Shot",
		"type": "move_learner_tools"
	},
	{
		"id": 339,
		"name": "Bulk Up",
		"type": "move_learner_tools"
	},
	{
		"id": 29,
		"name": "Headbutt",
		"type": "move_learner_tools"
	},
	{
		"id": 61,
		"name": "BubbleBeam",
		"type": "move_learner_tools"
	},
	{
		"id": 330,
		"name": "Muddy Water",
		"type": "move_learner_tools"
	},
	{
		"id": 526,
		"name": "Work Up",
		"type": "move_learner_tools"
	},
	{
		"id": 130,
		"name": "Skull Bash",
		"type": "move_learner_tools"
	},
	{
		"id": 523,
		"name": "Bulldoze",
		"type": "move_learner_tools"
	},
	{
		"id": 67,
		"name": "Low Kick",
		"type": "move_learner_tools"
	},
	{
		"id": 127,
		"name": "Waterfall",
		"type": "move_learner_tools"
	},
	{
		"id": 317,
		"name": "Rock Tomb",
		"type": "move_learner_tools"
	},
	{
		"id": 118,
		"name": "Metronome",
		"type": "move_learner_tools"
	},
	{
		"id": 117,
		"name": "Bide",
		"type": "move_learner_tools"
	},
	{
		"id": 311,
		"name": "Weather Ball",
		"type": "move_learner_tools"
	},
	{
		"id": 503,
		"name": "Scald",
		"type": "move_learner_tools"
	},
	{
		"id": 104,
		"name": "Double Team",
		"type": "move_learner_tools"
	},
	{
		"id": 496,
		"name": "Round",
		"type": "move_learner_tools"
	},
	{
		"id": 94,
		"name": "Psychic",
		"type": "move_learner_tools"
	},
	{
		"id": 99,
		"name": "Rage",
		"type": "move_learner_tools"
	},
	{
		"id": 490,
		"name": "Low Sweep",
		"type": "move_learner_tools"
	},
	{
		"id": 291,
		"name": "Dive",
		"type": "move_learner_tools"
	},
	{
		"id": 290,
		"name": "Secret Power",
		"type": "move_learner_tools"
	},
	{
		"id": 92,
		"name": "Toxic",
		"type": "move_learner_tools"
	},
	{
		"id": 91,
		"name": "Dig",
		"type": "move_learner_tools"
	},
	{
		"id": 90,
		"name": "Fissure",
		"type": "move_learner_tools"
	},
	{
		"id": 89,
		"name": "Earthquake",
		"type": "move_learner_tools"
	},
	{
		"id": 282,
		"name": "Knock Off",
		"type": "move_learner_tools"
	},
	{
		"id": 280,
		"name": "Brick Break",
		"type": "move_learner_tools"
	},
	{
		"id": 114,
		"name": "Haze",
		"type": "move_learner_tools"
	},
	{
		"id": 276,
		"name": "Superpower",
		"type": "move_learner_tools"
	},
	{
		"id": 270,
		"name": "Helping Hand",
		"type": "move_learner_tools"
	},
	{
		"id": 269,
		"name": "Taunt",
		"type": "move_learner_tools"
	},
	{
		"id": 70,
		"name": "Strength",
		"type": "move_learner_tools"
	},
	{
		"id": 69,
		"name": "Seismic Toss",
		"type": "move_learner_tools"
	},
	{
		"id": 68,
		"name": "Counter",
		"type": "move_learner_tools"
	},
	{
		"id": 264,
		"name": "Focus Punch",
		"type": "move_learner_tools"
	},
	{
		"id": 263,
		"name": "Facade",
		"type": "move_learner_tools"
	},
	{
		"id": 174,
		"name": "Curse",
		"type": "move_learner_tools"
	},
	{
		"id": 63,
		"name": "Hyper Beam",
		"type": "move_learner_tools"
	},
	{
		"id": 133,
		"name": "Amnesia",
		"type": "move_learner_tools"
	},
	{
		"id": 258,
		"name": "Snowscape",
		"type": "move_learner_tools"
	},
	{
		"id": 59,
		"name": "Blizzard",
		"type": "move_learner_tools"
	},
	{
		"id": 58,
		"name": "Ice Beam",
		"type": "move_learner_tools"
	},
	{
		"id": 57,
		"name": "Surf",
		"type": "move_learner_tools"
	},
	{
		"id": 56,
		"name": "Hydro Pump",
		"type": "move_learner_tools"
	},
	{
		"id": 55,
		"name": "Water Gun",
		"type": "move_learner_tools"
	},
	{
		"id": 250,
		"name": "Whirlpool",
		"type": "move_learner_tools"
	},
	{
		"id": 249,
		"name": "Rock Smash",
		"type": "move_learner_tools"
	},
	{
		"id": 445,
		"name": "Captivate",
		"type": "move_learner_tools"
	},
	{
		"id": 240,
		"name": "Rain Dance",
		"type": "move_learner_tools"
	},
	{
		"id": 237,
		"name": "Hidden Power",
		"type": "move_learner_tools"
	},
	{
		"id": 38,
		"name": "Double-Edge",
		"type": "move_learner_tools"
	},
	{
		"id": 431,
		"name": "Rock Climb",
		"type": "move_learner_tools"
	},
	{
		"id": 36,
		"name": "Take Down",
		"type": "move_learner_tools"
	},
	{
		"id": 34,
		"name": "Body Slam",
		"type": "move_learner_tools"
	},
	{
		"id": 227,
		"name": "Encore",
		"type": "move_learner_tools"
	},
	{
		"id": 226,
		"name": "Baton Pass",
		"type": "move_learner_tools"
	},
	{
		"id": 223,
		"name": "DynamicPunch",
		"type": "move_learner_tools"
	},
	{
		"id": 25,
		"name": "Mega Kick",
		"type": "move_learner_tools"
	},
	{
		"id": 416,
		"name": "Giga Impact",
		"type": "move_learner_tools"
	},
	{
		"id": 218,
		"name": "Frustration",
		"type": "move_learner_tools"
	},
	{
		"id": 414,
		"name": "Earth Power",
		"type": "move_learner_tools"
	},
	{
		"id": 216,
		"name": "Return",
		"type": "move_learner_tools"
	},
	{
		"id": 411,
		"name": "Focus Blast",
		"type": "move_learner_tools"
	},
	{
		"id": 410,
		"name": "Vacuum Wave",
		"type": "move_learner_tools"
	},
	{
		"id": 409,
		"name": "Drain Punch",
		"type": "move_learner_tools"
	},
	{
		"id": 207,
		"name": "Swagger",
		"type": "move_learner_tools"
	},
	{
		"id": 8,
		"name": "Ice Punch",
		"type": "move_learner_tools"
	},
	{
		"id": 203,
		"name": "Endure",
		"type": "move_learner_tools"
	},
	{
		"id": 5,
		"name": "Mega Punch",
		"type": "move_learner_tools"
	},
	{
		"id": 398,
		"name": "Poison Jab",
		"type": "move_learner_tools"
	},
	{
		"id": 129,
		"name": "Swift",
		"type": "move_learner_tools"
	},
	{
		"id": 197,
		"name": "Detect",
		"type": "move_learner_tools"
	},
	{
		"id": 66,
		"name": "Submission",
		"type": "on_evolution"
	},
	{
		"id": 223,
		"name": "DynamicPunch",
		"type": "on_evolution"
	}
],
"types": [
	"WATER",
	"FIGHTING"
],
"stats": {
	"hp": 90,
	"attack": 95,
	"defense": 95,
	"speed": 70,
	"sp_attack": 70,
	"sp_defense": 90
},
"yields": {
	"exp": 225,
	"ev_hp": 0,
	"ev_attack": 0,
	"ev_defense": 3,
	"ev_speed": 0,
	"ev_sp_attack": 0,
	"ev_sp_defense": 0
},
"tiers": [
	"Under Used"
],
"held_items": [
	{
		"id": 5221,
		"name": "King's Rock"
	}
],
"locations": [
	{
		"type": "Water",
		"region_id": 0,
		"region_name": "Kanto",
		"location": "CINNABAR ISLAND",
		"min_level": 38,
		"max_level": 38,
		"rarity": "Lure"
	},
	{
		"type": "Water",
		"region_id": 0,
		"region_name": "Kanto",
		"location": "PALLET TOWN",
		"min_level": 38,
		"max_level": 38,
		"rarity": "Lure"
	},
	{
		"type": "Water",
		"region_id": 0,
		"region_name": "Kanto",
		"location": "ROUTE 21",
		"min_level": 38,
		"max_level": 38,
		"rarity": "Lure"
	},
	{
		"type": "Fishing",
		"region_id": 2,
		"region_name": "Unova",
		"location": "Challenger's Cave",
		"min_level": 55,
		"max_level": 60,
		"rarity": "Special"
	},
	{
		"type": "Fishing",
		"region_id": 2,
		"region_name": "Unova",
		"location": "Giant Chasm",
		"min_level": 45,
		"max_level": 70,
		"rarity": "Special"
	},
	{
		"type": "Grass",
		"region_id": 2,
		"region_name": "Unova",
		"location": "Route 8",
		"min_level": 36,
		"max_level": 36,
		"rarity": "Lure"
	},
	{
		"type": "Fishing",
		"region_id": 2,
		"region_name": "Unova",
		"location": "Victory Road",
		"min_level": 55,
		"max_level": 60,
		"rarity": "Special"
	},
	{
		"type": "Water",
		"region_id": 2,
		"region_name": "Unova",
		"location": "Wellspring Cave",
		"min_level": 38,
		"max_level": 38,
		"rarity": "Lure"
	},
	{
		"type": "Fishing",
		"region_id": 2,
		"region_name": "Unova",
		"location": "Wellspring Cave",
		"min_level": 35,
		"max_level": 60,
		"rarity": "Special"
	},
	{
		"type": "Water",
		"region_id": 3,
		"region_name": "Sinnoh",
		"location": "Route 227",
		"min_level": 58,
		"max_level": 58,
		"rarity": "Lure"
	},
	{
		"type": "Water",
		"region_id": 3,
		"region_name": "Sinnoh",
		"location": "Route 228",
		"min_level": 58,
		"max_level": 58,
		"rarity": "Lure"
	},
	{
		"type": "Water",
		"region_id": 4,
		"region_name": "Johto",
		"location": "Cliff Edge Gate",
		"min_level": 61,
		"max_level": 61,
		"rarity": "Lure"
	},
	{
		"type": "Water",
		"region_id": 4,
		"region_name": "Johto",
		"location": "Ilex Forest",
		"min_level": 28,
		"max_level": 28,
		"rarity": "Lure"
	},
	{
		"type": "Water",
		"region_id": 4,
		"region_name": "Johto",
		"location": "Route 35",
		"min_level": 28,
		"max_level": 28,
		"rarity": "Lure"
	},
	{
		"type": "Water",
		"region_id": 4,
		"region_name": "Johto",
		"location": "Route 45",
		"min_level": 39,
		"max_level": 39,
		"rarity": "Lure"
	}
]
}