{
"id": 71,
"name": "Victreebel",
"exp_type": "MEDIUM_SLOW",
"obtainable": true,
"gender_ratio": 127,
"height": 17,
"weight": 155,
"egg_groups": [
	"plant"
],
"abilities": [
	{
		"id": 34,
		"name": "Chlorophyll"
	},
	{
		"id": 34,
		"name": "Chlorophyll"
	},
	{
		"id": 82,
		"name": "Gluttony"
	}
],
"forms": [
	{
		"form_id": 0,
		"id": 71,
		"name": "Victreebel"
	}
],
"evolutions": [],
"moves": [
	{
		"id": 22,
		"name": "Vine Whip",
		"type": "level",
		"level": 1
	},
	{
		"id": 35,
		"name": "Wrap",
		"type": "level",
		"level": 1
	},
	{
		"id": 51,
		"name": "Acid",
		"type": "level",
		"level": 1
	},
	{
		"id": 74,
		"name": "Growth",
		"type": "level",
		"level": 1
	},
	{
		"id": 75,
		"name": "Razor Leaf",
		"type": "level",
		"level": 1
	},
	{
		"id": 78,
		"name": "Stun Spore",
		"type": "level",
		"level": 1
	},
	{
		"id": 79,
		"name": "Sleep Powder",
		"type": "level",
		"level": 1
	},
	{
		"id": 230,
		"name": "Sweet Scent",
		"type": "level",
		"level": 1
	},
	{
		"id": 254,
		"name": "Stockpile",
		"type": "level",
		"level": 1
	},
	{
		"id": 255,
		"name": "Spit Up",
		"type": "level",
		"level": 1
	},
	{
		"id": 256,
		"name": "Swallow",
		"type": "level",
		"level": 1
	},
	{
		"id": 389,
		"name": "Sucker Punch",
		"type": "level",
		"level": 1
	},
	{
		"id": 536,
		"name": "Leaf Tornado",
		"type": "level",
		"level": 1
	},
	{
		"id": 438,
		"name": "Power Whip",
		"type": "level",
		"level": 1
	},
	{
		"id": 499,
		"name": "Clear Smog",
		"type": "level",
		"level": 1
	},
	{
		"id": 141,
		"name": "Leech Life",
		"type": "level",
		"level": 1
	},
	{
		"id": 14,
		"name": "Swords Dance",
		"type": "level",
		"level": 1
	},
	{
		"id": 35,
		"name": "Wrap",
		"type": "level",
		"level": 13
	},
	{
		"id": 77,
		"name": "PoisonPowder",
		"type": "level",
		"level": 15
	},
	{
		"id": 536,
		"name": "Leaf Tornado",
		"type": "level",
		"level": 27
	},
	{
		"id": 437,
		"name": "Leaf Storm",
		"type": "level",
		"level": 32
	},
	{
		"id": 348,
		"name": "Leaf Blade",
		"type": "level",
		"level": 44
	},
	{
		"id": 20,
		"name": "Bind",
		"type": "move_tutor"
	},
	{
		"id": 389,
		"name": "Sucker Punch",
		"type": "move_tutor"
	},
	{
		"id": 388,
		"name": "Worry Seed",
		"type": "move_tutor"
	},
	{
		"id": 380,
		"name": "Gastro Acid",
		"type": "move_tutor"
	},
	{
		"id": 173,
		"name": "Snore",
		"type": "move_tutor"
	},
	{
		"id": 235,
		"name": "Synthesis",
		"type": "move_tutor"
	},
	{
		"id": 298,
		"name": "Teeter Dance",
		"type": "special_moves"
	},
	{
		"id": 142,
		"name": "Lovely Kiss",
		"type": "special_moves"
	},
	{
		"id": 186,
		"name": "Sweet Kiss",
		"type": "special_moves"
	},
	{
		"id": 21,
		"name": "Slam",
		"type": "prevo_moves"
	},
	{
		"id": 380,
		"name": "Gastro Acid",
		"type": "prevo_moves"
	},
	{
		"id": 378,
		"name": "Wring Out",
		"type": "prevo_moves"
	},
	{
		"id": 398,
		"name": "Poison Jab",
		"type": "prevo_moves"
	},
	{
		"id": 282,
		"name": "Knock Off",
		"type": "prevo_moves"
	},
	{
		"id": 104,
		"name": "Double Team",
		"type": "move_learner_tools"
	},
	{
		"id": 174,
		"name": "Curse",
		"type": "move_learner_tools"
	},
	{
		"id": 267,
		"name": "Nature Power",
		"type": "move_learner_tools"
	},
	{
		"id": 129,
		"name": "Swift",
		"type": "move_learner_tools"
	},
	{
		"id": 402,
		"name": "Seed Bomb",
		"type": "move_learner_tools"
	},
	{
		"id": 263,
		"name": "Facade",
		"type": "move_learner_tools"
	},
	{
		"id": 398,
		"name": "Poison Jab",
		"type": "move_learner_tools"
	},
	{
		"id": 117,
		"name": "Bide",
		"type": "move_learner_tools"
	},
	{
		"id": 115,
		"name": "Reflect",
		"type": "move_learner_tools"
	},
	{
		"id": 241,
		"name": "Sunny Day",
		"type": "move_learner_tools"
	},
	{
		"id": 102,
		"name": "Mimic",
		"type": "move_learner_tools"
	},
	{
		"id": 34,
		"name": "Body Slam",
		"type": "move_learner_tools"
	},
	{
		"id": 237,
		"name": "Hidden Power",
		"type": "move_learner_tools"
	},
	{
		"id": 99,
		"name": "Rage",
		"type": "move_learner_tools"
	},
	{
		"id": 230,
		"name": "Sweet Scent",
		"type": "move_learner_tools"
	},
	{
		"id": 92,
		"name": "Toxic",
		"type": "move_learner_tools"
	},
	{
		"id": 227,
		"name": "Encore",
		"type": "move_learner_tools"
	},
	{
		"id": 363,
		"name": "Natural Gift",
		"type": "move_learner_tools"
	},
	{
		"id": 496,
		"name": "Round",
		"type": "move_learner_tools"
	},
	{
		"id": 218,
		"name": "Frustration",
		"type": "move_learner_tools"
	},
	{
		"id": 491,
		"name": "Acid Spray",
		"type": "move_learner_tools"
	},
	{
		"id": 216,
		"name": "Return",
		"type": "move_learner_tools"
	},
	{
		"id": 214,
		"name": "Sleep Talk",
		"type": "move_learner_tools"
	},
	{
		"id": 213,
		"name": "Attract",
		"type": "move_learner_tools"
	},
	{
		"id": 348,
		"name": "Leaf Blade",
		"type": "move_learner_tools"
	},
	{
		"id": 72,
		"name": "Mega Drain",
		"type": "move_learner_tools"
	},
	{
		"id": 345,
		"name": "Magical Leaf",
		"type": "move_learner_tools"
	},
	{
		"id": 207,
		"name": "Swagger",
		"type": "move_learner_tools"
	},
	{
		"id": 203,
		"name": "Endure",
		"type": "move_learner_tools"
	},
	{
		"id": 202,
		"name": "Giga Drain",
		"type": "move_learner_tools"
	},
	{
		"id": 474,
		"name": "Venoshock",
		"type": "move_learner_tools"
	},
	{
		"id": 36,
		"name": "Take Down",
		"type": "move_learner_tools"
	},
	{
		"id": 76,
		"name": "SolarBeam",
		"type": "move_learner_tools"
	},
	{
		"id": 331,
		"name": "Bullet Seed",
		"type": "move_learner_tools"
	},
	{
		"id": 188,
		"name": "Sludge Bomb",
		"type": "move_learner_tools"
	},
	{
		"id": 184,
		"name": "Scary Face",
		"type": "move_learner_tools"
	},
	{
		"id": 182,
		"name": "Protect",
		"type": "move_learner_tools"
	},
	{
		"id": 164,
		"name": "Substitute",
		"type": "move_learner_tools"
	},
	{
		"id": 450,
		"name": "Bug Bite",
		"type": "move_learner_tools"
	},
	{
		"id": 38,
		"name": "Double-Edge",
		"type": "move_learner_tools"
	},
	{
		"id": 311,
		"name": "Weather Ball",
		"type": "move_learner_tools"
	},
	{
		"id": 447,
		"name": "Grass Knot",
		"type": "move_learner_tools"
	},
	{
		"id": 445,
		"name": "Captivate",
		"type": "move_learner_tools"
	},
	{
		"id": 168,
		"name": "Thief",
		"type": "move_learner_tools"
	},
	{
		"id": 29,
		"name": "Headbutt",
		"type": "move_learner_tools"
	},
	{
		"id": 438,
		"name": "Power Whip",
		"type": "move_learner_tools"
	},
	{
		"id": 437,
		"name": "Leaf Storm",
		"type": "move_learner_tools"
	},
	{
		"id": 156,
		"name": "Rest",
		"type": "move_learner_tools"
	},
	{
		"id": 63,
		"name": "Hyper Beam",
		"type": "move_learner_tools"
	},
	{
		"id": 290,
		"name": "Secret Power",
		"type": "move_learner_tools"
	},
	{
		"id": 15,
		"name": "Cut",
		"type": "move_learner_tools"
	},
	{
		"id": 14,
		"name": "Swords Dance",
		"type": "move_learner_tools"
	},
	{
		"id": 148,
		"name": "Flash",
		"type": "move_learner_tools"
	},
	{
		"id": 282,
		"name": "Knock Off",
		"type": "move_learner_tools"
	},
	{
		"id": 416,
		"name": "Giga Impact",
		"type": "move_learner_tools"
	},
	{
		"id": 141,
		"name": "Leech Life",
		"type": "move_learner_tools"
	},
	{
		"id": 412,
		"name": "Energy Ball",
		"type": "move_learner_tools"
	},
	{
		"id": 536,
		"name": "Leaf Tornado",
		"type": "on_evolution"
	}
],
"types": [
	"GRASS",
	"POISON"
],
"stats": {
	"hp": 80,
	"attack": 105,
	"defense": 65,
	"speed": 70,
	"sp_attack": 100,
	"sp_defense": 70
},
"yields": {
	"exp": 216,
	"ev_hp": 0,
	"ev_attack": 3,
	"ev_defense": 0,
	"ev_speed": 0,
	"ev_sp_attack": 0,
	"ev_sp_defense": 0
},
"tiers": [
	"Untiered"
],
"held_items": [
	{
		"id": 5296,
		"name": "Big Root"
	}
],
"locations": [
	{
		"type": "Grass",
		"region_id": 0,
		"region_name": "Kanto",
		"location": "ROUTE 12",
		"min_level": 33,
		"max_level": 33,
		"rarity": "Lure"
	}
]
}