{
"id": 74,
"name": "Geodude",
"exp_type": "MEDIUM_SLOW",
"obtainable": true,
"gender_ratio": 127,
"height": 4,
"weight": 200,
"egg_groups": [
	"mineral"
],
"abilities": [
	{
		"id": 69,
		"name": "Rock Head"
	},
	{
		"id": 5,
		"name": "Sturdy"
	},
	{
		"id": 8,
		"name": "Sand Veil"
	}
],
"forms": [
	{
		"form_id": 0,
		"id": 74,
		"name": "Geodude"
	}
],
"evolutions": [
	{
		"id": 75,
		"name": "Graveler",
		"type": "LEVEL",
		"val": 25
	}
],
"moves": [
	{
		"id": 33,
		"name": "Tackle",
		"type": "level",
		"level": 1
	},
	{
		"id": 111,
		"name": "Defense Curl",
		"type": "level",
		"level": 1
	},
	{
		"id": 205,
		"name": "Rollout",
		"type": "level",
		"level": 1
	},
	{
		"id": 28,
		"name": "Sand-Attack",
		"type": "level",
		"level": 3
	},
	{
		"id": 300,
		"name": "Mud Sport",
		"type": "level",
		"level": 4
	},
	{
		"id": 201,
		"name": "Sandstorm",
		"type": "level",
		"level": 4
	},
	{
		"id": 33,
		"name": "Tackle",
		"type": "level",
		"level": 5
	},
	{
		"id": 117,
		"name": "Bide",
		"type": "level",
		"level": 6
	},
	{
		"id": 397,
		"name": "Rock Polish",
		"type": "level",
		"level": 6
	},
	{
		"id": 189,
		"name": "Mud-Slap",
		"type": "level",
		"level": 9
	},
	{
		"id": 88,
		"name": "Rock Throw",
		"type": "level",
		"level": 9
	},
	{
		"id": 205,
		"name": "Rollout",
		"type": "level",
		"level": 10
	},
	{
		"id": 222,
		"name": "Magnitude",
		"type": "level",
		"level": 12
	},
	{
		"id": 106,
		"name": "Harden",
		"type": "level",
		"level": 12
	},
	{
		"id": 446,
		"name": "Stealth Rock",
		"type": "level",
		"level": 12
	},
	{
		"id": 523,
		"name": "Bulldoze",
		"type": "level",
		"level": 12
	},
	{
		"id": 36,
		"name": "Take Down",
		"type": "level",
		"level": 15
	},
	{
		"id": 334,
		"name": "Iron Defense",
		"type": "level",
		"level": 15
	},
	{
		"id": 479,
		"name": "Smack Down",
		"type": "level",
		"level": 18
	},
	{
		"id": 120,
		"name": "Selfdestruct",
		"type": "level",
		"level": 19
	},
	{
		"id": 157,
		"name": "Rock Slide",
		"type": "level",
		"level": 21
	},
	{
		"id": 89,
		"name": "Earthquake",
		"type": "level",
		"level": 27
	},
	{
		"id": 350,
		"name": "Rock Blast",
		"type": "level",
		"level": 30
	},
	{
		"id": 38,
		"name": "Double-Edge",
		"type": "level",
		"level": 31
	},
	{
		"id": 153,
		"name": "Explosion",
		"type": "level",
		"level": 35
	},
	{
		"id": 444,
		"name": "Stone Edge",
		"type": "level",
		"level": 42
	},
	{
		"id": 475,
		"name": "Autotomize",
		"type": "egg_moves"
	},
	{
		"id": 359,
		"name": "Hammer Arm",
		"type": "egg_moves"
	},
	{
		"id": 469,
		"name": "Wide Guard",
		"type": "egg_moves"
	},
	{
		"id": 175,
		"name": "Flail",
		"type": "egg_moves"
	},
	{
		"id": 389,
		"name": "Sucker Punch",
		"type": "move_tutor"
	},
	{
		"id": 111,
		"name": "Defense Curl",
		"type": "move_tutor"
	},
	{
		"id": 246,
		"name": "AncientPower",
		"type": "move_tutor"
	},
	{
		"id": 335,
		"name": "Block",
		"type": "move_tutor"
	},
	{
		"id": 173,
		"name": "Snore",
		"type": "move_tutor"
	},
	{
		"id": 229,
		"name": "Rapid Spin",
		"type": "special_moves"
	},
	{
		"id": 126,
		"name": "Fire Blast",
		"type": "move_learner_tools"
	},
	{
		"id": 68,
		"name": "Counter",
		"type": "move_learner_tools"
	},
	{
		"id": 249,
		"name": "Rock Smash",
		"type": "move_learner_tools"
	},
	{
		"id": 267,
		"name": "Nature Power",
		"type": "move_learner_tools"
	},
	{
		"id": 264,
		"name": "Focus Punch",
		"type": "move_learner_tools"
	},
	{
		"id": 263,
		"name": "Facade",
		"type": "move_learner_tools"
	},
	{
		"id": 397,
		"name": "Rock Polish",
		"type": "move_learner_tools"
	},
	{
		"id": 120,
		"name": "Selfdestruct",
		"type": "move_learner_tools"
	},
	{
		"id": 118,
		"name": "Metronome",
		"type": "move_learner_tools"
	},
	{
		"id": 117,
		"name": "Bide",
		"type": "move_learner_tools"
	},
	{
		"id": 153,
		"name": "Explosion",
		"type": "move_learner_tools"
	},
	{
		"id": 523,
		"name": "Bulldoze",
		"type": "move_learner_tools"
	},
	{
		"id": 157,
		"name": "Rock Slide",
		"type": "move_learner_tools"
	},
	{
		"id": 241,
		"name": "Sunny Day",
		"type": "move_learner_tools"
	},
	{
		"id": 102,
		"name": "Mimic",
		"type": "move_learner_tools"
	},
	{
		"id": 34,
		"name": "Body Slam",
		"type": "move_learner_tools"
	},
	{
		"id": 374,
		"name": "Fling",
		"type": "move_learner_tools"
	},
	{
		"id": 510,
		"name": "Incinerate",
		"type": "move_learner_tools"
	},
	{
		"id": 38,
		"name": "Double-Edge",
		"type": "move_learner_tools"
	},
	{
		"id": 104,
		"name": "Double Team",
		"type": "move_learner_tools"
	},
	{
		"id": 92,
		"name": "Toxic",
		"type": "move_learner_tools"
	},
	{
		"id": 91,
		"name": "Dig",
		"type": "move_learner_tools"
	},
	{
		"id": 90,
		"name": "Fissure",
		"type": "move_learner_tools"
	},
	{
		"id": 363,
		"name": "Natural Gift",
		"type": "move_learner_tools"
	},
	{
		"id": 360,
		"name": "Gyro Ball",
		"type": "move_learner_tools"
	},
	{
		"id": 496,
		"name": "Round",
		"type": "move_learner_tools"
	},
	{
		"id": 218,
		"name": "Frustration",
		"type": "move_learner_tools"
	},
	{
		"id": 216,
		"name": "Return",
		"type": "move_learner_tools"
	},
	{
		"id": 214,
		"name": "Sleep Talk",
		"type": "move_learner_tools"
	},
	{
		"id": 350,
		"name": "Rock Blast",
		"type": "move_learner_tools"
	},
	{
		"id": 66,
		"name": "Submission",
		"type": "move_learner_tools"
	},
	{
		"id": 207,
		"name": "Swagger",
		"type": "move_learner_tools"
	},
	{
		"id": 69,
		"name": "Seismic Toss",
		"type": "move_learner_tools"
	},
	{
		"id": 479,
		"name": "Smack Down",
		"type": "move_learner_tools"
	},
	{
		"id": 341,
		"name": "Mud Shot",
		"type": "move_learner_tools"
	},
	{
		"id": 203,
		"name": "Endure",
		"type": "move_learner_tools"
	},
	{
		"id": 70,
		"name": "Strength",
		"type": "move_learner_tools"
	},
	{
		"id": 201,
		"name": "Sandstorm",
		"type": "move_learner_tools"
	},
	{
		"id": 205,
		"name": "Rollout",
		"type": "move_learner_tools"
	},
	{
		"id": 36,
		"name": "Take Down",
		"type": "move_learner_tools"
	},
	{
		"id": 334,
		"name": "Iron Defense",
		"type": "move_learner_tools"
	},
	{
		"id": 213,
		"name": "Attract",
		"type": "move_learner_tools"
	},
	{
		"id": 53,
		"name": "Flamethrower",
		"type": "move_learner_tools"
	},
	{
		"id": 189,
		"name": "Mud-Slap",
		"type": "move_learner_tools"
	},
	{
		"id": 184,
		"name": "Scary Face",
		"type": "move_learner_tools"
	},
	{
		"id": 89,
		"name": "Earthquake",
		"type": "move_learner_tools"
	},
	{
		"id": 223,
		"name": "DynamicPunch",
		"type": "move_learner_tools"
	},
	{
		"id": 317,
		"name": "Rock Tomb",
		"type": "move_learner_tools"
	},
	{
		"id": 182,
		"name": "Protect",
		"type": "move_learner_tools"
	},
	{
		"id": 174,
		"name": "Curse",
		"type": "move_learner_tools"
	},
	{
		"id": 99,
		"name": "Rage",
		"type": "move_learner_tools"
	},
	{
		"id": 446,
		"name": "Stealth Rock",
		"type": "move_learner_tools"
	},
	{
		"id": 445,
		"name": "Captivate",
		"type": "move_learner_tools"
	},
	{
		"id": 444,
		"name": "Stone Edge",
		"type": "move_learner_tools"
	},
	{
		"id": 237,
		"name": "Hidden Power",
		"type": "move_learner_tools"
	},
	{
		"id": 29,
		"name": "Headbutt",
		"type": "move_learner_tools"
	},
	{
		"id": 164,
		"name": "Substitute",
		"type": "move_learner_tools"
	},
	{
		"id": 25,
		"name": "Mega Kick",
		"type": "move_learner_tools"
	},
	{
		"id": 431,
		"name": "Rock Climb",
		"type": "move_learner_tools"
	},
	{
		"id": 156,
		"name": "Rest",
		"type": "move_learner_tools"
	},
	{
		"id": 290,
		"name": "Secret Power",
		"type": "move_learner_tools"
	},
	{
		"id": 9,
		"name": "ThunderPunch",
		"type": "move_learner_tools"
	},
	{
		"id": 7,
		"name": "Fire Punch",
		"type": "move_learner_tools"
	},
	{
		"id": 280,
		"name": "Brick Break",
		"type": "move_learner_tools"
	},
	{
		"id": 5,
		"name": "Mega Punch",
		"type": "move_learner_tools"
	},
	{
		"id": 414,
		"name": "Earth Power",
		"type": "move_learner_tools"
	},
	{
		"id": 276,
		"name": "Superpower",
		"type": "move_learner_tools"
	}
],
"types": [
	"ROCK",
	"GROUND"
],
"stats": {
	"hp": 40,
	"attack": 80,
	"defense": 100,
	"speed": 20,
	"sp_attack": 30,
	"sp_defense": 30
},
"yields": {
	"exp": 60,
	"ev_hp": 0,
	"ev_attack": 0,
	"ev_defense": 1,
	"ev_speed": 0,
	"ev_sp_attack": 0,
	"ev_sp_defense": 0
},
"tiers": [
	"Untiered"
],
"held_items": [
	{
		"id": 5229,
		"name": "Everstone"
	},
	{
		"id": 5238,
		"name": "Hard Stone"
	}
],
"locations": [
	{
		"type": "Grass",
		"region_id": 0,
		"region_name": "Kanto",
		"location": "KINDLE ROAD",
		"min_level": 36,
		"max_level": 38,
		"rarity": "Uncommon"
	},
	{
		"type": "Rocks",
		"region_id": 0,
		"region_name": "Kanto",
		"location": "KINDLE ROAD",
		"min_level": 38,
		"max_level": 40,
		"rarity": "Very Common"
	},
	{
		"type": "Cave",
		"region_id": 0,
		"region_name": "Kanto",
		"location": "MT. EMBER",
		"min_level": 38,
		"max_level": 48,
		"rarity": "Very Common"
	},
	{
		"type": "Cave",
		"region_id": 0,
		"region_name": "Kanto",
		"location": "MT. EMBER",
		"min_level": 38,
		"max_level": 46,
		"rarity": "Horde"
	},
	{
		"type": "Grass",
		"region_id": 0,
		"region_name": "Kanto",
		"location": "MT. EMBER",
		"min_level": 38,
		"max_level": 40,
		"rarity": "Very Common"
	},
	{
		"type": "Rocks",
		"region_id": 0,
		"region_name": "Kanto",
		"location": "MT. EMBER",
		"min_level": 40,
		"max_level": 50,
		"rarity": "Very Common"
	},
	{
		"type": "Cave",
		"region_id": 0,
		"region_name": "Kanto",
		"location": "MT. MOON",
		"min_level": 6,
		"max_level": 7,
		"rarity": "Horde"
	},
	{
		"type": "Cave",
		"region_id": 0,
		"region_name": "Kanto",
		"location": "MT. MOON",
		"min_level": 7,
		"max_level": 10,
		"rarity": "Common"
	},
	{
		"type": "Cave",
		"region_id": 0,
		"region_name": "Kanto",
		"location": "ROCK TUNNEL",
		"min_level": 13,
		"max_level": 15,
		"rarity": "Horde"
	},
	{
		"type": "Cave",
		"region_id": 0,
		"region_name": "Kanto",
		"location": "ROCK TUNNEL",
		"min_level": 15,
		"max_level": 17,
		"rarity": "Common"
	},
	{
		"type": "Rocks",
		"region_id": 0,
		"region_name": "Kanto",
		"location": "ROCK TUNNEL",
		"min_level": 38,
		"max_level": 40,
		"rarity": "Very Common"
	},
	{
		"type": "Grass",
		"region_id": 0,
		"region_name": "Kanto",
		"location": "SEVAULT CANYON",
		"min_level": 50,
		"max_level": 52,
		"rarity": "Uncommon"
	},
	{
		"type": "Cave",
		"region_id": 0,
		"region_name": "Kanto",
		"location": "VICTORY ROAD",
		"min_level": 42,
		"max_level": 46,
		"rarity": "Rare"
	},
	{
		"type": "Cave",
		"region_id": 1,
		"region_name": "Hoenn",
		"location": "GRANITE CAVE",
		"min_level": 10,
		"max_level": 12,
		"rarity": "Very Rare"
	},
	{
		"type": "Rocks",
		"region_id": 1,
		"region_name": "Hoenn",
		"location": "GRANITE CAVE",
		"min_level": 15,
		"max_level": 20,
		"rarity": "Very Common"
	},
	{
		"type": "Cave",
		"region_id": 1,
		"region_name": "Hoenn",
		"location": "MAGMA HIDEOUT",
		"min_level": 26,
		"max_level": 28,
		"rarity": "Horde"
	},
	{
		"type": "Cave",
		"region_id": 1,
		"region_name": "Hoenn",
		"location": "MAGMA HIDEOUT",
		"min_level": 27,
		"max_level": 30,
		"rarity": "Very Common"
	},
	{
		"type": "Rocks",
		"region_id": 1,
		"region_name": "Hoenn",
		"location": "MIRAGE TOWER",
		"min_level": 20,
		"max_level": 23,
		"rarity": "Very Common"
	},
	{
		"type": "Rocks",
		"region_id": 1,
		"region_name": "Hoenn",
		"location": "ROUTE 111",
		"min_level": 14,
		"max_level": 16,
		"rarity": "Very Common"
	},
	{
		"type": "Rocks",
		"region_id": 1,
		"region_name": "Hoenn",
		"location": "ROUTE 114",
		"min_level": 18,
		"max_level": 20,
		"rarity": "Very Common"
	},
	{
		"type": "Rocks",
		"region_id": 1,
		"region_name": "Hoenn",
		"location": "ROUTE 115",
		"min_level": 18,
		"max_level": 20,
		"rarity": "Very Common"
	},
	{
		"type": "Rocks",
		"region_id": 1,
		"region_name": "Hoenn",
		"location": "SAFARI ZONE",
		"min_level": 30,
		"max_level": 32,
		"rarity": "Very Common"
	},
	{
		"type": "Cave",
		"region_id": 3,
		"region_name": "Sinnoh",
		"location": "Iron Island",
		"min_level": 29,
		"max_level": 32,
		"rarity": "Very Common"
	},
	{
		"type": "Cave",
		"region_id": 3,
		"region_name": "Sinnoh",
		"location": "Iron Island",
		"min_level": 29,
		"max_level": 31,
		"rarity": "Horde"
	},
	{
		"type": "Cave",
		"region_id": 3,
		"region_name": "Sinnoh",
		"location": "Maniac Tunnel",
		"min_level": 23,
		"max_level": 25,
		"rarity": "Very Common"
	},
	{
		"type": "Cave",
		"region_id": 3,
		"region_name": "Sinnoh",
		"location": "Maniac Tunnel",
		"min_level": 23,
		"max_level": 24,
		"rarity": "Horde"
	},
	{
		"type": "Cave",
		"region_id": 3,
		"region_name": "Sinnoh",
		"location": "Mt. Coronet",
		"min_level": 13,
		"max_level": 19,
		"rarity": "Common"
	},
	{
		"type": "Cave",
		"region_id": 3,
		"region_name": "Sinnoh",
		"location": "Mt. Coronet",
		"min_level": 15,
		"max_level": 16,
		"rarity": "Horde"
	},
	{
		"type": "Rocks",
		"region_id": 3,
		"region_name": "Sinnoh",
		"location": "Mt. Coronet",
		"min_level": 16,
		"max_level": 35,
		"rarity": "Very Common"
	},
	{
		"type": "Cave",
		"region_id": 3,
		"region_name": "Sinnoh",
		"location": "Oreburgh Gate",
		"min_level": 5,
		"max_level": 9,
		"rarity": "Very Common"
	},
	{
		"type": "Rocks",
		"region_id": 3,
		"region_name": "Sinnoh",
		"location": "Oreburgh Gate",
		"min_level": 11,
		"max_level": 13,
		"rarity": "Very Common"
	},
	{
		"type": "Cave",
		"region_id": 3,
		"region_name": "Sinnoh",
		"location": "Oreburgh Mine",
		"min_level": 6,
		"max_level": 10,
		"rarity": "Very Common"
	},
	{
		"type": "Rocks",
		"region_id": 3,
		"region_name": "Sinnoh",
		"location": "Oreburgh Mine",
		"min_level": 11,
		"max_level": 12,
		"rarity": "Very Common"
	},
	{
		"type": "Cave",
		"region_id": 3,
		"region_name": "Sinnoh",
		"location": "Ravaged Path",
		"min_level": 5,
		"max_level": 5,
		"rarity": "Common"
	},
	{
		"type": "Rocks",
		"region_id": 3,
		"region_name": "Sinnoh",
		"location": "Ravaged Path",
		"min_level": 12,
		"max_level": 13,
		"rarity": "Very Common"
	},
	{
		"type": "Grass",
		"region_id": 3,
		"region_name": "Sinnoh",
		"location": "Route 206",
		"min_level": 16,
		"max_level": 18,
		"rarity": "Uncommon"
	},
	{
		"type": "Grass",
		"region_id": 3,
		"region_name": "Sinnoh",
		"location": "Route 206",
		"min_level": 16,
		"max_level": 18,
		"rarity": "Uncommon"
	},
	{
		"type": "Grass",
		"region_id": 3,
		"region_name": "Sinnoh",
		"location": "Route 206",
		"min_level": 16,
		"max_level": 18,
		"rarity": "Uncommon"
	},
	{
		"type": "Grass",
		"region_id": 3,
		"region_name": "Sinnoh",
		"location": "Route 206",
		"min_level": 16,
		"max_level": 18,
		"rarity": "Common"
	},
	{
		"type": "Grass",
		"region_id": 3,
		"region_name": "Sinnoh",
		"location": "Route 207",
		"min_level": 5,
		"max_level": 7,
		"rarity": "Very Common"
	},
	{
		"type": "Rocks",
		"region_id": 3,
		"region_name": "Sinnoh",
		"location": "Route 208",
		"min_level": 19,
		"max_level": 20,
		"rarity": "Very Common"
	},
	{
		"type": "Grass",
		"region_id": 3,
		"region_name": "Sinnoh",
		"location": "Route 210",
		"min_level": 19,
		"max_level": 19,
		"rarity": "Common"
	},
	{
		"type": "Grass",
		"region_id": 3,
		"region_name": "Sinnoh",
		"location": "Route 210",
		"min_level": 19,
		"max_level": 19,
		"rarity": "Common"
	},
	{
		"type": "Grass",
		"region_id": 3,
		"region_name": "Sinnoh",
		"location": "Route 210",
		"min_level": 19,
		"max_level": 19,
		"rarity": "Common"
	},
	{
		"type": "Grass",
		"region_id": 3,
		"region_name": "Sinnoh",
		"location": "Route 210",
		"min_level": 19,
		"max_level": 19,
		"rarity": "Common"
	},
	{
		"type": "Rocks",
		"region_id": 3,
		"region_name": "Sinnoh",
		"location": "Route 210",
		"min_level": 29,
		"max_level": 30,
		"rarity": "Very Common"
	},
	{
		"type": "Grass",
		"region_id": 3,
		"region_name": "Sinnoh",
		"location": "Route 211",
		"min_level": 13,
		"max_level": 14,
		"rarity": "Uncommon"
	},
	{
		"type": "Rocks",
		"region_id": 3,
		"region_name": "Sinnoh",
		"location": "Route 211",
		"min_level": 15,
		"max_level": 16,
		"rarity": "Very Common"
	},
	{
		"type": "Rocks",
		"region_id": 3,
		"region_name": "Sinnoh",
		"location": "Route 213",
		"min_level": 25,
		"max_level": 26,
		"rarity": "Very Common"
	},
	{
		"type": "Grass",
		"region_id": 3,
		"region_name": "Sinnoh",
		"location": "Route 214",
		"min_level": 21,
		"max_level": 22,
		"rarity": "Uncommon"
	},
	{
		"type": "Rocks",
		"region_id": 3,
		"region_name": "Sinnoh",
		"location": "Route 214",
		"min_level": 24,
		"max_level": 25,
		"rarity": "Very Common"
	},
	{
		"type": "Grass",
		"region_id": 3,
		"region_name": "Sinnoh",
		"location": "Route 215",
		"min_level": 20,
		"max_level": 22,
		"rarity": "Uncommon"
	},
	{
		"type": "Grass",
		"region_id": 3,
		"region_name": "Sinnoh",
		"location": "Route 215",
		"min_level": 20,
		"max_level": 22,
		"rarity": "Uncommon"
	},
	{
		"type": "Grass",
		"region_id": 3,
		"region_name": "Sinnoh",
		"location": "Route 215",
		"min_level": 20,
		"max_level": 22,
		"rarity": "Uncommon"
	},
	{
		"type": "Grass",
		"region_id": 3,
		"region_name": "Sinnoh",
		"location": "Route 215",
		"min_level": 20,
		"max_level": 22,
		"rarity": "Common"
	},
	{
		"type": "Cave",
		"region_id": 3,
		"region_name": "Sinnoh",
		"location": "Ruin Maniac Cave",
		"min_level": 21,
		"max_level": 24,
		"rarity": "Very Common"
	},
	{
		"type": "Cave",
		"region_id": 3,
		"region_name": "Sinnoh",
		"location": "Ruin Maniac Cave",
		"min_level": 21,
		"max_level": 23,
		"rarity": "Horde"
	},
	{
		"type": "Cave",
		"region_id": 3,
		"region_name": "Sinnoh",
		"location": "Stark Mountain",
		"min_level": 52,
		"max_level": 53,
		"rarity": "Rare"
	},
	{
		"type": "Grass",
		"region_id": 3,
		"region_name": "Sinnoh",
		"location": "Valor Lakefront",
		"min_level": 25,
		"max_level": 27,
		"rarity": "Uncommon"
	},
	{
		"type": "Grass",
		"region_id": 3,
		"region_name": "Sinnoh",
		"location": "Valor Lakefront",
		"min_level": 25,
		"max_level": 27,
		"rarity": "Uncommon"
	},
	{
		"type": "Grass",
		"region_id": 3,
		"region_name": "Sinnoh",
		"location": "Valor Lakefront",
		"min_level": 25,
		"max_level": 27,
		"rarity": "Uncommon"
	},
	{
		"type": "Grass",
		"region_id": 3,
		"region_name": "Sinnoh",
		"location": "Valor Lakefront",
		"min_level": 25,
		"max_level": 27,
		"rarity": "Uncommon"
	},
	{
		"type": "Cave",
		"region_id": 3,
		"region_name": "Sinnoh",
		"location": "Wayward Cave",
		"min_level": 17,
		"max_level": 20,
		"rarity": "Common"
	},
	{
		"type": "Rocks",
		"region_id": 3,
		"region_name": "Sinnoh",
		"location": "Wayward Cave",
		"min_level": 20,
		"max_level": 21,
		"rarity": "Very Common"
	},
	{
		"type": "Rocks",
		"region_id": 4,
		"region_name": "Johto",
		"location": "Burned Tower",
		"min_level": 19,
		"max_level": 23,
		"rarity": "Very Common"
	},
	{
		"type": "Cave",
		"region_id": 4,
		"region_name": "Johto",
		"location": "Cliff Cave",
		"min_level": 25,
		"max_level": 28,
		"rarity": "Uncommon"
	},
	{
		"type": "Cave",
		"region_id": 4,
		"region_name": "Johto",
		"location": "Dark Cave",
		"min_level": 4,
		"max_level": 25,
		"rarity": "Common"
	},
	{
		"type": "Rocks",
		"region_id": 4,
		"region_name": "Johto",
		"location": "Dark Cave",
		"min_level": 9,
		"max_level": 10,
		"rarity": "Very Common"
	},
	{
		"type": "Rocks",
		"region_id": 4,
		"region_name": "Johto",
		"location": "Ice Path",
		"min_level": 35,
		"max_level": 36,
		"rarity": "Very Common"
	},
	{
		"type": "Cave",
		"region_id": 4,
		"region_name": "Johto",
		"location": "Mt. Mortar",
		"min_level": 17,
		"max_level": 18,
		"rarity": "Horde"
	},
	{
		"type": "Cave",
		"region_id": 4,
		"region_name": "Johto",
		"location": "Mt. Mortar",
		"min_level": 19,
		"max_level": 35,
		"rarity": "Uncommon"
	},
	{
		"type": "Rocks",
		"region_id": 4,
		"region_name": "Johto",
		"location": "Route 32",
		"min_level": 9,
		"max_level": 11,
		"rarity": "Very Common"
	},
	{
		"type": "Grass",
		"region_id": 4,
		"region_name": "Johto",
		"location": "Route 33",
		"min_level": 10,
		"max_level": 12,
		"rarity": "Uncommon"
	},
	{
		"type": "Grass",
		"region_id": 4,
		"region_name": "Johto",
		"location": "Route 33",
		"min_level": 11,
		"max_level": 12,
		"rarity": "Uncommon"
	},
	{
		"type": "Grass",
		"region_id": 4,
		"region_name": "Johto",
		"location": "Route 33",
		"min_level": 11,
		"max_level": 12,
		"rarity": "Uncommon"
	},
	{
		"type": "Grass",
		"region_id": 4,
		"region_name": "Johto",
		"location": "Route 33",
		"min_level": 11,
		"max_level": 12,
		"rarity": "Uncommon"
	},
	{
		"type": "Grass",
		"region_id": 4,
		"region_name": "Johto",
		"location": "Route 45",
		"min_level": 34,
		"max_level": 36,
		"rarity": "Uncommon"
	},
	{
		"type": "Grass",
		"region_id": 4,
		"region_name": "Johto",
		"location": "Route 45",
		"min_level": 34,
		"max_level": 36,
		"rarity": "Uncommon"
	},
	{
		"type": "Grass",
		"region_id": 4,
		"region_name": "Johto",
		"location": "Route 45",
		"min_level": 34,
		"max_level": 36,
		"rarity": "Uncommon"
	},
	{
		"type": "Grass",
		"region_id": 4,
		"region_name": "Johto",
		"location": "Route 45",
		"min_level": 34,
		"max_level": 36,
		"rarity": "Common"
	},
	{
		"type": "Grass",
		"region_id": 4,
		"region_name": "Johto",
		"location": "Route 46",
		"min_level": 2,
		"max_level": 5,
		"rarity": "Very Common"
	},
	{
		"type": "Grass",
		"region_id": 4,
		"region_name": "Johto",
		"location": "Route 46",
		"min_level": 2,
		"max_level": 5,
		"rarity": "Very Common"
	},
	{
		"type": "Grass",
		"region_id": 4,
		"region_name": "Johto",
		"location": "Route 46",
		"min_level": 2,
		"max_level": 5,
		"rarity": "Very Common"
	},
	{
		"type": "Grass",
		"region_id": 4,
		"region_name": "Johto",
		"location": "Route 46",
		"min_level": 2,
		"max_level": 5,
		"rarity": "Very Common"
	},
	{
		"type": "Rocks",
		"region_id": 4,
		"region_name": "Johto",
		"location": "Ruins of Alph",
		"min_level": 7,
		"max_level": 10,
		"rarity": "Very Common"
	},
	{
		"type": "Cave",
		"region_id": 4,
		"region_name": "Johto",
		"location": "Safari Zone",
		"min_level": 28,
		"max_level": 31,
		"rarity": "Rare"
	},
	{
		"type": "Cave",
		"region_id": 4,
		"region_name": "Johto",
		"location": "Team Rocket HQ",
		"min_level": 22,
		"max_level": 24,
		"rarity": "Horde"
	},
	{
		"type": "Cave",
		"region_id": 4,
		"region_name": "Johto",
		"location": "Team Rocket HQ",
		"min_level": 25,
		"max_level": 28,
		"rarity": "Very Common"
	},
	{
		"type": "Rocks",
		"region_id": 4,
		"region_name": "Johto",
		"location": "Tohjo Falls",
		"min_level": 38,
		"max_level": 40,
		"rarity": "Common"
	},
	{
		"type": "Cave",
		"region_id": 4,
		"region_name": "Johto",
		"location": "Union Cave",
		"min_level": 9,
		"max_level": 25,
		"rarity": "Common"
	},
	{
		"type": "Rocks",
		"region_id": 4,
		"region_name": "Johto",
		"location": "Victory Road",
		"min_level": 42,
		"max_level": 44,
		"rarity": "Uncommon"
	},
	{
		"type": "Rocks",
		"region_id": 4,
		"region_name": "Johto",
		"location": "Violet City",
		"min_level": 8,
		"max_level": 9,
		"rarity": "Very Common"
	}
]
}