{
"id": 82,
"name": "Magneton",
"exp_type": "MEDIUM_FAST",
"obtainable": true,
"gender_ratio": 255,
"height": 10,
"weight": 600,
"egg_groups": [
	"genderless"
],
"abilities": [
	{
		"id": 42,
		"name": "Magnet Pull"
	},
	{
		"id": 5,
		"name": "Sturdy"
	},
	{
		"id": 148,
		"name": "Analytic"
	}
],
"forms": [
	{
		"form_id": 0,
		"id": 82,
		"name": "Magneton"
	}
],
"evolutions": [
	{
		"id": 462,
		"name": "Magnezone",
		"type": "LEVEL_LOCATION_1",
		"val": 0
	}
],
"moves": [
	{
		"id": 33,
		"name": "Tackle",
		"type": "level",
		"level": 1
	},
	{
		"id": 48,
		"name": "Supersonic",
		"type": "level",
		"level": 1
	},
	{
		"id": 84,
		"name": "ThunderShock",
		"type": "level",
		"level": 1
	},
	{
		"id": 86,
		"name": "Thunder Wave",
		"type": "level",
		"level": 1
	},
	{
		"id": 161,
		"name": "Tri Attack",
		"type": "level",
		"level": 1
	},
	{
		"id": 192,
		"name": "Zap Cannon",
		"type": "level",
		"level": 1
	},
	{
		"id": 443,
		"name": "Magnet Bomb",
		"type": "level",
		"level": 1
	},
	{
		"id": 84,
		"name": "ThunderShock",
		"type": "level",
		"level": 5
	},
	{
		"id": 33,
		"name": "Tackle",
		"type": "level",
		"level": 6
	},
	{
		"id": 443,
		"name": "Magnet Bomb",
		"type": "level",
		"level": 7
	},
	{
		"id": 86,
		"name": "Thunder Wave",
		"type": "level",
		"level": 10
	},
	{
		"id": 486,
		"name": "Electro Ball",
		"type": "level",
		"level": 12
	},
	{
		"id": 49,
		"name": "SonicBoom",
		"type": "level",
		"level": 15
	},
	{
		"id": 360,
		"name": "Gyro Ball",
		"type": "level",
		"level": 16
	},
	{
		"id": 209,
		"name": "Spark",
		"type": "level",
		"level": 20
	},
	{
		"id": 113,
		"name": "Light Screen",
		"type": "level",
		"level": 20
	},
	{
		"id": 429,
		"name": "Mirror Shot",
		"type": "level",
		"level": 23
	},
	{
		"id": 103,
		"name": "Screech",
		"type": "level",
		"level": 24
	},
	{
		"id": 85,
		"name": "Thunderbolt",
		"type": "level",
		"level": 26
	},
	{
		"id": 393,
		"name": "Magnet Rise",
		"type": "level",
		"level": 28
	},
	{
		"id": 161,
		"name": "Tri Attack",
		"type": "level",
		"level": 30
	},
	{
		"id": 430,
		"name": "Flash Cannon",
		"type": "level",
		"level": 34
	},
	{
		"id": 129,
		"name": "Swift",
		"type": "level",
		"level": 35
	},
	{
		"id": 435,
		"name": "Discharge",
		"type": "level",
		"level": 40
	},
	{
		"id": 87,
		"name": "Thunder",
		"type": "level",
		"level": 43
	},
	{
		"id": 319,
		"name": "Metal Sound",
		"type": "level",
		"level": 46
	},
	{
		"id": 199,
		"name": "Lock-On",
		"type": "level",
		"level": 58
	},
	{
		"id": 192,
		"name": "Zap Cannon",
		"type": "level",
		"level": 64
	},
	{
		"id": 527,
		"name": "Electroweb",
		"type": "move_tutor"
	},
	{
		"id": 324,
		"name": "Signal Beam",
		"type": "move_tutor"
	},
	{
		"id": 173,
		"name": "Snore",
		"type": "move_tutor"
	},
	{
		"id": 393,
		"name": "Magnet Rise",
		"type": "move_tutor"
	},
	{
		"id": 277,
		"name": "Magic Coat",
		"type": "move_tutor"
	},
	{
		"id": 287,
		"name": "Refresh",
		"type": "special_moves"
	},
	{
		"id": 117,
		"name": "Bide",
		"type": "move_learner_tools"
	},
	{
		"id": 214,
		"name": "Sleep Talk",
		"type": "move_learner_tools"
	},
	{
		"id": 270,
		"name": "Helping Hand",
		"type": "move_learner_tools"
	},
	{
		"id": 268,
		"name": "Charge",
		"type": "move_learner_tools"
	},
	{
		"id": 129,
		"name": "Swift",
		"type": "move_learner_tools"
	},
	{
		"id": 263,
		"name": "Facade",
		"type": "move_learner_tools"
	},
	{
		"id": 528,
		"name": "Wild Charge",
		"type": "move_learner_tools"
	},
	{
		"id": 153,
		"name": "Explosion",
		"type": "move_learner_tools"
	},
	{
		"id": 113,
		"name": "Light Screen",
		"type": "move_learner_tools"
	},
	{
		"id": 156,
		"name": "Rest",
		"type": "move_learner_tools"
	},
	{
		"id": 521,
		"name": "Volt Switch",
		"type": "move_learner_tools"
	},
	{
		"id": 109,
		"name": "Confuse Ray",
		"type": "move_learner_tools"
	},
	{
		"id": 244,
		"name": "Psych Up",
		"type": "move_learner_tools"
	},
	{
		"id": 241,
		"name": "Sunny Day",
		"type": "move_learner_tools"
	},
	{
		"id": 240,
		"name": "Rain Dance",
		"type": "move_learner_tools"
	},
	{
		"id": 102,
		"name": "Mimic",
		"type": "move_learner_tools"
	},
	{
		"id": 237,
		"name": "Hidden Power",
		"type": "move_learner_tools"
	},
	{
		"id": 99,
		"name": "Rage",
		"type": "move_learner_tools"
	},
	{
		"id": 97,
		"name": "Agility",
		"type": "move_learner_tools"
	},
	{
		"id": 92,
		"name": "Toxic",
		"type": "move_learner_tools"
	},
	{
		"id": 363,
		"name": "Natural Gift",
		"type": "move_learner_tools"
	},
	{
		"id": 87,
		"name": "Thunder",
		"type": "move_learner_tools"
	},
	{
		"id": 360,
		"name": "Gyro Ball",
		"type": "move_learner_tools"
	},
	{
		"id": 496,
		"name": "Round",
		"type": "move_learner_tools"
	},
	{
		"id": 356,
		"name": "Gravity",
		"type": "move_learner_tools"
	},
	{
		"id": 218,
		"name": "Frustration",
		"type": "move_learner_tools"
	},
	{
		"id": 216,
		"name": "Return",
		"type": "move_learner_tools"
	},
	{
		"id": 351,
		"name": "Shock Wave",
		"type": "move_learner_tools"
	},
	{
		"id": 486,
		"name": "Electro Ball",
		"type": "move_learner_tools"
	},
	{
		"id": 484,
		"name": "Heavy Slam",
		"type": "move_learner_tools"
	},
	{
		"id": 63,
		"name": "Hyper Beam",
		"type": "move_learner_tools"
	},
	{
		"id": 207,
		"name": "Swagger",
		"type": "move_learner_tools"
	},
	{
		"id": 205,
		"name": "Rollout",
		"type": "move_learner_tools"
	},
	{
		"id": 203,
		"name": "Endure",
		"type": "move_learner_tools"
	},
	{
		"id": 201,
		"name": "Sandstorm",
		"type": "move_learner_tools"
	},
	{
		"id": 104,
		"name": "Double Team",
		"type": "move_learner_tools"
	},
	{
		"id": 334,
		"name": "Iron Defense",
		"type": "move_learner_tools"
	},
	{
		"id": 192,
		"name": "Zap Cannon",
		"type": "move_learner_tools"
	},
	{
		"id": 85,
		"name": "Thunderbolt",
		"type": "move_learner_tools"
	},
	{
		"id": 86,
		"name": "Thunder Wave",
		"type": "move_learner_tools"
	},
	{
		"id": 182,
		"name": "Protect",
		"type": "move_learner_tools"
	},
	{
		"id": 451,
		"name": "Charge Beam",
		"type": "move_learner_tools"
	},
	{
		"id": 38,
		"name": "Double-Edge",
		"type": "move_learner_tools"
	},
	{
		"id": 174,
		"name": "Curse",
		"type": "move_learner_tools"
	},
	{
		"id": 36,
		"name": "Take Down",
		"type": "move_learner_tools"
	},
	{
		"id": 100,
		"name": "Teleport",
		"type": "move_learner_tools"
	},
	{
		"id": 103,
		"name": "Screech",
		"type": "move_learner_tools"
	},
	{
		"id": 442,
		"name": "Iron Head",
		"type": "move_learner_tools"
	},
	{
		"id": 29,
		"name": "Headbutt",
		"type": "move_learner_tools"
	},
	{
		"id": 164,
		"name": "Substitute",
		"type": "move_learner_tools"
	},
	{
		"id": 161,
		"name": "Tri Attack",
		"type": "move_learner_tools"
	},
	{
		"id": 115,
		"name": "Reflect",
		"type": "move_learner_tools"
	},
	{
		"id": 430,
		"name": "Flash Cannon",
		"type": "move_learner_tools"
	},
	{
		"id": 290,
		"name": "Secret Power",
		"type": "move_learner_tools"
	},
	{
		"id": 148,
		"name": "Flash",
		"type": "move_learner_tools"
	},
	{
		"id": 416,
		"name": "Giga Impact",
		"type": "move_learner_tools"
	},
	{
		"id": 278,
		"name": "Recycle",
		"type": "move_learner_tools"
	},
	{
		"id": 161,
		"name": "Tri Attack",
		"type": "on_evolution"
	}
],
"types": [
	"ELECTRIC",
	"STEEL"
],
"stats": {
	"hp": 50,
	"attack": 60,
	"defense": 95,
	"speed": 70,
	"sp_attack": 120,
	"sp_defense": 70
},
"yields": {
	"exp": 163,
	"ev_hp": 0,
	"ev_attack": 0,
	"ev_defense": 0,
	"ev_speed": 0,
	"ev_sp_attack": 2,
	"ev_sp_defense": 0
},
"tiers": [
	"Under Used"
],
"held_items": [
	{
		"id": 5233,
		"name": "Metal Coat"
	},
	{
		"id": 5242,
		"name": "Magnet"
	}
],
"locations": [
	{
		"type": "Cave",
		"region_id": 0,
		"region_name": "Kanto",
		"location": "CERULEAN CAVE",
		"min_level": 54,
		"max_level": 60,
		"rarity": "Uncommon"
	},
	{
		"type": "Inside",
		"region_id": 0,
		"region_name": "Kanto",
		"location": "POWER PLANT",
		"min_level": 31,
		"max_level": 34,
		"rarity": "Rare"
	},
	{
		"type": "Grass",
		"region_id": 3,
		"region_name": "Sinnoh",
		"location": "Route 222",
		"min_level": 41,
		"max_level": 41,
		"rarity": "Rare"
	},
	{
		"type": "Cave",
		"region_id": 3,
		"region_name": "Sinnoh",
		"location": "Victory Road",
		"min_level": 41,
		"max_level": 43,
		"rarity": "Uncommon"
	},
	{
		"type": "Cave",
		"region_id": 4,
		"region_name": "Johto",
		"location": "Safari Zone",
		"min_level": 30,
		"max_level": 31,
		"rarity": "Rare"
	}
]
}