{
"id": 89,
"name": "Muk",
"exp_type": "MEDIUM_FAST",
"obtainable": true,
"gender_ratio": 127,
"height": 12,
"weight": 300,
"egg_groups": [
	"chaos"
],
"abilities": [
	{
		"id": 1,
		"name": "Stench"
	},
	{
		"id": 60,
		"name": "Sticky Hold"
	},
	{
		"id": 143,
		"name": "Poison Touch"
	}
],
"forms": [
	{
		"form_id": 0,
		"id": 89,
		"name": "Muk"
	}
],
"evolutions": [],
"moves": [
	{
		"id": 1,
		"name": "Pound",
		"type": "level",
		"level": 1
	},
	{
		"id": 106,
		"name": "Harden",
		"type": "level",
		"level": 1
	},
	{
		"id": 139,
		"name": "Poison Gas",
		"type": "level",
		"level": 1
	},
	{
		"id": 189,
		"name": "Mud-Slap",
		"type": "level",
		"level": 1
	},
	{
		"id": 114,
		"name": "Haze",
		"type": "level",
		"level": 1
	},
	{
		"id": 107,
		"name": "Minimize",
		"type": "level",
		"level": 1
	},
	{
		"id": 106,
		"name": "Harden",
		"type": "level",
		"level": 4
	},
	{
		"id": 189,
		"name": "Mud-Slap",
		"type": "level",
		"level": 7
	},
	{
		"id": 50,
		"name": "Disable",
		"type": "level",
		"level": 12
	},
	{
		"id": 107,
		"name": "Minimize",
		"type": "level",
		"level": 12
	},
	{
		"id": 124,
		"name": "Sludge",
		"type": "level",
		"level": 15
	},
	{
		"id": 426,
		"name": "Mud Bomb",
		"type": "level",
		"level": 18
	},
	{
		"id": 123,
		"name": "Smog",
		"type": "level",
		"level": 18
	},
	{
		"id": 341,
		"name": "Mud Shot",
		"type": "level",
		"level": 18
	},
	{
		"id": 374,
		"name": "Fling",
		"type": "level",
		"level": 26
	},
	{
		"id": 92,
		"name": "Toxic",
		"type": "level",
		"level": 26
	},
	{
		"id": 188,
		"name": "Sludge Bomb",
		"type": "level",
		"level": 29
	},
	{
		"id": 103,
		"name": "Screech",
		"type": "level",
		"level": 30
	},
	{
		"id": 482,
		"name": "Sludge Wave",
		"type": "level",
		"level": 32
	},
	{
		"id": 441,
		"name": "Gunk Shot",
		"type": "level",
		"level": 40
	},
	{
		"id": 151,
		"name": "Acid Armor",
		"type": "level",
		"level": 46
	},
	{
		"id": 262,
		"name": "Memento",
		"type": "level",
		"level": 57
	},
	{
		"id": 335,
		"name": "Block",
		"type": "move_tutor"
	},
	{
		"id": 173,
		"name": "Snore",
		"type": "move_tutor"
	},
	{
		"id": 220,
		"name": "Pain Split",
		"type": "move_tutor"
	},
	{
		"id": 51,
		"name": "Acid",
		"type": "special_moves"
	},
	{
		"id": 156,
		"name": "Rest",
		"type": "move_learner_tools"
	},
	{
		"id": 282,
		"name": "Knock Off",
		"type": "move_learner_tools"
	},
	{
		"id": 157,
		"name": "Rock Slide",
		"type": "move_learner_tools"
	},
	{
		"id": 482,
		"name": "Sludge Wave",
		"type": "move_learner_tools"
	},
	{
		"id": 317,
		"name": "Rock Tomb",
		"type": "move_learner_tools"
	},
	{
		"id": 153,
		"name": "Explosion",
		"type": "move_learner_tools"
	},
	{
		"id": 474,
		"name": "Venoshock",
		"type": "move_learner_tools"
	},
	{
		"id": 7,
		"name": "Fire Punch",
		"type": "move_learner_tools"
	},
	{
		"id": 180,
		"name": "Spite",
		"type": "move_learner_tools"
	},
	{
		"id": 184,
		"name": "Scary Face",
		"type": "move_learner_tools"
	},
	{
		"id": 188,
		"name": "Sludge Bomb",
		"type": "move_learner_tools"
	},
	{
		"id": 129,
		"name": "Swift",
		"type": "move_learner_tools"
	},
	{
		"id": 290,
		"name": "Secret Power",
		"type": "move_learner_tools"
	},
	{
		"id": 126,
		"name": "Fire Blast",
		"type": "move_learner_tools"
	},
	{
		"id": 286,
		"name": "Imprison",
		"type": "move_learner_tools"
	},
	{
		"id": 120,
		"name": "Selfdestruct",
		"type": "move_learner_tools"
	},
	{
		"id": 445,
		"name": "Captivate",
		"type": "move_learner_tools"
	},
	{
		"id": 118,
		"name": "Metronome",
		"type": "move_learner_tools"
	},
	{
		"id": 280,
		"name": "Brick Break",
		"type": "move_learner_tools"
	},
	{
		"id": 441,
		"name": "Gunk Shot",
		"type": "move_learner_tools"
	},
	{
		"id": 114,
		"name": "Haze",
		"type": "move_learner_tools"
	},
	{
		"id": 109,
		"name": "Confuse Ray",
		"type": "move_learner_tools"
	},
	{
		"id": 53,
		"name": "Flamethrower",
		"type": "move_learner_tools"
	},
	{
		"id": 270,
		"name": "Helping Hand",
		"type": "move_learner_tools"
	},
	{
		"id": 269,
		"name": "Taunt",
		"type": "move_learner_tools"
	},
	{
		"id": 104,
		"name": "Double Team",
		"type": "move_learner_tools"
	},
	{
		"id": 103,
		"name": "Screech",
		"type": "move_learner_tools"
	},
	{
		"id": 428,
		"name": "Zen Headbutt",
		"type": "move_learner_tools"
	},
	{
		"id": 264,
		"name": "Focus Punch",
		"type": "move_learner_tools"
	},
	{
		"id": 263,
		"name": "Facade",
		"type": "move_learner_tools"
	},
	{
		"id": 99,
		"name": "Rage",
		"type": "move_learner_tools"
	},
	{
		"id": 259,
		"name": "Torment",
		"type": "move_learner_tools"
	},
	{
		"id": 92,
		"name": "Toxic",
		"type": "move_learner_tools"
	},
	{
		"id": 91,
		"name": "Dig",
		"type": "move_learner_tools"
	},
	{
		"id": 416,
		"name": "Giga Impact",
		"type": "move_learner_tools"
	},
	{
		"id": 117,
		"name": "Bide",
		"type": "move_learner_tools"
	},
	{
		"id": 87,
		"name": "Thunder",
		"type": "move_learner_tools"
	},
	{
		"id": 249,
		"name": "Rock Smash",
		"type": "move_learner_tools"
	},
	{
		"id": 411,
		"name": "Focus Blast",
		"type": "move_learner_tools"
	},
	{
		"id": 247,
		"name": "Shadow Ball",
		"type": "move_learner_tools"
	},
	{
		"id": 409,
		"name": "Drain Punch",
		"type": "move_learner_tools"
	},
	{
		"id": 241,
		"name": "Sunny Day",
		"type": "move_learner_tools"
	},
	{
		"id": 240,
		"name": "Rain Dance",
		"type": "move_learner_tools"
	},
	{
		"id": 85,
		"name": "Thunderbolt",
		"type": "move_learner_tools"
	},
	{
		"id": 237,
		"name": "Hidden Power",
		"type": "move_learner_tools"
	},
	{
		"id": 399,
		"name": "Dark Pulse",
		"type": "move_learner_tools"
	},
	{
		"id": 398,
		"name": "Poison Jab",
		"type": "move_learner_tools"
	},
	{
		"id": 70,
		"name": "Strength",
		"type": "move_learner_tools"
	},
	{
		"id": 390,
		"name": "Toxic Spikes",
		"type": "move_learner_tools"
	},
	{
		"id": 63,
		"name": "Hyper Beam",
		"type": "move_learner_tools"
	},
	{
		"id": 223,
		"name": "DynamicPunch",
		"type": "move_learner_tools"
	},
	{
		"id": 102,
		"name": "Mimic",
		"type": "move_learner_tools"
	},
	{
		"id": 218,
		"name": "Frustration",
		"type": "move_learner_tools"
	},
	{
		"id": 216,
		"name": "Return",
		"type": "move_learner_tools"
	},
	{
		"id": 214,
		"name": "Sleep Talk",
		"type": "move_learner_tools"
	},
	{
		"id": 213,
		"name": "Attract",
		"type": "move_learner_tools"
	},
	{
		"id": 374,
		"name": "Fling",
		"type": "move_learner_tools"
	},
	{
		"id": 371,
		"name": "Payback",
		"type": "move_learner_tools"
	},
	{
		"id": 207,
		"name": "Swagger",
		"type": "move_learner_tools"
	},
	{
		"id": 29,
		"name": "Headbutt",
		"type": "move_learner_tools"
	},
	{
		"id": 203,
		"name": "Endure",
		"type": "move_learner_tools"
	},
	{
		"id": 202,
		"name": "Giga Drain",
		"type": "move_learner_tools"
	},
	{
		"id": 201,
		"name": "Sandstorm",
		"type": "move_learner_tools"
	},
	{
		"id": 363,
		"name": "Natural Gift",
		"type": "move_learner_tools"
	},
	{
		"id": 36,
		"name": "Take Down",
		"type": "move_learner_tools"
	},
	{
		"id": 34,
		"name": "Body Slam",
		"type": "move_learner_tools"
	},
	{
		"id": 192,
		"name": "Zap Cannon",
		"type": "move_learner_tools"
	},
	{
		"id": 189,
		"name": "Mud-Slap",
		"type": "move_learner_tools"
	},
	{
		"id": 351,
		"name": "Shock Wave",
		"type": "move_learner_tools"
	},
	{
		"id": 510,
		"name": "Incinerate",
		"type": "move_learner_tools"
	},
	{
		"id": 182,
		"name": "Protect",
		"type": "move_learner_tools"
	},
	{
		"id": 506,
		"name": "Hex",
		"type": "move_learner_tools"
	},
	{
		"id": 72,
		"name": "Mega Drain",
		"type": "move_learner_tools"
	},
	{
		"id": 341,
		"name": "Mud Shot",
		"type": "move_learner_tools"
	},
	{
		"id": 174,
		"name": "Curse",
		"type": "move_learner_tools"
	},
	{
		"id": 9,
		"name": "ThunderPunch",
		"type": "move_learner_tools"
	},
	{
		"id": 8,
		"name": "Ice Punch",
		"type": "move_learner_tools"
	},
	{
		"id": 496,
		"name": "Round",
		"type": "move_learner_tools"
	},
	{
		"id": 168,
		"name": "Thief",
		"type": "move_learner_tools"
	},
	{
		"id": 491,
		"name": "Acid Spray",
		"type": "move_learner_tools"
	},
	{
		"id": 164,
		"name": "Substitute",
		"type": "move_learner_tools"
	}
],
"types": [
	"POISON",
	"POISON"
],
"stats": {
	"hp": 105,
	"attack": 105,
	"defense": 75,
	"speed": 50,
	"sp_attack": 65,
	"sp_defense": 100
},
"yields": {
	"exp": 175,
	"ev_hp": 1,
	"ev_attack": 1,
	"ev_defense": 0,
	"ev_speed": 0,
	"ev_sp_attack": 0,
	"ev_sp_defense": 0
},
"tiers": [
	"Untiered"
],
"held_items": [
	{
		"id": 5092,
		"name": "Nugget"
	},
	{
		"id": 5281,
		"name": "Black Sludge"
	},
	{
		"id": 5272,
		"name": "Toxic Orb"
	}
],
"locations": [
	{
		"type": "Water",
		"region_id": 0,
		"region_name": "Kanto",
		"location": "CELADON CITY",
		"min_level": 38,
		"max_level": 38,
		"rarity": "Rare"
	},
	{
		"type": "Inside",
		"region_id": 0,
		"region_name": "Kanto",
		"location": "POKéMON MANSION",
		"min_level": 38,
		"max_level": 38,
		"rarity": "Rare"
	},
	{
		"type": "Inside",
		"region_id": 0,
		"region_name": "Kanto",
		"location": "POWER PLANT",
		"min_level": 38,
		"max_level": 38,
		"rarity": "Rare"
	}
]
}