{
"id": 95,
"name": "Onix",
"exp_type": "MEDIUM_FAST",
"obtainable": true,
"gender_ratio": 127,
"height": 88,
"weight": 2100,
"egg_groups": [
	"mineral"
],
"abilities": [
	{
		"id": 69,
		"name": "Rock Head"
	},
	{
		"id": 5,
		"name": "Sturdy"
	},
	{
		"id": 133,
		"name": "Weak Armor"
	}
],
"forms": [
	{
		"form_id": 0,
		"id": 95,
		"name": "Onix"
	}
],
"evolutions": [
	{
		"id": 208,
		"name": "Steelix",
		"type": "TRADE_WITH_ITEM",
		"val": 5233,
		"item_name": "Metal Coat"
	}
],
"moves": [
	{
		"id": 20,
		"name": "Bind",
		"type": "level",
		"level": 1
	},
	{
		"id": 33,
		"name": "Tackle",
		"type": "level",
		"level": 1
	},
	{
		"id": 88,
		"name": "Rock Throw",
		"type": "level",
		"level": 1
	},
	{
		"id": 106,
		"name": "Harden",
		"type": "level",
		"level": 1
	},
	{
		"id": 300,
		"name": "Mud Sport",
		"type": "level",
		"level": 1
	},
	{
		"id": 205,
		"name": "Rollout",
		"type": "level",
		"level": 1
	},
	{
		"id": 479,
		"name": "Smack Down",
		"type": "level",
		"level": 4
	},
	{
		"id": 446,
		"name": "Stealth Rock",
		"type": "level",
		"level": 5
	},
	{
		"id": 33,
		"name": "Tackle",
		"type": "level",
		"level": 6
	},
	{
		"id": 88,
		"name": "Rock Throw",
		"type": "level",
		"level": 7
	},
	{
		"id": 397,
		"name": "Rock Polish",
		"type": "level",
		"level": 8
	},
	{
		"id": 317,
		"name": "Rock Tomb",
		"type": "level",
		"level": 10
	},
	{
		"id": 99,
		"name": "Rage",
		"type": "level",
		"level": 10
	},
	{
		"id": 523,
		"name": "Bulldoze",
		"type": "level",
		"level": 11
	},
	{
		"id": 225,
		"name": "DragonBreath",
		"type": "level",
		"level": 12
	},
	{
		"id": 103,
		"name": "Screech",
		"type": "level",
		"level": 15
	},
	{
		"id": 174,
		"name": "Curse",
		"type": "level",
		"level": 16
	},
	{
		"id": 157,
		"name": "Rock Slide",
		"type": "level",
		"level": 20
	},
	{
		"id": 360,
		"name": "Gyro Ball",
		"type": "level",
		"level": 20
	},
	{
		"id": 91,
		"name": "Dig",
		"type": "level",
		"level": 20
	},
	{
		"id": 21,
		"name": "Slam",
		"type": "level",
		"level": 25
	},
	{
		"id": 328,
		"name": "Sand Tomb",
		"type": "level",
		"level": 28
	},
	{
		"id": 89,
		"name": "Earthquake",
		"type": "level",
		"level": 35
	},
	{
		"id": 201,
		"name": "Sandstorm",
		"type": "level",
		"level": 40
	},
	{
		"id": 231,
		"name": "Iron Tail",
		"type": "level",
		"level": 40
	},
	{
		"id": 38,
		"name": "Double-Edge",
		"type": "level",
		"level": 45
	},
	{
		"id": 444,
		"name": "Stone Edge",
		"type": "level",
		"level": 52
	},
	{
		"id": 457,
		"name": "Head Smash",
		"type": "egg_moves"
	},
	{
		"id": 175,
		"name": "Flail",
		"type": "egg_moves"
	},
	{
		"id": 469,
		"name": "Wide Guard",
		"type": "egg_moves"
	},
	{
		"id": 20,
		"name": "Bind",
		"type": "move_tutor"
	},
	{
		"id": 111,
		"name": "Defense Curl",
		"type": "move_tutor"
	},
	{
		"id": 246,
		"name": "AncientPower",
		"type": "move_tutor"
	},
	{
		"id": 335,
		"name": "Block",
		"type": "move_tutor"
	},
	{
		"id": 173,
		"name": "Snore",
		"type": "move_tutor"
	},
	{
		"id": 239,
		"name": "Twister",
		"type": "move_tutor"
	},
	{
		"id": 159,
		"name": "Sharpen",
		"type": "special_moves"
	},
	{
		"id": 104,
		"name": "Double Team",
		"type": "move_learner_tools"
	},
	{
		"id": 269,
		"name": "Taunt",
		"type": "move_learner_tools"
	},
	{
		"id": 406,
		"name": "Dragon Pulse",
		"type": "move_learner_tools"
	},
	{
		"id": 267,
		"name": "Nature Power",
		"type": "move_learner_tools"
	},
	{
		"id": 263,
		"name": "Facade",
		"type": "move_learner_tools"
	},
	{
		"id": 397,
		"name": "Rock Polish",
		"type": "move_learner_tools"
	},
	{
		"id": 259,
		"name": "Torment",
		"type": "move_learner_tools"
	},
	{
		"id": 120,
		"name": "Selfdestruct",
		"type": "move_learner_tools"
	},
	{
		"id": 529,
		"name": "Drill Run",
		"type": "move_learner_tools"
	},
	{
		"id": 117,
		"name": "Bide",
		"type": "move_learner_tools"
	},
	{
		"id": 153,
		"name": "Explosion",
		"type": "move_learner_tools"
	},
	{
		"id": 525,
		"name": "Dragon Tail",
		"type": "move_learner_tools"
	},
	{
		"id": 523,
		"name": "Bulldoze",
		"type": "move_learner_tools"
	},
	{
		"id": 157,
		"name": "Rock Slide",
		"type": "move_learner_tools"
	},
	{
		"id": 244,
		"name": "Psych Up",
		"type": "move_learner_tools"
	},
	{
		"id": 241,
		"name": "Sunny Day",
		"type": "move_learner_tools"
	},
	{
		"id": 103,
		"name": "Screech",
		"type": "move_learner_tools"
	},
	{
		"id": 102,
		"name": "Mimic",
		"type": "move_learner_tools"
	},
	{
		"id": 34,
		"name": "Body Slam",
		"type": "move_learner_tools"
	},
	{
		"id": 237,
		"name": "Hidden Power",
		"type": "move_learner_tools"
	},
	{
		"id": 99,
		"name": "Rage",
		"type": "move_learner_tools"
	},
	{
		"id": 371,
		"name": "Payback",
		"type": "move_learner_tools"
	},
	{
		"id": 231,
		"name": "Iron Tail",
		"type": "move_learner_tools"
	},
	{
		"id": 92,
		"name": "Toxic",
		"type": "move_learner_tools"
	},
	{
		"id": 91,
		"name": "Dig",
		"type": "move_learner_tools"
	},
	{
		"id": 156,
		"name": "Rest",
		"type": "move_learner_tools"
	},
	{
		"id": 363,
		"name": "Natural Gift",
		"type": "move_learner_tools"
	},
	{
		"id": 225,
		"name": "DragonBreath",
		"type": "move_learner_tools"
	},
	{
		"id": 360,
		"name": "Gyro Ball",
		"type": "move_learner_tools"
	},
	{
		"id": 496,
		"name": "Round",
		"type": "move_learner_tools"
	},
	{
		"id": 218,
		"name": "Frustration",
		"type": "move_learner_tools"
	},
	{
		"id": 216,
		"name": "Return",
		"type": "move_learner_tools"
	},
	{
		"id": 214,
		"name": "Sleep Talk",
		"type": "move_learner_tools"
	},
	{
		"id": 350,
		"name": "Rock Blast",
		"type": "move_learner_tools"
	},
	{
		"id": 349,
		"name": "Dragon Dance",
		"type": "move_learner_tools"
	},
	{
		"id": 484,
		"name": "Heavy Slam",
		"type": "move_learner_tools"
	},
	{
		"id": 207,
		"name": "Swagger",
		"type": "move_learner_tools"
	},
	{
		"id": 479,
		"name": "Smack Down",
		"type": "move_learner_tools"
	},
	{
		"id": 203,
		"name": "Endure",
		"type": "move_learner_tools"
	},
	{
		"id": 70,
		"name": "Strength",
		"type": "move_learner_tools"
	},
	{
		"id": 201,
		"name": "Sandstorm",
		"type": "move_learner_tools"
	},
	{
		"id": 205,
		"name": "Rollout",
		"type": "move_learner_tools"
	},
	{
		"id": 213,
		"name": "Attract",
		"type": "move_learner_tools"
	},
	{
		"id": 328,
		"name": "Sand Tomb",
		"type": "move_learner_tools"
	},
	{
		"id": 189,
		"name": "Mud-Slap",
		"type": "move_learner_tools"
	},
	{
		"id": 184,
		"name": "Scary Face",
		"type": "move_learner_tools"
	},
	{
		"id": 89,
		"name": "Earthquake",
		"type": "move_learner_tools"
	},
	{
		"id": 182,
		"name": "Protect",
		"type": "move_learner_tools"
	},
	{
		"id": 317,
		"name": "Rock Tomb",
		"type": "move_learner_tools"
	},
	{
		"id": 46,
		"name": "Roar",
		"type": "move_learner_tools"
	},
	{
		"id": 249,
		"name": "Rock Smash",
		"type": "move_learner_tools"
	},
	{
		"id": 38,
		"name": "Double-Edge",
		"type": "move_learner_tools"
	},
	{
		"id": 174,
		"name": "Curse",
		"type": "move_learner_tools"
	},
	{
		"id": 36,
		"name": "Take Down",
		"type": "move_learner_tools"
	},
	{
		"id": 446,
		"name": "Stealth Rock",
		"type": "move_learner_tools"
	},
	{
		"id": 445,
		"name": "Captivate",
		"type": "move_learner_tools"
	},
	{
		"id": 444,
		"name": "Stone Edge",
		"type": "move_learner_tools"
	},
	{
		"id": 442,
		"name": "Iron Head",
		"type": "move_learner_tools"
	},
	{
		"id": 29,
		"name": "Headbutt",
		"type": "move_learner_tools"
	},
	{
		"id": 164,
		"name": "Substitute",
		"type": "move_learner_tools"
	},
	{
		"id": 431,
		"name": "Rock Climb",
		"type": "move_learner_tools"
	},
	{
		"id": 430,
		"name": "Flash Cannon",
		"type": "move_learner_tools"
	},
	{
		"id": 290,
		"name": "Secret Power",
		"type": "move_learner_tools"
	},
	{
		"id": 414,
		"name": "Earth Power",
		"type": "move_learner_tools"
	},
	{
		"id": 90,
		"name": "Fissure",
		"type": "move_learner_tools"
	}
],
"types": [
	"ROCK",
	"GROUND"
],
"stats": {
	"hp": 35,
	"attack": 45,
	"defense": 160,
	"speed": 70,
	"sp_attack": 30,
	"sp_defense": 45
},
"yields": {
	"exp": 77,
	"ev_hp": 0,
	"ev_attack": 0,
	"ev_defense": 1,
	"ev_speed": 0,
	"ev_sp_attack": 0,
	"ev_sp_defense": 0
},
"tiers": [
	"Untiered"
],
"held_items": [
	{
		"id": 5238,
		"name": "Hard Stone"
	},
	{
		"id": 5279,
		"name": "Lagging Tail"
	},
	{
		"id": 5233,
		"name": "Metal Coat"
	}
],
"locations": [
	{
		"type": "Cave",
		"region_id": 0,
		"region_name": "Kanto",
		"location": "MT. MOON",
		"min_level": 7,
		"max_level": 10,
		"rarity": "Rare"
	},
	{
		"type": "Cave",
		"region_id": 0,
		"region_name": "Kanto",
		"location": "ROCK TUNNEL",
		"min_level": 13,
		"max_level": 15,
		"rarity": "Horde"
	},
	{
		"type": "Cave",
		"region_id": 0,
		"region_name": "Kanto",
		"location": "ROCK TUNNEL",
		"min_level": 15,
		"max_level": 17,
		"rarity": "Rare"
	},
	{
		"type": "Grass",
		"region_id": 0,
		"region_name": "Kanto",
		"location": "SEVAULT CANYON",
		"min_level": 50,
		"max_level": 52,
		"rarity": "Rare"
	},
	{
		"type": "Cave",
		"region_id": 0,
		"region_name": "Kanto",
		"location": "VICTORY ROAD",
		"min_level": 40,
		"max_level": 48,
		"rarity": "Uncommon"
	},
	{
		"type": "Cave",
		"region_id": 0,
		"region_name": "Kanto",
		"location": "VICTORY ROAD",
		"min_level": 42,
		"max_level": 44,
		"rarity": "Horde"
	},
	{
		"type": "Cave",
		"region_id": 2,
		"region_name": "Unova",
		"location": "Relic Castle",
		"min_level": 45,
		"max_level": 47,
		"rarity": "Horde"
	},
	{
		"type": "Cave",
		"region_id": 2,
		"region_name": "Unova",
		"location": "Relic Castle",
		"min_level": 47,
		"max_level": 49,
		"rarity": "Rare"
	},
	{
		"type": "Cave",
		"region_id": 3,
		"region_name": "Sinnoh",
		"location": "Iron Island",
		"min_level": 29,
		"max_level": 33,
		"rarity": "Horde"
	},
	{
		"type": "Cave",
		"region_id": 3,
		"region_name": "Sinnoh",
		"location": "Iron Island",
		"min_level": 31,
		"max_level": 35,
		"rarity": "Uncommon"
	},
	{
		"type": "Cave",
		"region_id": 3,
		"region_name": "Sinnoh",
		"location": "Oreburgh Mine",
		"min_level": 8,
		"max_level": 9,
		"rarity": "Uncommon"
	},
	{
		"type": "Cave",
		"region_id": 3,
		"region_name": "Sinnoh",
		"location": "Snowpoint Temple",
		"min_level": 47,
		"max_level": 50,
		"rarity": "Horde"
	},
	{
		"type": "Cave",
		"region_id": 3,
		"region_name": "Sinnoh",
		"location": "Snowpoint Temple",
		"min_level": 50,
		"max_level": 54,
		"rarity": "Uncommon"
	},
	{
		"type": "Cave",
		"region_id": 3,
		"region_name": "Sinnoh",
		"location": "Stark Mountain",
		"min_level": 54,
		"max_level": 56,
		"rarity": "Rare"
	},
	{
		"type": "Cave",
		"region_id": 3,
		"region_name": "Sinnoh",
		"location": "Victory Road",
		"min_level": 41,
		"max_level": 50,
		"rarity": "Uncommon"
	},
	{
		"type": "Cave",
		"region_id": 3,
		"region_name": "Sinnoh",
		"location": "Wayward Cave",
		"min_level": 18,
		"max_level": 20,
		"rarity": "Uncommon"
	},
	{
		"type": "Cave",
		"region_id": 4,
		"region_name": "Johto",
		"location": "Cliff Cave",
		"min_level": 26,
		"max_level": 29,
		"rarity": "Uncommon"
	},
	{
		"type": "Cave",
		"region_id": 4,
		"region_name": "Johto",
		"location": "Mt. Silver Cave",
		"min_level": 63,
		"max_level": 67,
		"rarity": "Horde"
	},
	{
		"type": "Cave",
		"region_id": 4,
		"region_name": "Johto",
		"location": "Mt. Silver Cave",
		"min_level": 64,
		"max_level": 70,
		"rarity": "Uncommon"
	},
	{
		"type": "Grass",
		"region_id": 4,
		"region_name": "Johto",
		"location": "Mt. Silver Cave",
		"min_level": 65,
		"max_level": 67,
		"rarity": "Uncommon"
	},
	{
		"type": "Cave",
		"region_id": 4,
		"region_name": "Johto",
		"location": "Safari Zone",
		"min_level": 28,
		"max_level": 31,
		"rarity": "Rare"
	},
	{
		"type": "Cave",
		"region_id": 4,
		"region_name": "Johto",
		"location": "Union Cave",
		"min_level": 8,
		"max_level": 25,
		"rarity": "Uncommon"
	},
	{
		"type": "Cave",
		"region_id": 4,
		"region_name": "Johto",
		"location": "Victory Road",
		"min_level": 39,
		"max_level": 43,
		"rarity": "Uncommon"
	},
	{
		"type": "Cave",
		"region_id": 4,
		"region_name": "Johto",
		"location": "Victory Road",
		"min_level": 39,
		"max_level": 43,
		"rarity": "Uncommon"
	},
	{
		"type": "Cave",
		"region_id": 4,
		"region_name": "Johto",
		"location": "Victory Road",
		"min_level": 39,
		"max_level": 43,
		"rarity": "Uncommon"
	},
	{
		"type": "Cave",
		"region_id": 4,
		"region_name": "Johto",
		"location": "Victory Road",
		"min_level": 39,
		"max_level": 43,
		"rarity": "Common"
	}
]
}