{
"id": 97,
"name": "Hypno",
"exp_type": "MEDIUM_FAST",
"obtainable": true,
"gender_ratio": 127,
"height": 16,
"weight": 756,
"egg_groups": [
	"humanoid"
],
"abilities": [
	{
		"id": 15,
		"name": "Insomnia"
	},
	{
		"id": 108,
		"name": "Forewarn"
	},
	{
		"id": 39,
		"name": "Inner Focus"
	}
],
"forms": [
	{
		"form_id": 0,
		"id": 97,
		"name": "Hypno"
	}
],
"evolutions": [],
"moves": [
	{
		"id": 1,
		"name": "Pound",
		"type": "level",
		"level": 1
	},
	{
		"id": 50,
		"name": "Disable",
		"type": "level",
		"level": 1
	},
	{
		"id": 93,
		"name": "Confusion",
		"type": "level",
		"level": 1
	},
	{
		"id": 95,
		"name": "Hypnosis",
		"type": "level",
		"level": 1
	},
	{
		"id": 171,
		"name": "Nightmare",
		"type": "level",
		"level": 1
	},
	{
		"id": 248,
		"name": "Future Sight",
		"type": "level",
		"level": 1
	},
	{
		"id": 415,
		"name": "Switcheroo",
		"type": "level",
		"level": 1
	},
	{
		"id": 417,
		"name": "Nasty Plot",
		"type": "level",
		"level": 1
	},
	{
		"id": 112,
		"name": "Barrier",
		"type": "level",
		"level": 1
	},
	{
		"id": 50,
		"name": "Disable",
		"type": "level",
		"level": 4
	},
	{
		"id": 93,
		"name": "Confusion",
		"type": "level",
		"level": 9
	},
	{
		"id": 29,
		"name": "Headbutt",
		"type": "level",
		"level": 13
	},
	{
		"id": 139,
		"name": "Poison Gas",
		"type": "level",
		"level": 13
	},
	{
		"id": 96,
		"name": "Meditate",
		"type": "level",
		"level": 18
	},
	{
		"id": 95,
		"name": "Hypnosis",
		"type": "level",
		"level": 21
	},
	{
		"id": 60,
		"name": "Psybeam",
		"type": "level",
		"level": 21
	},
	{
		"id": 244,
		"name": "Psych Up",
		"type": "level",
		"level": 25
	},
	{
		"id": 358,
		"name": "Wake-Up Slap",
		"type": "level",
		"level": 29
	},
	{
		"id": 170,
		"name": "Mind Reader",
		"type": "level",
		"level": 29
	},
	{
		"id": 428,
		"name": "Zen Headbutt",
		"type": "level",
		"level": 32
	},
	{
		"id": 94,
		"name": "Psychic",
		"type": "level",
		"level": 36
	},
	{
		"id": 485,
		"name": "Synchronoise",
		"type": "level",
		"level": 37
	},
	{
		"id": 207,
		"name": "Swagger",
		"type": "level",
		"level": 37
	},
	{
		"id": 417,
		"name": "Nasty Plot",
		"type": "level",
		"level": 46
	},
	{
		"id": 473,
		"name": "Psyshock",
		"type": "level",
		"level": 51
	},
	{
		"id": 138,
		"name": "Dream Eater",
		"type": "level",
		"level": 55
	},
	{
		"id": 248,
		"name": "Future Sight",
		"type": "level",
		"level": 56
	},
	{
		"id": 272,
		"name": "Role Play",
		"type": "move_tutor"
	},
	{
		"id": 478,
		"name": "Magic Room",
		"type": "move_tutor"
	},
	{
		"id": 173,
		"name": "Snore",
		"type": "move_tutor"
	},
	{
		"id": 171,
		"name": "Nightmare",
		"type": "move_tutor"
	},
	{
		"id": 95,
		"name": "Hypnosis",
		"type": "move_tutor"
	},
	{
		"id": 324,
		"name": "Signal Beam",
		"type": "move_tutor"
	},
	{
		"id": 277,
		"name": "Magic Coat",
		"type": "move_tutor"
	},
	{
		"id": 273,
		"name": "Wish",
		"type": "special_moves"
	},
	{
		"id": 187,
		"name": "Belly Drum",
		"type": "special_moves"
	},
	{
		"id": 174,
		"name": "Curse",
		"type": "move_learner_tools"
	},
	{
		"id": 280,
		"name": "Brick Break",
		"type": "move_learner_tools"
	},
	{
		"id": 192,
		"name": "Zap Cannon",
		"type": "move_learner_tools"
	},
	{
		"id": 385,
		"name": "Guard Swap",
		"type": "move_learner_tools"
	},
	{
		"id": 102,
		"name": "Mimic",
		"type": "move_learner_tools"
	},
	{
		"id": 184,
		"name": "Scary Face",
		"type": "move_learner_tools"
	},
	{
		"id": 182,
		"name": "Protect",
		"type": "move_learner_tools"
	},
	{
		"id": 374,
		"name": "Fling",
		"type": "move_learner_tools"
	},
	{
		"id": 214,
		"name": "Sleep Talk",
		"type": "move_learner_tools"
	},
	{
		"id": 219,
		"name": "Safeguard",
		"type": "move_learner_tools"
	},
	{
		"id": 168,
		"name": "Thief",
		"type": "move_learner_tools"
	},
	{
		"id": 363,
		"name": "Natural Gift",
		"type": "move_learner_tools"
	},
	{
		"id": 164,
		"name": "Substitute",
		"type": "move_learner_tools"
	},
	{
		"id": 161,
		"name": "Tri Attack",
		"type": "move_learner_tools"
	},
	{
		"id": 156,
		"name": "Rest",
		"type": "move_learner_tools"
	},
	{
		"id": 347,
		"name": "Calm Mind",
		"type": "move_learner_tools"
	},
	{
		"id": 149,
		"name": "Psywave",
		"type": "move_learner_tools"
	},
	{
		"id": 148,
		"name": "Flash",
		"type": "move_learner_tools"
	},
	{
		"id": 248,
		"name": "Future Sight",
		"type": "move_learner_tools"
	},
	{
		"id": 138,
		"name": "Dream Eater",
		"type": "move_learner_tools"
	},
	{
		"id": 29,
		"name": "Headbutt",
		"type": "move_learner_tools"
	},
	{
		"id": 133,
		"name": "Amnesia",
		"type": "move_learner_tools"
	},
	{
		"id": 130,
		"name": "Skull Bash",
		"type": "move_learner_tools"
	},
	{
		"id": 129,
		"name": "Swift",
		"type": "move_learner_tools"
	},
	{
		"id": 67,
		"name": "Low Kick",
		"type": "move_learner_tools"
	},
	{
		"id": 34,
		"name": "Body Slam",
		"type": "move_learner_tools"
	},
	{
		"id": 66,
		"name": "Submission",
		"type": "move_learner_tools"
	},
	{
		"id": 118,
		"name": "Metronome",
		"type": "move_learner_tools"
	},
	{
		"id": 117,
		"name": "Bide",
		"type": "move_learner_tools"
	},
	{
		"id": 115,
		"name": "Reflect",
		"type": "move_learner_tools"
	},
	{
		"id": 114,
		"name": "Haze",
		"type": "move_learner_tools"
	},
	{
		"id": 113,
		"name": "Light Screen",
		"type": "move_learner_tools"
	},
	{
		"id": 506,
		"name": "Hex",
		"type": "move_learner_tools"
	},
	{
		"id": 109,
		"name": "Confuse Ray",
		"type": "move_learner_tools"
	},
	{
		"id": 502,
		"name": "Ally Switch",
		"type": "move_learner_tools"
	},
	{
		"id": 500,
		"name": "Stored Power",
		"type": "move_learner_tools"
	},
	{
		"id": 104,
		"name": "Double Team",
		"type": "move_learner_tools"
	},
	{
		"id": 92,
		"name": "Toxic",
		"type": "move_learner_tools"
	},
	{
		"id": 496,
		"name": "Round",
		"type": "move_learner_tools"
	},
	{
		"id": 101,
		"name": "Night Shade",
		"type": "move_learner_tools"
	},
	{
		"id": 100,
		"name": "Teleport",
		"type": "move_learner_tools"
	},
	{
		"id": 99,
		"name": "Rage",
		"type": "move_learner_tools"
	},
	{
		"id": 492,
		"name": "Foul Play",
		"type": "move_learner_tools"
	},
	{
		"id": 490,
		"name": "Low Sweep",
		"type": "move_learner_tools"
	},
	{
		"id": 94,
		"name": "Psychic",
		"type": "move_learner_tools"
	},
	{
		"id": 290,
		"name": "Secret Power",
		"type": "move_learner_tools"
	},
	{
		"id": 289,
		"name": "Snatch",
		"type": "move_learner_tools"
	},
	{
		"id": 286,
		"name": "Imprison",
		"type": "move_learner_tools"
	},
	{
		"id": 285,
		"name": "Skill Swap",
		"type": "move_learner_tools"
	},
	{
		"id": 86,
		"name": "Thunder Wave",
		"type": "move_learner_tools"
	},
	{
		"id": 282,
		"name": "Knock Off",
		"type": "move_learner_tools"
	},
	{
		"id": 477,
		"name": "Telekinesis",
		"type": "move_learner_tools"
	},
	{
		"id": 278,
		"name": "Recycle",
		"type": "move_learner_tools"
	},
	{
		"id": 473,
		"name": "Psyshock",
		"type": "move_learner_tools"
	},
	{
		"id": 271,
		"name": "Trick",
		"type": "move_learner_tools"
	},
	{
		"id": 270,
		"name": "Helping Hand",
		"type": "move_learner_tools"
	},
	{
		"id": 269,
		"name": "Taunt",
		"type": "move_learner_tools"
	},
	{
		"id": 69,
		"name": "Seismic Toss",
		"type": "move_learner_tools"
	},
	{
		"id": 68,
		"name": "Counter",
		"type": "move_learner_tools"
	},
	{
		"id": 264,
		"name": "Focus Punch",
		"type": "move_learner_tools"
	},
	{
		"id": 263,
		"name": "Facade",
		"type": "move_learner_tools"
	},
	{
		"id": 63,
		"name": "Hyper Beam",
		"type": "move_learner_tools"
	},
	{
		"id": 259,
		"name": "Torment",
		"type": "move_learner_tools"
	},
	{
		"id": 60,
		"name": "Psybeam",
		"type": "move_learner_tools"
	},
	{
		"id": 447,
		"name": "Grass Knot",
		"type": "move_learner_tools"
	},
	{
		"id": 445,
		"name": "Captivate",
		"type": "move_learner_tools"
	},
	{
		"id": 247,
		"name": "Shadow Ball",
		"type": "move_learner_tools"
	},
	{
		"id": 244,
		"name": "Psych Up",
		"type": "move_learner_tools"
	},
	{
		"id": 241,
		"name": "Sunny Day",
		"type": "move_learner_tools"
	},
	{
		"id": 240,
		"name": "Rain Dance",
		"type": "move_learner_tools"
	},
	{
		"id": 237,
		"name": "Hidden Power",
		"type": "move_learner_tools"
	},
	{
		"id": 433,
		"name": "Trick Room",
		"type": "move_learner_tools"
	},
	{
		"id": 38,
		"name": "Double-Edge",
		"type": "move_learner_tools"
	},
	{
		"id": 36,
		"name": "Take Down",
		"type": "move_learner_tools"
	},
	{
		"id": 428,
		"name": "Zen Headbutt",
		"type": "move_learner_tools"
	},
	{
		"id": 427,
		"name": "Psycho Cut",
		"type": "move_learner_tools"
	},
	{
		"id": 227,
		"name": "Encore",
		"type": "move_learner_tools"
	},
	{
		"id": 226,
		"name": "Baton Pass",
		"type": "move_learner_tools"
	},
	{
		"id": 223,
		"name": "DynamicPunch",
		"type": "move_learner_tools"
	},
	{
		"id": 25,
		"name": "Mega Kick",
		"type": "move_learner_tools"
	},
	{
		"id": 417,
		"name": "Nasty Plot",
		"type": "move_learner_tools"
	},
	{
		"id": 416,
		"name": "Giga Impact",
		"type": "move_learner_tools"
	},
	{
		"id": 218,
		"name": "Frustration",
		"type": "move_learner_tools"
	},
	{
		"id": 216,
		"name": "Return",
		"type": "move_learner_tools"
	},
	{
		"id": 411,
		"name": "Focus Blast",
		"type": "move_learner_tools"
	},
	{
		"id": 213,
		"name": "Attract",
		"type": "move_learner_tools"
	},
	{
		"id": 409,
		"name": "Drain Punch",
		"type": "move_learner_tools"
	},
	{
		"id": 207,
		"name": "Swagger",
		"type": "move_learner_tools"
	},
	{
		"id": 9,
		"name": "ThunderPunch",
		"type": "move_learner_tools"
	},
	{
		"id": 8,
		"name": "Ice Punch",
		"type": "move_learner_tools"
	},
	{
		"id": 7,
		"name": "Fire Punch",
		"type": "move_learner_tools"
	},
	{
		"id": 203,
		"name": "Endure",
		"type": "move_learner_tools"
	},
	{
		"id": 5,
		"name": "Mega Punch",
		"type": "move_learner_tools"
	}
],
"types": [
	"PSYCHIC",
	"PSYCHIC"
],
"stats": {
	"hp": 85,
	"attack": 73,
	"defense": 70,
	"speed": 67,
	"sp_attack": 73,
	"sp_defense": 115
},
"yields": {
	"exp": 169,
	"ev_hp": 0,
	"ev_attack": 0,
	"ev_defense": 0,
	"ev_speed": 0,
	"ev_sp_attack": 0,
	"ev_sp_defense": 2
},
"tiers": [
	"Untiered"
],
"held_items": [],
"locations": [
	{
		"type": "Grass",
		"region_id": 0,
		"region_name": "Kanto",
		"location": "BERRY FOREST",
		"min_level": 39,
		"max_level": 41,
		"rarity": "Horde"
	},
	{
		"type": "Grass",
		"region_id": 0,
		"region_name": "Kanto",
		"location": "BERRY FOREST",
		"min_level": 43,
		"max_level": 45,
		"rarity": "Rare"
	},
	{
		"type": "Cave",
		"region_id": 4,
		"region_name": "Johto",
		"location": "Safari Zone",
		"min_level": 28,
		"max_level": 31,
		"rarity": "Very Rare"
	}
]
}